x,y,species,dbh,status
142.15,178.85,Licania,22.7,A
82.1,231.72,Drypetes,144.0,A
275.94,295.46,Dipteryx,16.6,A
129.34,54.32,Alseis,16.2,A
363.16,213.38,Alseis,132.2,A
532.08,169.34,Beilschmiedia,15.5,A
11.94,4.83,Cordia,105.5,A
25.44,221.54,Garcinia,17.7,A
289.2,358.08,Aglaia,17.6,A
81.48,349.31,Aglaia,160.8,A
325.17,276.85,Calophyllum,,D
296.34,304.87,Calophyllum,122.1,A
181.88,105.09,Calophyllum,241.9,A
325.73,193.92,Guarea,33.1,A
544.68,155.98,Beilschmiedia,205.3,A
405.7,29.89,Inga,94.8,A
212.4,153.6,Aglaia,39.2,A
233.73,225.51,Garcinia,23.4,A
244.86,85.31,Jacaranda,14.0,A
147.75,127.19,Beilschmiedia,12.0,A
196.98,141.55,Cordia,14.7,A
318.94,303.28,Aglaia,21.1,A
533.96,196.04,Alseis,363.5,A
24.41,99.1,Calophyllum,160.5,A
16.78,224.9,Cordia,141.8,A
349.99,218.96,Faramea,120.4,A
307.37,4.96,Calophyllum,438.8,A
43.36,130.79,Drypetes,90.7,A
396.24,335.39,Licania,20.2,A
347.31,67.56,Calophyllum,11.3,A
305.0,105.13,Beilschmiedia,14.8,A
3.74,140.63,Garcinia,24.0,A
103.11,271.61,Alseis,,D
77.79,225.83,Eugenia,17.3,A
227.51,62.88,Faramea,124.2,A
246.45,108.39,Hirtella,11.4,A
239.71,275.9,Aglaia,67.3,A
18.23,281.36,Swartzia,28.3,A
76.52,292.36,Drypetes,12.5,A
2.53,118.29,Inga,16.2,A
224.57,237.3,Calophyllum,36.6,A
368.95,264.9,Calophyllum,29.0,A
132.11,42.51,Jacaranda,54.8,A
342.83,107.44,Protium,19.6,A
137.96,124.02,Cordia,31.4,A
173.37,32.19,Hirtella,10.8,A
332.06,111.76,Dipteryx,22.4,A
234.52,283.61,Shorea,61.0,A
373.22,40.7,Drypetes,,D
230.85,155.96,Alseis,14.0,A
305.91,241.67,Faramea,12.8,A
316.57,133.47,Inga,12.2,A
166.74,297.0,Alseis,19.7,A
582.04,91.03,Beilschmiedia,11.3,A
530.7,108.72,Dipteryx,13.5,A
259.09,331.04,Trichilia,33.9,A
180.05,178.54,Alseis,16.9,A
571.34,159.12,Rinorea,14.5,A
205.16,104.23,Aglaia,13.9,A
322.79,29.24,Calophyllum,191.0,A
236.1,158.57,Alseis,30.6,A
496.69,83.75,Beilschmiedia,45.7,A
219.92,348.36,Trichilia,120.4,A
181.34,227.81,Drypetes,36.7,A
157.71,18.55,Alseis,43.5,A
168.48,183.54,Cordia,32.2,A
162.9,90.18,Guarea,11.8,A
242.97,277.75,Beilschmiedia,,D
218.43,208.0,Drypetes,72.7,A
593.46,56.35,Calophyllum,669.1,A
276.28,245.42,Jacaranda,33.9,A
45.45,189.59,Aglaia,19.5,A
11.4,85.07,Beilschmiedia,97.0,A
393.73,132.34,Xylopia,11.0,A
421.45,142.15,Beilschmiedia,12.0,A
323.57,369.04,Alseis,49.4,A
398.27,189.08,Hirtella,,D
337.76,398.93,Alseis,104.6,A
340.8,339.82,Tetragastris,16.6,A
264.52,352.55,Jacaranda,10.5,A
364.62,147.23,Eugenia,61.5,A
537.01,47.05,Alseis,34.0,A
60.88,78.54,Sloanea,49.1,A
585.59,76.0,Eugenia,33.5,A
301.95,45.29,Aglaia,44.4,A
274.36,269.24,Ocotea,10.9,A
108.66,122.25,Inga,40.6,A
363.44,248.25,Cecropia,241.8,A
512.98,102.9,Calophyllum,18.6,A
212.4,182.97,Knema,,D
198.32,311.31,Hirtella,12.7,A
45.69,231.99,Eugenia,47.8,A
231.92,172.62,Dipteryx,,D
135.46,272.73,Knema,67.3,A
409.96,177.0,Eugenia,,D
351.4,45.56,Ocotea,17.3,A
69.08,245.54,Drypetes,14.5,A
273.05,299.25,Aglaia,13.4,A
31.99,315.18,Faramea,11.1,A
592.72,89.12,Beilschmiedia,,D
244.54,297.16,Ocotea,33.9,A
422.57,27.05,Beilschmiedia,34.2,A
68.73,125.72,Cordia,40.9,A
408.25,110.86,Aglaia,17.7,A
211.19,224.17,Drypetes,,D
58.4,273.26,Garcinia,,D
98.86,233.34,Cordia,59.7,A
15.18,207.99,Hirtella,167.0,A
49.25,303.29,Cordia,46.6,A
336.58,315.84,Ocotea,10.5,A
299.75,199.2,Dipteryx,32.0,A
223.84,178.91,Alseis,79.2,A
32.4,116.78,Virola,89.4,A
228.45,279.46,Beilschmiedia,40.1,A
96.1,359.77,Cordia,34.2,A
263.12,317.34,Aglaia,20.3,A
80.42,141.54,Drypetes,,D
240.84,302.58,Aglaia,59.8,A
204.87,170.85,Calophyllum,17.4,A
379.6,251.35,Beilschmiedia,33.5,A
226.25,53.73,Dipteryx,10.7,A
107.8,104.05,Knema,49.2,A
95.47,74.91,Aglaia,,D
419.63,194.6,Swartzia,12.9,A
522.7,20.96,Licania,10.7,A
31.69,55.73,Licania,21.0,A
350.6,247.14,Cecropia,40.1,A
308.57,397.58,Macaranga,10.9,A
406.11,101.42,Aglaia,152.1,A
367.31,67.16,Jacaranda,12.0,A
192.49,333.35,Aglaia,21.5,A
208.21,227.75,Aglaia,18.9,A
588.2,83.65,Eugenia,16.7,A
135.66,356.81,Cordia,92.1,A
225.87,145.28,Licania,19.2,A
502.13,86.79,Beilschmiedia,242.0,A
216.09,265.47,Aglaia,13.4,A
553.45,196.46,Knema,65.5,A
87.1,123.09,Gustavia,78.3,A
38.88,251.3,Anacardium,162.8,A
391.19,322.0,Alseis,168.5,A
336.67,372.89,Alseis,35.3,A
537.15,180.48,Beilschmiedia,25.5,A
301.34,361.77,Nectandra,14.2,A
196.19,122.02,Alseis,58.7,A
495.87,126.44,Macaranga,94.9,A
237.92,284.78,Beilschmiedia,133.4,A
42.61,135.82,Virola,10.3,A
167.72,272.72,Faramea,85.5,A
280.86,209.22,Licania,170.9,A
271.33,318.06,Aglaia,100.5,A
529.68,42.27,Faramea,55.0,A
178.76,339.98,Drypetes,39.2,A
207.28,183.31,Dipteryx,86.3,A
317.89,172.84,Inga,21.0,A
232.72,157.57,Alseis,50.0,A
35.4,17.25,Cordia,10.2,A
213.19,208.36,Licania,152.9,A
302.21,195.67,Inga,30.1,A
38.99,141.22,Virola,287.2,A
10.48,374.79,Beilschmiedia,168.4,A
533.86,182.95,Beilschmiedia,10.1,A
110.83,21.51,Alseis,164.8,A
549.27,43.62,Alseis,20.6,A
15.42,355.69,Hirtella,18.7,A
336.34,230.28,Cordia,,M
269.62,247.78,Beilschmiedia,60.5,A
269.86,225.28,Dipteryx,17.2,A
383.86,51.36,Aglaia,19.1,A
9.86,131.94,Garcinia,,D
204.84,241.8,Aglaia,,D
257.82,378.19,Protium,35.2,A
494.32,106.54,Xylopia,24.2,A
390.31,316.88,Aglaia,37.4,A
476.59,172.45,Beilschmiedia,19.4,A
307.09,125.44,Inga,15.5,A
283.64,354.65,Calophyllum,,D
175.96,48.78,Sloanea,10.3,A
137.42,315.28,Aglaia,19.0,A
553.53,95.59,Beilschmiedia,160.3,A
156.26,214.36,Aglaia,,D
268.78,273.61,Garcinia,18.2,A
415.3,43.44,Garcinia,13.0,A
412.17,136.68,Beilschmiedia,11.2,A
128.82,198.43,Aglaia,40.5,A
271.46,31.54,Cordia,38.5,A
102.72,284.99,Macaranga,12.8,A
30.82,374.13,Beilschmiedia,85.1,A
240.11,361.93,Guarea,72.4,A
286.11,16.15,Aglaia,13.7,A
560.16,105.65,Calophyllum,430.1,A
359.58,24.63,Alseis,380.1,A
403.61,145.4,Faramea,20.8,A
183.89,30.31,Dipteryx,44.6,A
418.63,39.57,Aglaia,13.2,A
259.35,272.97,Dipteryx,,D
19.13,283.19,Faramea,87.1,A
140.69,10.11,Guarea,74.1,A
249.4,318.99,Eugenia,11.1,A
104.27,101.84,Palaquium,117.6,A
157.52,134.11,Beilschmiedia,38.2,A
242.46,259.26,Beilschmiedia,19.4,A
328.97,255.43,Faramea,67.1,A
55.09,137.12,Alseis,14.1,A
41.95,222.77,Aglaia,94.3,A
427.65,25.24,Beilschmiedia,164.9,A
167.25,305.63,Alseis,,D
209.37,332.36,Cordia,173.8,A
249.95,31.1,Alseis,,D
418.8,177.22,Eugenia,144.3,A
59.75,220.61,Eugenia,37.9,A
186.56,324.57,Garcinia,31.2,A
361.33,84.41,Alseis,74.7,A
466.43,12.16,Beilschmiedia,223.9,A
36.51,259.15,Drypetes,,D
22.01,315.94,Hirtella,18.4,A
439.15,14.88,Beilschmiedia,21.8,A
355.67,163.23,Eugenia,80.2,A
20.41,154.07,Inga,64.6,A
229.0,37.18,Anacardium,21.4,A
256.19,47.57,Faramea,28.5,A
188.73,234.83,Macaranga,28.3,A
238.71,380.35,Cordia,59.4,A
351.56,270.65,Macaranga,15.4,A
555.84,43.24,Faramea,11.3,A
555.0,84.22,Beilschmiedia,18.7,A
348.42,323.38,Nectandra,,M
320.73,254.11,Hirtella,21.4,A
36.23,277.33,Calophyllum,33.6,A
78.32,311.12,Beilschmiedia,31.1,A
107.18,102.21,Inga,18.2,A
121.62,4.02,Alseis,10.6,A
156.54,93.9,Inga,20.5,A
197.64,118.96,Dipteryx,,D
151.25,147.29,Palaquium,29.7,A
435.52,10.62,Calophyllum,10.5,A
379.15,49.88,Inga,20.9,A
323.47,330.89,Guarea,119.9,A
307.38,304.97,Alseis,30.4,A
25.0,93.7,Eugenia,33.8,A
42.01,143.09,Virola,336.0,A
468.58,171.67,Drypetes,17.9,A
85.22,254.87,Cordia,,D
333.57,142.78,Alseis,17.5,A
286.83,317.97,Aglaia,58.3,A
216.28,56.84,Dipteryx,36.8,A
113.16,228.48,Dipteryx,441.3,A
9.03,256.63,Faramea,512.5,A
184.3,387.83,Guarea,40.7,A
110.02,16.11,Aglaia,104.4,A
320.62,278.07,Ocotea,167.3,A
108.03,207.11,Cordia,105.2,A
225.03,4.92,Faramea,338.5,A
307.57,50.7,Dipteryx,37.1,A
184.47,334.13,Garcinia,19.8,A
370.31,301.14,Aglaia,,D
85.52,254.38,Cordia,28.3,A
245.11,117.61,Beilschmiedia,170.4,A
524.96,4.86,Dipteryx,177.7,A
147.93,363.91,Alseis,554.7,A
200.81,308.91,Drypetes,10.9,A
559.54,81.11,Aglaia,29.1,A
245.9,174.64,Eugenia,78.3,A
407.09,57.93,Aglaia,,D
46.06,41.26,Protium,78.4,A
247.4,265.63,Aglaia,45.4,A
61.98,95.37,Nectandra,59.3,A
13.26,126.77,Aglaia,36.0,A
440.13,153.96,Drypetes,331.0,A
43.52,204.46,Macaranga,37.2,A
549.01,49.02,Calophyllum,70.7,A
23.35,1.55,Calophyllum,38.4,A
105.11,127.24,Alseis,33.5,A
353.43,184.86,Macaranga,31.7,A
146.79,399.34,Hirtella,22.8,A
360.72,186.61,Jacaranda,21.4,A
350.39,143.55,Eugenia,21.7,A
14.28,381.81,Knema,22.6,A
46.89,127.62,Drypetes,15.6,A
161.28,370.45,Aglaia,18.1,A
221.27,182.48,Licania,,D
223.74,360.49,Cordia,57.8,A
181.77,294.44,Jacaranda,172.2,A
184.18,260.35,Drypetes,405.7,A
238.69,124.29,Sloanea,15.5,A
178.55,225.76,Aglaia,15.9,A
89.97,172.56,Nectandra,10.8,A
554.03,109.86,Macaranga,197.5,A
150.29,159.03,Dipteryx,23.5,A
22.78,94.15,Beilschmiedia,108.4,A
343.12,36.51,Dipteryx,466.6,A
346.43,324.7,Licania,142.7,A
195.18,193.76,Drypetes,47.6,A
387.8,209.22,Hirtella,35.8,A
235.43,59.3,Faramea,17.9,A
74.98,135.3,Anacardium,82.7,A
9.6,258.82,Calophyllum,31.7,A
430.01,88.29,Calophyllum,71.5,A
206.46,395.18,Cupania,12.0,A
183.11,132.87,Palaquium,566.9,A
169.08,322.26,Beilschmiedia,,D
381.11,70.07,Alseis,354.8,A
30.07,370.32,Beilschmiedia,,D
90.03,199.71,Dipteryx,175.1,A
75.53,257.18,Alseis,251.4,A
333.5,132.31,Knema,12.7,A
316.12,193.35,Inga,10.0,A
99.72,175.21,Nectandra,,D
407.34,91.13,Garcinia,,D
354.14,373.24,Aglaia,100.1,A
210.74,57.19,Calophyllum,,D
288.04,316.08,Aglaia,10.6,A
41.84,348.57,Cordia,66.4,A
292.89,202.52,Inga,17.0,A
143.09,153.7,Alseis,34.7,A
42.69,112.63,Aglaia,,D
178.5,366.96,Guarea,,D
169.55,213.96,Aglaia,61.2,A
177.2,349.81,Rinorea,,D
68.94,342.36,Rinorea,29.1,A
349.88,399.81,Beilschmiedia,10.4,A
422.07,179.91,Eugenia,37.0,A
46.05,58.4,Licania,117.1,A
569.76,79.14,Beilschmiedia,18.2,A
190.65,314.68,Drypetes,15.4,A
490.53,67.86,Drypetes,23.3,A
246.96,225.5,Garcinia,24.1,A
95.6,265.34,Dipteryx,,D
16.1,142.31,Inga,24.4,A
394.78,289.28,Aglaia,41.7,A
380.0,181.49,Jacaranda,122.4,A
521.33,86.52,Calophyllum,15.9,A
29.13,144.95,Inga,15.5,A
381.42,176.13,Faramea,124.7,A
431.44,2.02,Macaranga,27.4,A
197.31,131.16,Protium,24.0,A
223.63,77.92,Faramea,17.7,A
156.08,356.74,Eugenia,45.8,A
27.46,146.91,Cordia,55.5,A
489.91,167.04,Knema,47.1,A
389.35,140.56,Calophyllum,24.8,A
485.5,66.43,Faramea,121.7,A
202.82,354.17,Faramea,14.7,A
173.82,145.99,Macaranga,19.7,A
185.34,322.86,Eugenia,12.2,A
242.24,174.34,Rinorea,,D
159.41,234.73,Aglaia,151.1,A
453.85,187.09,Garcinia,29.3,A
404.68,75.11,Garcinia,18.4,A
46.53,6.37,Dipteryx,96.8,A
134.48,309.9,Dipteryx,17.9,A
414.08,62.28,Drypetes,84.6,A
477.97,129.76,Drypetes,17.5,A
317.9,97.03,Hirtella,24.2,A
183.35,201.66,Faramea,57.7,A
323.48,360.88,Dipteryx,19.0,A
57.38,267.12,Drypetes,29.7,A
385.34,244.4,Beilschmiedia,48.9,A
115.94,213.57,Faramea,51.1,A
56.8,253.49,Cordia,65.3,A
79.16,118.58,Palaquium,41.2,A
374.75,79.06,Macaranga,51.9,A
95.33,356.49,Quararibea,63.8,A
214.25,261.41,Beilschmiedia,25.6,A
424.18,27.83,Beilschmiedia,11.9,A
370.63,343.92,Alseis,111.1,A
158.86,389.35,Cordia,40.3,A
25.43,160.28,Drypetes,,D
255.99,340.16,Aglaia,25.4,A
390.65,99.63,Alseis,23.3,A
569.29,92.12,Calophyllum,39.6,A
345.39,194.53,Guarea,247.1,A
35.91,295.22,Cordia,10.7,A
238.73,78.59,Eugenia,16.9,A
368.24,179.38,Ocotea,68.2,A
249.38,239.59,Calophyllum,20.5,A
298.9,332.89,Aglaia,58.9,A
70.66,296.63,Rinorea,100.0,A
302.12,212.12,Cordia,10.7,A
6.11,35.75,Dipteryx,27.3,A
135.51,122.96,Drypetes,,M
237.6,319.76,Beilschmiedia,13.2,A
379.48,229.02,Cordia,80.3,A
60.15,221.48,Garcinia,53.9,A
444.74,20.98,Licania,12.3,A
55.28,140.03,Protium,,D
316.89,122.55,Alseis,60.1,A
247.07,277.54,Beilschmiedia,16.0,A
395.33,282.89,Licania,11.3,A
523.15,194.93,Eugenia,38.3,A
189.06,256.56,Aglaia,144.3,A
217.37,94.15,Aglaia,38.1,A
109.56,226.05,Eugenia,109.3,A
321.05,259.05,Ocotea,101.2,A
69.72,279.49,Drypetes,12.5,A
244.95,187.72,Calophyllum,89.5,A
137.85,378.88,Cordia,22.5,A
519.83,43.59,Drypetes,34.7,A
86.74,327.81,Aglaia,40.5,A
12.25,345.13,Alseis,11.1,A
311.88,108.97,Alseis,26.5,A
18.4,7.03,Calophyllum,22.5,A
424.92,72.27,Eugenia,12.3,A
371.48,359.43,Tetragastris,210.2,A
98.27,248.66,Knema,49.8,A
67.85,216.35,Dipteryx,,D
284.93,13.69,Beilschmiedia,52.6,A
373.01,211.56,Alseis,20.3,A
34.04,219.94,Aglaia,10.2,A
5.96,99.63,Drypetes,55.0,A
331.72,373.28,Alseis,39.7,A
195.73,117.63,Alseis,18.8,A
560.21,53.4,Calophyllum,57.0,A
429.2,176.86,Aglaia,28.8,A
561.33,162.99,Rinorea,,D
190.53,325.53,Trichilia,11.6,A
81.5,120.46,Palaquium,41.6,A
134.6,133.88,Beilschmiedia,12.5,A
34.1,161.62,Alseis,77.3,A
99.42,264.51,Alseis,466.9,A
64.89,64.57,Alseis,30.3,A
258.75,229.82,Jacaranda,31.7,A
591.09,95.36,Alseis,12.8,A
11.1,177.48,Inga,10.6,A
5.11,361.24,Knema,230.1,A
432.56,6.56,Guarea,34.2,A
16.93,204.02,Aglaia,107.6,A
91.37,376.31,Dipteryx,33.2,A
509.23,25.47,Dipteryx,15.7,A
458.36,39.27,Calophyllum,46.4,A
550.45,58.05,Dipteryx,,D
482.07,57.94,Swartzia,11.3,A
187.03,142.0,Aglaia,85.9,A
56.26,35.31,Shorea,14.4,A
309.23,265.9,Guarea,15.6,A
424.3,168.48,Hirtella,13.9,A
127.06,155.24,Aglaia,39.2,A
470.09,156.74,Drypetes,145.4,A
327.68,213.83,Calophyllum,27.8,A
66.88,286.37,Knema,75.1,A
80.6,96.35,Inga,68.8,A
63.05,169.02,Cordia,19.1,A
143.31,186.28,Cordia,33.4,A
545.35,12.35,Faramea,12.2,A
98.34,248.45,Dipteryx,14.3,A
535.4,114.61,Aglaia,18.3,A
239.38,135.7,Swartzia,14.4,A
435.12,120.39,Calophyllum,18.1,A
207.31,286.66,Faramea,266.8,A
564.71,99.15,Beilschmiedia,39.4,A
581.69,31.6,Faramea,132.8,A
312.0,158.45,Inga,11.0,A
103.05,53.03,Aglaia,12.0,A
198.42,175.46,Aglaia,50.3,A
160.49,67.32,Protium,20.1,A
127.86,187.79,Aglaia,26.7,A
163.06,276.2,Alseis,22.6,A
46.58,49.74,Erythroxylum,71.3,A
157.6,225.41,Alseis,16.7,A
496.95,30.82,Macaranga,12.0,A
133.05,213.7,Rinorea,182.9,A
322.89,375.9,Cupania,,D
152.17,387.42,Knema,15.1,A
189.93,341.55,Dipteryx,15.1,A
513.38,46.27,Faramea,114.9,A
339.54,84.32,Calophyllum,,D
181.9,288.04,Cordia,38.8,A
328.08,125.6,Beilschmiedia,31.5,A
427.4,49.2,Alseis,246.8,A
165.79,280.65,Quararibea,241.1,A
110.53,108.4,Calophyllum,65.8,A
116.63,221.62,Guarea,,D
310.94,6.77,Garcinia,28.3,A
429.7,3.51,Dipteryx,81.2,A
9.34,355.07,Alseis,24.4,A
207.96,116.9,Alseis,27.4,A
66.45,355.43,Knema,53.3,A
368.91,53.0,Dipteryx,24.7,A
340.55,237.82,Faramea,13.1,A
157.79,213.52,Drypetes,18.4,A
112.94,192.76,Calophyllum,13.3,A
318.42,237.91,Calophyllum,193.5,A
207.1,217.7,Hirtella,33.0,A
3.81,193.44,Cordia,174.0,A
401.0,55.32,Calophyllum,12.2,A
238.37,55.28,Knema,20.5,A
53.92,257.02,Garcinia,77.7,A
78.54,200.21,Cordia,53.1,A
210.57,228.65,Garcinia,76.8,A
332.79,12.27,Garcinia,307.5,A
564.89,111.46,Guarea,27.7,A
248.5,308.6,Jacaranda,,D
418.36,54.69,Alseis,88.3,A
516.0,122.9,Guarea,198.4,A
295.52,359.43,Jacaranda,26.4,A
242.84,172.11,Calophyllum,12.9,A
299.58,245.8,Faramea,28.4,A
69.19,288.03,Swartzia,,D
481.39,144.79,Beilschmiedia,25.4,A
244.0,193.86,Calophyllum,22.0,A
131.87,321.11,Aglaia,16.9,A
215.02,54.57,Macaranga,23.1,A
41.74,143.09,Virola,63.2,A
199.63,227.2,Swartzia,16.3,A
76.12,319.58,Knema,103.0,A
438.94,190.73,Calophyllum,19.3,A
175.2,123.85,Dipteryx,41.3,A
395.35,300.97,Alseis,17.1,A
72.59,329.72,Quararibea,19.9,A
161.6,223.74,Aglaia,38.5,A
375.02,345.07,Ocotea,53.5,A
31.4,285.87,Dipteryx,140.1,A
135.6,183.41,Shorea,24.4,A
374.91,63.93,Dipteryx,,D
38.64,142.07,Aglaia,25.4,A
293.47,189.77,Trichilia,16.7,A
533.0,186.26,Beilschmiedia,13.6,A
377.61,72.72,Alseis,28.7,A
312.4,183.55,Trichilia,447.1,A
137.29,247.38,Brosimum,13.3,A
561.31,80.0,Faramea,10.3,A
218.42,9.0,Shorea,82.0,A
112.16,122.95,Alseis,128.8,A
5.36,373.43,Quararibea,16.6,A
458.25,191.42,Eugenia,147.6,A
340.12,306.28,Nectandra,48.9,A
216.01,260.57,Faramea,39.0,A
508.84,53.65,Macaranga,10.8,A
389.87,225.52,Eugenia,15.9,A
275.41,346.39,Alseis,286.2,A
427.37,98.62,Garcinia,245.5,A
65.14,338.24,Aglaia,16.7,A
95.12,334.46,Sloanea,39.4,A
492.3,97.32,Beilschmiedia,12.8,A
198.88,69.15,Calophyllum,32.1,A
337.9,250.88,Cecropia,13.0,A
37.54,299.18,Knema,12.8,A
436.51,87.64,Alseis,55.5,A
51.08,240.59,Eugenia,29.5,A
132.73,229.78,Quararibea,236.3,A
62.96,306.54,Aglaia,16.1,A
346.27,376.1,Aglaia,,D
215.75,398.42,Diospyros,33.6,A
205.69,72.29,Guarea,23.4,A
321.66,334.3,Dipteryx,35.9,A
85.37,374.3,Garcinia,45.8,A
335.41,379.32,Alseis,112.6,A
189.42,60.07,Guarea,10.9,A
116.26,191.84,Cordia,57.0,A
176.4,374.03,Jacaranda,83.0,A
213.48,74.21,Alseis,30.3,A
87.57,319.76,Cordia,11.3,A
30.14,134.81,Inga,,D
316.51,302.03,Alseis,62.6,A
50.86,218.16,Garcinia,326.1,A
154.88,267.63,Guarea,216.7,A
131.35,138.35,Beilschmiedia,88.9,A
263.91,176.15,Licania,11.9,A
503.01,82.89,Hirtella,132.9,A
118.95,387.76,Quararibea,74.0,A
487.91,77.3,Calophyllum,16.2,A
193.4,356.26,Aglaia,132.0,A
187.93,25.4,Calophyllum,29.3,A
379.55,251.08,Aglaia,11.3,A
273.57,30.12,Aglaia,10.9,A
86.0,278.81,Guarea,10.6,A
296.98,185.11,Inga,39.8,A
384.21,132.69,Cordia,113.0,A
82.43,72.63,Ocotea,18.3,A
298.38,208.66,Nectandra,45.1,A
221.25,256.19,Aglaia,51.5,A
212.29,324.3,Drypetes,131.5,A
384.27,8.9,Alseis,22.5,A
389.92,105.84,Alseis,18.7,A
135.68,121.96,Garcinia,28.3,A
104.43,16.16,Guarea,73.0,A
112.33,97.95,Xylopia,20.6,A
420.83,178.17,Garcinia,12.2,A
77.75,124.31,Inga,15.4,A
233.04,296.22,Dipteryx,,M
145.67,116.95,Aglaia,51.0,A
138.17,127.83,Inga,12.4,A
383.68,339.55,Alseis,13.3,A
467.5,16.57,Beilschmiedia,77.0,A
352.42,208.17,Faramea,39.9,A
360.87,85.01,Calophyllum,,D
432.53,187.82,Guarea,46.5,A
160.76,223.69,Swartzia,14.0,A
207.02,69.63,Hirtella,12.5,A
202.76,113.64,Alseis,154.3,A
117.54,265.29,Calophyllum,16.0,A
16.01,260.17,Sloanea,51.8,A
182.07,200.51,Palaquium,45.7,A
499.08,147.17,Beilschmiedia,84.1,A
173.63,12.11,Alseis,,D
177.94,125.06,Macaranga,15.4,A
152.22,254.48,Alseis,,D
106.02,125.13,Drypetes,47.5,A
131.11,141.39,Beilschmiedia,11.0,A
133.74,266.06,Knema,14.7,A
110.58,323.54,Knema,50.1,A
42.2,280.79,Calophyllum,18.7,A
113.2,26.99,Cordia,,D
220.11,246.76,Dipteryx,16.0,A
334.95,161.22,Hirtella,19.7,A
199.4,368.85,Rinorea,17.1,A
247.2,177.43,Calophyllum,108.2,A
179.41,343.07,Cordia,17.8,A
353.04,34.01,Swartzia,,D
39.07,93.36,Drypetes,254.6,A
584.44,102.55,Alseis,54.9,A
193.59,204.02,Guarea,,D
475.24,27.23,Macaranga,158.9,A
20.43,191.07,Aglaia,10.8,A
399.94,98.68,Alseis,,D
311.09,182.78,Cordia,87.9,A
92.55,76.37,Nectandra,18.7,A
71.35,110.41,Inga,14.7,A
233.8,261.77,Cordia,30.0,A
187.75,373.38,Cordia,97.3,A
182.59,223.93,Calophyllum,22.3,A
192.46,151.96,Cordia,11.2,A
476.22,4.75,Jacaranda,36.3,A
465.57,136.73,Rinorea,23.2,A
198.81,213.72,Garcinia,43.7,A
111.47,114.73,Drypetes,59.9,A
352.68,331.23,Hirtella,180.1,A
203.45,36.72,Dipteryx,66.3,A
335.67,301.59,Cordia,,D
267.26,336.91,Luehea,21.7,A
208.68,239.57,Aglaia,59.8,A
174.42,290.5,Alseis,21.7,A
133.1,283.08,Knema,20.6,A
129.45,299.65,Calophyllum,14.2,A
312.42,304.41,Aglaia,30.7,A
331.67,383.51,Cordia,18.7,A
241.95,71.06,Nectandra,23.1,A
53.33,297.5,Alseis,10.7,A
232.9,385.43,Jacaranda,29.6,A
170.09,199.46,Cordia,66.3,A
203.11,354.86,Aglaia,14.3,A
220.13,219.31,Jacaranda,16.3,A
374.53,375.62,Guarea,10.2,A
396.63,225.36,Eugenia,61.0,A
301.3,141.74,Inga,66.0,A
249.84,324.19,Guarea,10.4,A
520.56,185.44,Alseis,169.9,A
311.66,271.02,Calophyllum,20.8,A
360.01,341.78,Alseis,14.4,A
28.8,130.69,Xylopia,33.5,A
7.03,135.44,Garcinia,175.3,A
155.34,101.62,Inga,15.0,A
544.8,190.34,Alseis,375.6,A
494.1,127.88,Calophyllum,97.2,A
79.78,360.47,Beilschmiedia,46.4,A
101.37,144.11,Drypetes,485.8,A
153.78,203.03,Calophyllum,13.2,A
562.33,87.7,Beilschmiedia,,D
578.74,102.04,Faramea,73.6,A
130.86,314.78,Guarea,12.6,A
238.55,53.87,Faramea,77.3,A
184.57,270.47,Faramea,67.3,A
538.01,125.54,Aglaia,19.0,A
325.97,75.16,Protium,31.3,A
29.58,114.45,Guarea,255.3,A
75.34,234.98,Drypetes,15.7,A
134.65,85.55,Dipteryx,95.7,A
234.57,363.42,Calophyllum,881.5,A
97.09,26.21,Eugenia,12.1,A
48.56,152.5,Drypetes,161.5,A
244.62,176.14,Eugenia,52.0,A
412.59,192.53,Alseis,17.6,A
436.8,56.74,Aglaia,,M
32.0,54.9,Erythroxylum,12.8,A
333.79,32.96,Aglaia,46.1,A
213.29,59.25,Garcinia,13.5,A
28.54,102.47,Alseis,,M
483.68,80.39,Drypetes,29.5,A
227.49,312.25,Dipteryx,19.9,A
193.8,243.02,Protium,173.6,A
160.81,16.02,Nectandra,12.9,A
456.32,39.05,Calophyllum,,M
327.71,303.63,Faramea,,D
349.55,214.19,Calophyllum,16.0,A
90.48,346.81,Knema,65.7,A
432.79,24.85,Calophyllum,22.9,A
563.77,115.56,Aglaia,113.0,A
417.53,29.33,Inga,147.8,A
33.15,148.5,Protium,25.8,A
551.01,113.75,Cordia,51.0,A
488.2,131.28,Hirtella,186.9,A
419.96,88.62,Dipteryx,39.7,A
331.46,74.2,Calophyllum,12.1,A
252.33,190.05,Rinorea,146.3,A
402.74,174.89,Guarea,,D
9.06,382.0,Eugenia,114.3,A
77.79,310.17,Dipteryx,11.8,A
420.02,140.22,Beilschmiedia,,D
34.22,80.18,Drypetes,14.2,A
382.82,87.63,Ocotea,,D
15.4,69.3,Drypetes,292.6,A
53.12,325.25,Aglaia,33.8,A
205.12,265.77,Alseis,40.2,A
339.83,373.91,Alseis,30.9,A
340.39,66.21,Drypetes,103.3,A
295.17,207.02,Faramea,,D
3.61,92.11,Cordia,39.2,A
88.63,306.03,Drypetes,111.1,A
45.95,87.23,Eugenia,83.9,A
386.15,384.52,Dipteryx,161.2,A
214.31,259.37,Beilschmiedia,13.3,A
368.52,359.6,Aglaia,37.0,A
583.64,75.6,Alseis,250.9,A
147.03,394.86,Aglaia,63.4,A
241.7,178.51,Alseis,,D
174.25,118.98,Calophyllum,316.2,A
108.53,245.63,Guarea,176.9,A
324.55,117.39,Aglaia,15.1,A
217.64,256.89,Knema,25.6,A
300.23,126.23,Inga,14.0,A
88.4,396.14,Dipteryx,15.5,A
357.1,344.72,Alseis,42.4,A
282.29,195.33,Eugenia,29.3,A
529.21,173.63,Beilschmiedia,56.2,A
185.46,182.66,Aglaia,137.0,A
305.89,184.85,Inga,12.3,A
180.32,31.68,Anacardium,11.1,A
71.13,100.16,Inga,10.7,A
230.62,333.69,Aglaia,13.0,A
22.42,253.48,Drypetes,85.1,A
291.09,398.11,Cupania,40.1,A
207.06,278.06,Alseis,11.5,A
26.93,119.42,Alseis,20.1,A
49.35,151.4,Virola,13.7,A
546.66,62.29,Guarea,70.4,A
408.08,107.61,Garcinia,16.6,A
144.13,369.97,Aglaia,12.0,A
115.9,386.18,Quararibea,183.5,A
94.16,159.17,Dipteryx,27.2,A
418.73,46.55,Cordia,91.7,A
70.78,322.76,Cordia,51.7,A
102.62,46.08,Aglaia,49.3,A
371.52,147.07,Eugenia,22.0,A
303.42,299.69,Trichilia,11.0,A
375.95,155.8,Jacaranda,21.2,A
358.0,399.86,Dipteryx,24.0,A
287.09,37.11,Eugenia,18.2,A
417.56,76.14,Garcinia,29.9,A
566.79,69.69,Faramea,44.7,A
213.01,333.34,Garcinia,11.7,A
396.35,72.64,Beilschmiedia,,D
373.93,117.22,Hirtella,12.1,A
351.67,384.27,Eugenia,20.7,A
43.09,270.91,Calophyllum,28.2,A
86.96,360.84,Aglaia,12.1,A
361.95,334.02,Alseis,,D
368.98,74.14,Macaranga,10.2,A
170.6,104.41,Hirtella,10.2,A
430.08,80.3,Dipteryx,10.7,A
151.69,160.82,Calophyllum,58.5,A
140.71,249.92,Alseis,15.6,A
398.42,215.57,Eugenia,21.6,A
396.76,177.83,Palaquium,85.7,A
492.81,121.16,Eugenia,54.2,A
13.04,294.65,Drypetes,16.1,A
183.44,328.87,Beilschmiedia,22.8,A
355.54,1.78,Calophyllum,623.0,A
361.63,59.89,Aglaia,21.5,A
93.71,124.8,Cordia,37.4,A
281.8,208.67,Eugenia,10.1,A
45.22,61.25,Erythroxylum,35.7,A
199.15,189.24,Drypetes,,D
214.75,129.38,Dipteryx,16.3,A
40.82,371.99,Beilschmiedia,,D
59.64,299.02,Rinorea,16.4,A
406.94,65.67,Drypetes,12.0,A
54.84,219.54,Calophyllum,98.4,A
14.79,236.14,Cordia,24.4,A
231.04,5.64,Calophyllum,,D
56.8,213.54,Dipteryx,14.1,A
57.79,271.42,Cordia,,D
393.0,18.95,Alseis,29.5,A
416.25,65.64,Garcinia,13.1,A
179.91,362.5,Cupania,15.4,A
34.07,120.41,Calophyllum,81.5,A
516.77,130.9,Cordia,,D
10.46,79.86,Beilschmiedia,61.1,A
52.87,261.51,Eugenia,23.1,A
105.49,83.73,Inga,,D
206.23,204.81,Aglaia,47.3,A
9.58,209.41,Alseis,10.0,A
463.79,10.15,Beilschmiedia,52.2,A
213.18,256.0,Beilschmiedia,19.0,A
356.0,117.88,Cordia,27.3,A
22.16,262.2,Drypetes,22.3,A
215.69,126.98,Garcinia,305.3,A
259.35,311.67,Guarea,19.4,A
166.09,175.54,Licania,47.6,A
273.14,152.36,Dipteryx,29.5,A
441.3,94.31,Cordia,48.5,A
324.4,209.44,Calophyllum,18.5,A
86.9,278.63,Cordia,59.4,A
159.36,20.05,Protium,27.2,A
205.13,49.84,Dipteryx,79.4,A
207.67,66.41,Faramea,28.8,A
239.84,289.04,Aglaia,93.4,A
353.99,271.49,Calophyllum,518.3,A
282.05,320.06,Shorea,42.9,A
362.96,225.09,Garcinia,19.0,A
127.58,375.15,Ocotea,,D
472.35,102.01,Macaranga,60.3,A
545.56,105.42,Dipteryx,39.5,A
546.02,13.52,Faramea,142.8,A
33.56,119.55,Inga,19.3,A
293.71,268.04,Aglaia,,D
194.38,155.24,Cordia,,D
315.1,141.09,Cordia,10.2,A
288.95,45.09,Cordia,58.9,A
237.67,227.27,Licania,,D
33.22,255.83,Calophyllum,36.3,A
354.95,212.27,Dipteryx,38.0,A
281.86,3.16,Beilschmiedia,23.4,A
421.89,124.42,Licania,255.7,A
589.34,130.38,Faramea,534.3,A
216.55,257.94,Quararibea,10.7,A
418.1,184.92,Aglaia,109.5,A
84.28,134.62,Dipteryx,,D
61.28,323.46,Rinorea,,D
95.87,105.24,Guarea,13.6,A
42.27,17.3,Calophyllum,27.8,A
76.65,127.39,Hirtella,100.3,A
36.96,89.15,Drypetes,13.0,A
229.91,172.29,Alseis,130.3,A
381.72,235.95,Aglaia,152.1,A
258.64,353.9,Nectandra,13.8,A
104.11,281.9,Garcinia,303.3,A
161.46,80.67,Inga,32.8,A
99.14,87.43,Cordia,91.5,A
266.83,185.34,Knema,406.1,A
522.45,25.18,Licania,391.7,A
328.48,392.72,Beilschmiedia,,D
11.3,286.87,Faramea,88.5,A
396.74,217.54,Eugenia,14.6,A
415.94,178.97,Eugenia,13.2,A
153.94,108.97,Gustavia,25.6,A
6.3,253.09,Calophyllum,18.6,A
58.78,344.31,Aglaia,41.5,A
165.4,277.34,Dipteryx,,D
335.04,302.73,Calophyllum,13.5,A
89.45,329.18,Cordia,17.2,A
569.84,66.96,Aglaia,18.8,A
11.26,127.01,Calophyllum,36.2,A
540.94,37.77,Alseis,14.3,A
194.25,188.58,Shorea,70.5,A
247.65,155.86,Alseis,64.1,A
583.73,92.65,Cordia,39.8,A
255.68,32.45,Faramea,21.8,A
173.22,313.57,Alseis,17.8,A
302.75,198.32,Calophyllum,14.4,A
54.55,127.84,Virola,11.6,A
427.55,197.21,Garcinia,353.6,A
1.21,135.9,Aglaia,35.0,A
30.06,156.62,Calophyllum,15.0,A
8.43,30.15,Xylopia,251.5,A
32.74,42.59,Licania,628.4,A
407.22,117.97,Alseis,16.1,A
277.67,186.98,Licania,21.7,A
424.67,130.66,Beilschmiedia,30.8,A
215.04,269.16,Aglaia,11.4,A
240.05,355.43,Dipteryx,25.9,A
211.02,221.39,Eugenia,58.0,A
197.16,371.6,Rinorea,18.5,A
321.74,108.55,Knema,11.5,A
215.37,88.29,Calophyllum,51.7,A
123.25,95.54,Alseis,26.2,A
203.66,73.19,Alseis,,D
272.54,161.1,Sloanea,,D
123.9,275.93,Calophyllum,115.5,A
449.9,16.18,Nectandra,11.2,A
67.3,155.2,Nectandra,34.7,A
229.9,123.43,Dipteryx,103.1,A
529.04,184.61,Beilschmiedia,16.0,A
221.58,96.38,Aglaia,139.4,A
229.73,285.94,Eugenia,11.9,A
233.32,174.04,Macaranga,39.9,A
8.3,79.49,Drypetes,13.4,A
223.03,76.67,Garcinia,15.2,A
176.75,154.28,Palaquium,34.8,A
366.95,40.38,Drypetes,31.4,A
181.42,303.73,Eugenia,132.0,A
39.87,56.44,Drypetes,93.8,A
536.26,169.68,Beilschmiedia,207.6,A
434.63,58.05,Dipteryx,77.7,A
393.27,141.41,Guarea,,D
67.62,109.48,Guarea,20.0,A
154.9,95.55,Inga,55.8,A
588.73,53.88,Alseis,,D
332.89,352.81,Alseis,154.2,A
7.02,244.82,Alseis,129.8,A
447.53,84.87,Alseis,40.3,A
567.42,84.02,Faramea,10.8,A
269.3,203.2,Jacaranda,10.8,A
287.94,336.56,Aglaia,23.7,A
68.79,167.67,Drypetes,25.3,A
246.36,165.4,Hirtella,19.4,A
77.22,14.82,Calophyllum,169.5,A
23.49,313.89,Jacaranda,15.4,A
395.85,322.88,Knema,12.3,A
553.56,163.39,Guarea,156.3,A
394.38,188.02,Dipteryx,11.8,A
41.2,145.68,Virola,95.6,A
165.15,121.64,Palaquium,136.4,A
68.57,257.73,Eugenia,25.2,A
190.31,292.21,Jacaranda,10.6,A
218.44,86.95,Aglaia,33.9,A
9.29,332.68,Alseis,10.9,A
280.97,7.78,Beilschmiedia,,D
91.91,154.38,Cordia,23.9,A
100.24,68.98,Guarea,12.7,A
78.34,100.53,Inga,10.4,A
291.69,357.81,Guarea,14.2,A
43.87,323.22,Dipteryx,413.5,A
340.74,372.81,Sloanea,18.6,A
137.81,170.75,Cordia,22.8,A
183.81,271.2,Aglaia,160.1,A
89.04,229.45,Cordia,,D
527.88,171.31,Beilschmiedia,19.5,A
166.01,393.08,Cupania,42.0,A
29.39,210.21,Aglaia,82.1,A
190.59,224.13,Drypetes,10.4,A
206.97,165.97,Licania,472.1,A
248.36,10.31,Calophyllum,18.9,A
300.18,249.97,Faramea,11.1,A
180.95,220.13,Dipteryx,17.8,A
163.22,12.08,Alseis,10.4,A
70.83,328.02,Knema,28.2,A
376.59,28.86,Inga,29.1,A
473.43,61.33,Eugenia,115.6,A
207.42,387.02,Cupania,85.1,A
114.8,90.33,Alseis,82.5,A
91.43,34.9,Aglaia,21.3,A
178.16,130.39,Aglaia,25.6,A
296.24,229.27,Dipteryx,96.0,A
157.92,209.43,Calophyllum,57.8,A
233.72,218.02,Jacaranda,83.3,A
368.24,117.11,Cordia,102.5,A
87.14,361.33,Guarea,17.0,A
378.89,186.5,Calophyllum,348.2,A
49.41,359.06,Calophyllum,160.4,A
587.41,70.71,Xylopia,40.9,A
18.76,325.84,Drypetes,15.3,A
223.25,374.08,Calophyllum,88.7,A
395.9,139.86,Hirtella,70.0,A
463.75,4.47,Ocotea,65.7,A
559.22,93.58,Beilschmiedia,,D
468.77,59.58,Guarea,10.1,A
382.15,69.73,Aglaia,14.7,A
217.94,248.24,Beilschmiedia,10.3,A
95.47,268.69,Alseis,42.8,A
375.91,119.09,Hirtella,86.1,A
494.66,75.21,Cordia,12.9,A
242.22,265.93,Aglaia,113.5,A
434.14,157.01,Guarea,18.6,A
399.22,156.43,Faramea,,D
143.05,370.33,Alseis,152.8,A
51.65,127.9,Virola,16.3,A
38.3,393.32,Cordia,11.2,A
38.9,210.88,Aglaia,25.5,A
172.84,231.76,Dipteryx,26.7,A
554.5,96.66,Beilschmiedia,16.3,A
203.98,333.52,Faramea,18.8,A
254.09,287.14,Aglaia,12.0,A
226.15,207.66,Eugenia,18.6,A
36.55,266.57,Faramea,53.1,A
154.12,16.26,Alseis,27.2,A
581.15,81.38,Beilschmiedia,35.9,A
72.35,282.36,Drypetes,11.3,A
513.26,65.7,Dipteryx,10.0,A
527.44,162.43,Hirtella,11.5,A
172.47,155.59,Dipteryx,31.3,A
369.46,162.51,Cordia,41.2,A
161.41,292.11,Knema,446.8,A
511.36,172.99,Swartzia,,M
209.01,259.04,Faramea,131.2,A
20.86,213.35,Calophyllum,14.3,A
429.5,45.48,Sloanea,101.2,A
91.43,81.51,Xylopia,297.1,A
52.53,266.84,Hirtella,13.8,A
438.72,72.36,Eugenia,22.8,A
84.24,82.1,Alseis,22.7,A
119.04,219.33,Eugenia,19.8,A
53.69,239.18,Eugenia,28.8,A
507.87,8.8,Drypetes,20.8,A
473.57,127.82,Jacaranda,22.4,A
326.89,325.68,Trichilia,23.3,A
599.69,163.7,Dipteryx,10.8,A
397.7,327.12,Guarea,246.0,A
96.54,397.81,Quararibea,10.0,A
345.88,302.22,Jacaranda,15.0,A
156.52,215.13,Aglaia,18.9,A
230.11,203.78,Licania,272.1,A
35.36,64.7,Calophyllum,286.1,A
5.57,339.32,Alseis,12.1,A
24.49,137.75,Garcinia,29.8,A
11.57,387.59,Alseis,28.5,A
333.37,354.04,Alseis,20.5,A
11.75,247.14,Alseis,119.7,A
33.14,353.83,Drypetes,50.9,A
50.84,319.07,Calophyllum,127.8,A
431.88,188.09,Jacaranda,,M
33.67,128.6,Virola,16.8,A
183.33,38.77,Xylopia,262.2,A
14.32,219.04,Faramea,,D
422.28,136.82,Beilschmiedia,16.1,A
123.03,112.62,Inga,10.2,A
259.37,361.75,Alseis,265.7,A
75.73,5.08,Garcinia,53.1,A
132.58,129.04,Beilschmiedia,118.3,A
139.55,168.49,Nectandra,95.1,A
151.7,105.18,Protium,13.4,A
294.06,256.01,Hirtella,17.6,A
258.96,277.98,Calophyllum,14.0,A
15.4,214.97,Anacardium,144.2,A
248.91,32.13,Faramea,16.5,A
569.11,137.32,Tetragastris,12.8,A
543.37,92.42,Calophyllum,85.3,A
233.06,219.62,Sloanea,15.6,A
340.99,124.34,Calophyllum,14.6,A
240.51,114.43,Beilschmiedia,13.2,A
284.95,342.23,Aglaia,126.5,A
259.75,270.06,Calophyllum,13.3,A
395.22,14.97,Alseis,144.8,A
48.68,262.69,Garcinia,21.1,A
465.71,4.42,Beilschmiedia,,D
501.82,122.78,Eugenia,75.1,A
293.69,17.16,Ocotea,13.6,A
171.15,336.2,Jacaranda,11.3,A
465.01,54.47,Guarea,35.5,A
196.8,196.75,Aglaia,71.5,A
86.86,124.79,Macaranga,21.2,A
203.22,219.44,Dipteryx,157.9,A
76.96,375.17,Beilschmiedia,10.6,A
170.22,148.03,Palaquium,24.8,A
131.53,339.54,Ocotea,,M
32.82,372.47,Beilschmiedia,21.5,A
285.72,201.32,Inga,16.9,A
107.34,252.08,Drypetes,13.7,A
141.4,145.83,Cordia,12.4,A
309.56,98.52,Macaranga,77.8,A
64.37,142.95,Virola,124.9,A
60.23,227.31,Guarea,12.5,A
188.33,215.14,Quararibea,11.1,A
103.17,26.84,Alseis,13.4,A
143.95,145.5,Quararibea,129.4,A
269.33,13.82,Cordia,18.6,A
222.37,272.69,Dipteryx,194.9,A
154.19,135.01,Beilschmiedia,19.8,A
222.77,41.53,Calophyllum,78.9,A
163.96,216.82,Palaquium,32.5,A
126.03,371.73,Cordia,11.3,A
172.2,0.59,Calophyllum,11.3,A
217.51,134.45,Nectandra,55.2,A
195.92,109.21,Garcinia,66.3,A
383.06,345.78,Dipteryx,14.2,A
229.63,295.05,Guarea,14.5,A
362.18,354.61,Tetragastris,47.5,A
131.93,96.02,Xylopia,13.5,A
421.27,194.08,Ocotea,32.9,A
168.85,342.79,Beilschmiedia,111.1,A
328.08,257.01,Macaranga,22.4,A
44.01,333.29,Cordia,17.8,A
126.87,91.53,Alseis,77.7,A
417.59,78.47,Guarea,56.4,A
176.26,387.66,Shorea,40.3,A
180.59,199.67,Licania,16.0,A
27.01,394.34,Quararibea,,D
165.13,20.27,Alseis,18.0,A
512.9,183.46,Calophyllum,670.3,A
235.02,306.74,Jacaranda,19.4,A
236.15,31.03,Jacaranda,23.7,A
102.34,389.14,Beilschmiedia,44.1,A
409.54,97.9,Aglaia,57.3,A
169.33,147.82,Alseis,203.1,A
127.9,150.18,Cordia,24.5,A
142.92,106.12,Dipteryx,90.2,A
7.42,155.6,Aglaia,,D
238.48,284.77,Aglaia,91.9,A
27.33,108.28,Inga,17.8,A
434.8,54.89,Beilschmiedia,23.7,A
28.42,369.23,Beilschmiedia,10.8,A
319.1,113.5,Beilschmiedia,,D
131.35,248.25,Brosimum,43.2,A
113.34,82.39,Alseis,171.4,A
12.28,153.29,Garcinia,79.7,A
201.34,350.33,Aglaia,31.4,A
198.7,234.01,Jacaranda,18.7,A
226.47,327.66,Eugenia,,D
170.74,310.7,Jacaranda,57.1,A
319.85,69.86,Guarea,73.3,A
354.96,397.97,Beilschmiedia,25.8,A
228.86,163.47,Alseis,32.1,A
341.24,262.04,Eugenia,18.6,A
595.66,47.3,Alseis,32.7,A
237.23,216.98,Garcinia,120.8,A
143.93,353.1,Aglaia,42.5,A
411.46,57.23,Inga,21.0,A
223.78,24.11,Cordia,33.8,A
107.75,15.78,Eugenia,31.6,A
390.66,333.79,Aglaia,38.4,A
205.87,85.38,Aglaia,17.5,A
210.05,203.26,Quararibea,111.5,A
147.08,263.1,Hirtella,,D
379.28,238.91,Garcinia,26.5,A
152.44,127.62,Beilschmiedia,10.3,A
7.98,383.91,Eugenia,13.7,A
243.1,210.48,Calophyllum,17.4,A
15.76,169.75,Inga,11.9,A
365.23,336.61,Alseis,18.5,A
386.65,211.91,Faramea,408.3,A
460.08,13.74,Beilschmiedia,71.1,A
370.14,97.58,Swartzia,17.7,A
42.83,142.74,Drypetes,21.8,A
267.7,300.45,Jacaranda,63.1,A
545.06,166.38,Beilschmiedia,22.1,A
95.24,84.42,Calophyllum,43.6,A
181.79,304.9,Hirtella,71.4,A
396.86,208.53,Aglaia,11.3,A
79.66,341.28,Aglaia,16.3,A
581.78,99.04,Beilschmiedia,13.1,A
227.45,191.43,Calophyllum,12.5,A
561.98,178.65,Knema,66.6,A
360.87,75.45,Cordia,14.2,A
305.34,207.78,Garcinia,12.5,A
8.88,84.24,Hirtella,15.6,A
123.84,203.8,Eugenia,21.7,A
209.51,152.75,Licania,10.3,A
20.37,97.15,Licania,122.7,A
496.39,81.88,Beilschmiedia,22.6,A
401.81,77.83,Beilschmiedia,121.2,A
230.81,123.01,Beilschmiedia,12.3,A
188.92,291.27,Aglaia,31.5,A
416.65,48.49,Eugenia,55.3,A
448.61,112.85,Cordia,72.8,A
27.95,146.32,Inga,13.1,A
178.18,394.42,Cupania,328.4,A
117.08,317.13,Aglaia,62.0,A
359.26,374.41,Dipteryx,54.5,A
357.83,27.92,Calophyllum,521.4,A
28.42,366.34,Quararibea,35.0,A
123.76,1.94,Dipteryx,308.1,A
397.82,46.93,Dipteryx,22.5,A
233.11,170.08,Hirtella,47.3,A
44.25,261.35,Drypetes,16.1,A
316.62,132.29,Knema,32.2,A
102.98,268.49,Dipteryx,124.1,A
264.85,0.91,Jacaranda,11.8,A
431.19,181.45,Eugenia,,D
53.54,332.79,Aglaia,12.9,A
494.15,117.61,Eugenia,59.3,A
418.54,184.32,Aglaia,,D
318.37,155.11,Inga,84.8,A
420.52,177.15,Eugenia,32.2,A
223.89,250.62,Beilschmiedia,41.5,A
24.12,126.86,Garcinia,206.6,A
280.59,162.25,Beilschmiedia,126.8,A
211.91,243.22,Aglaia,24.7,A
341.4,389.95,Beilschmiedia,10.3,A
94.91,308.19,Beilschmiedia,107.0,A
205.62,73.83,Garcinia,18.3,A
480.44,139.29,Beilschmiedia,21.7,A
245.07,1.59,Dipteryx,296.8,A
308.04,95.07,Alseis,137.1,A
11.57,196.13,Dipteryx,88.3,A
89.52,268.12,Alseis,32.9,A
196.05,290.02,Drypetes,12.1,A
521.81,114.3,Aglaia,,D
151.42,152.91,Alseis,260.0,A
185.31,325.47,Eugenia,,M
517.13,168.96,Calophyllum,15.4,A
288.53,47.42,Guarea,22.7,A
580.57,10.23,Faramea,11.7,A
528.25,158.09,Aglaia,11.3,A
93.09,117.28,Cordia,29.4,A
321.51,200.39,Dipteryx,61.5,A
176.63,109.82,Inga,10.3,A
144.05,183.91,Palaquium,16.9,A
88.54,241.49,Drypetes,24.2,A
115.82,271.07,Guarea,11.2,A
559.85,121.05,Shorea,10.4,A
574.0,75.73,Beilschmiedia,67.9,A
310.54,152.75,Cordia,120.5,A
309.84,225.44,Cordia,105.6,A
212.58,253.12,Dipteryx,119.9,A
237.37,167.82,Cordia,60.5,A
159.42,184.25,Quararibea,36.1,A
513.61,45.74,Dipteryx,19.3,A
102.52,221.47,Faramea,22.1,A
500.5,16.92,Guarea,16.7,A
24.09,151.16,Sloanea,50.5,A
129.55,253.67,Faramea,25.3,A
88.45,343.01,Aglaia,22.2,A
77.03,363.74,Beilschmiedia,12.9,A
229.36,229.84,Eugenia,,D
211.73,65.76,Alseis,,M
301.66,139.58,Ocotea,22.3,A
4.23,139.61,Garcinia,67.7,A
102.1,107.57,Hirtella,12.7,A
397.76,52.96,Jacaranda,11.6,A
581.38,110.88,Calophyllum,19.9,A
345.77,381.73,Aglaia,23.5,A
84.18,225.75,Shorea,,D
328.32,364.86,Alseis,84.0,A
59.73,120.83,Drypetes,,D
390.81,59.48,Garcinia,13.0,A
413.87,110.13,Ficus,10.5,A
478.01,169.32,Calophyllum,,D
34.87,130.26,Dipteryx,22.0,A
422.39,98.16,Aglaia,25.5,A
391.76,381.86,Alseis,43.0,A
367.71,38.71,Drypetes,,D
246.12,147.57,Nectandra,53.5,A
242.58,398.4,Ocotea,20.7,A
290.65,13.38,Aglaia,19.6,A
393.31,72.44,Aglaia,31.0,A
456.29,194.52,Drypetes,348.9,A
187.31,209.59,Aglaia,12.6,A
458.46,20.8,Beilschmiedia,71.3,A
295.14,176.28,Beilschmiedia,39.9,A
132.19,255.98,Ocotea,202.2,A
40.6,96.2,Dipteryx,40.6,A
60.76,323.71,Rinorea,13.5,A
15.55,76.76,Beilschmiedia,26.1,A
505.76,66.81,Calophyllum,26.7,A
107.21,215.16,Calophyllum,922.3,A
125.37,136.56,Macaranga,12.7,A
348.0,18.88,Dipteryx,16.0,A
118.63,55.18,Jacaranda,12.5,A
120.81,250.4,Garcinia,,D
87.8,133.09,Dipteryx,24.3,A
113.5,335.48,Drypetes,15.3,A
362.25,191.56,Calophyllum,10.2,A
266.5,326.58,Jacaranda,18.1,A
497.34,3.66,Macaranga,283.7,A
368.95,253.91,Garcinia,246.9,A
393.28,56.95,Drypetes,20.9,A
170.85,129.23,Calophyllum,109.7,A
176.12,305.33,Alseis,170.2,A
173.55,92.21,Jacaranda,22.0,A
57.81,0.31,Cordia,14.6,A
195.39,145.88,Aglaia,52.3,A
44.92,296.58,Alseis,39.1,A
161.57,351.2,Eugenia,16.1,A
7.33,105.15,Aglaia,74.9,A
365.42,230.1,Guarea,17.1,A
163.19,224.97,Swartzia,51.7,A
429.32,143.23,Beilschmiedia,22.3,A
326.77,391.75,Jacaranda,44.6,A
181.78,75.34,Nectandra,142.7,A
311.1,188.11,Jacaranda,36.4,A
170.34,81.49,Calophyllum,10.7,A
239.52,376.69,Alseis,59.4,A
218.65,29.92,Alseis,,D
410.22,39.49,Alseis,11.6,A
329.34,105.61,Beilschmiedia,10.2,A
255.83,271.6,Cordia,92.2,A
54.37,226.58,Drypetes,18.5,A
32.73,328.24,Drypetes,24.6,A
402.63,175.07,Guarea,,M
122.87,273.92,Brosimum,14.5,A
204.3,154.05,Aglaia,122.7,A
236.19,176.94,Cordia,,D
309.59,315.27,Protium,19.2,A
23.81,241.18,Macaranga,29.9,A
250.49,185.7,Licania,329.0,A
171.97,151.35,Palaquium,40.8,A
231.96,319.45,Trichilia,38.3,A
99.97,46.51,Aglaia,13.3,A
156.97,226.41,Drypetes,18.7,A
556.67,58.43,Aglaia,17.2,A
15.33,191.43,Alseis,36.3,A
38.56,294.02,Cordia,10.8,A
234.15,143.56,Calophyllum,36.7,A
237.01,266.79,Sloanea,,M
547.9,90.73,Beilschmiedia,41.6,A
77.41,393.55,Garcinia,,D
182.89,203.8,Aglaia,37.8,A
240.95,219.1,Guarea,16.4,A
202.38,121.23,Alseis,37.8,A
7.31,192.24,Hirtella,33.4,A
290.07,179.33,Macaranga,19.2,A
537.44,117.31,Aglaia,11.0,A
160.51,47.88,Calophyllum,86.5,A
543.04,31.42,Licania,72.9,A
103.42,229.42,Nectandra,11.7,A
383.93,161.96,Dipteryx,13.7,A
241.84,186.56,Eugenia,14.7,A
402.76,85.89,Aglaia,67.0,A
127.96,234.01,Knema,810.6,A
225.76,300.59,Aglaia,50.8,A
154.56,92.2,Hirtella,11.3,A
403.21,41.45,Alseis,144.0,A
344.67,260.22,Ocotea,41.9,A
103.1,224.02,Aglaia,20.9,A
53.91,148.68,Virola,13.0,A
16.85,59.11,Erythroxylum,10.9,A
106.0,250.43,Brosimum,100.9,A
474.17,38.64,Calophyllum,34.4,A
198.64,347.89,Cordia,12.2,A
454.09,5.35,Beilschmiedia,117.9,A
311.95,396.13,Cupania,14.7,A
11.19,130.41,Inga,15.3,A
441.14,46.83,Beilschmiedia,10.6,A
119.9,81.61,Drypetes,46.5,A
393.31,234.49,Dipteryx,,D
565.05,76.38,Beilschmiedia,151.6,A
149.65,74.33,Calophyllum,34.8,A
24.75,134.59,Hirtella,202.8,A
364.01,292.99,Licania,19.8,A
368.36,71.29,Calophyllum,31.5,A
199.31,88.72,Alseis,27.2,A
112.12,239.97,Aglaia,11.5,A
58.86,124.64,Alseis,17.3,A
193.51,110.3,Alseis,46.7,A
120.83,314.68,Garcinia,80.5,A
168.55,88.77,Inga,31.9,A
149.29,80.64,Inga,,D
409.48,65.42,Guarea,269.3,A
545.45,97.88,Aglaia,113.7,A
124.91,44.38,Hirtella,11.5,A
52.56,214.33,Garcinia,67.9,A
117.77,336.81,Aglaia,16.3,A
190.22,184.51,Jacaranda,343.5,A
35.2,373.4,Calophyllum,,D
385.7,222.84,Dipteryx,28.8,A
238.37,158.03,Trichilia,11.7,A
247.24,206.49,Jacaranda,33.7,A
58.16,179.4,Drypetes,14.3,A
561.51,37.12,Faramea,240.0,A
303.36,121.64,Dipteryx,295.0,A
547.27,186.57,Rinorea,41.0,A
164.03,58.89,Calophyllum,73.3,A
345.51,310.74,Licania,,D
244.74,323.99,Beilschmiedia,38.6,A
416.68,38.78,Eugenia,35.5,A
21.73,297.55,Drypetes,39.3,A
263.04,188.03,Guarea,137.6,A
465.62,10.48,Beilschmiedia,174.0,A
45.2,120.35,Calophyllum,20.4,A
41.29,3.1,Licania,17.8,A
372.14,334.72,Alseis,18.1,A
267.25,311.67,Guarea,182.0,A
237.76,193.57,Eugenia,86.7,A
307.45,174.08,Inga,46.4,A
8.88,399.57,Cordia,53.0,A
382.62,230.76,Garcinia,52.7,A
83.27,64.71,Cordia,28.7,A
81.43,196.56,Cordia,55.5,A
7.06,340.96,Drypetes,10.9,A
399.65,140.44,Hirtella,46.2,A
391.29,390.36,Dipteryx,11.7,A
64.94,2.39,Licania,34.4,A
45.96,250.97,Knema,31.7,A
593.66,50.07,Aglaia,48.4,A
65.82,111.5,Calophyllum,25.9,A
87.65,226.46,Xylopia,11.4,A
136.89,365.26,Aglaia,67.3,A
536.97,188.96,Beilschmiedia,11.3,A
534.68,124.28,Aglaia,10.2,A
176.96,338.37,Faramea,15.0,A
167.63,3.71,Alseis,77.6,A
317.74,331.36,Jacaranda,14.1,A
472.37,140.47,Calophyllum,25.5,A
119.0,332.18,Knema,19.6,A
188.8,354.22,Cordia,30.4,A
29.49,357.43,Knema,14.8,A
82.64,238.92,Garcinia,26.3,A
242.12,349.12,Dipteryx,10.6,A
214.95,217.33,Eugenia,38.8,A
257.15,294.09,Dipteryx,22.2,A
33.26,197.18,Calophyllum,10.5,A
185.93,142.6,Hirtella,22.9,A
440.27,166.92,Guarea,101.8,A
258.34,267.8,Aglaia,20.5,A
507.28,137.55,Dipteryx,70.1,A
79.04,140.58,Hirtella,27.4,A
70.07,104.16,Palaquium,30.5,A
170.55,11.9,Hirtella,100.3,A
89.28,341.69,Cordia,31.6,A
423.32,35.89,Eugenia,13.8,A
42.26,83.63,Eugenia,87.7,A
18.32,281.35,Swartzia,,D
214.65,252.31,Beilschmiedia,37.4,A
410.39,119.12,Aglaia,11.9,A
48.07,33.44,Macaranga,21.1,A
20.28,268.8,Drypetes,136.6,A
52.25,135.65,Alseis,95.1,A
157.31,286.36,Cordia,163.8,A
379.38,221.98,Garcinia,29.5,A
376.97,96.24,Aglaia,15.1,A
124.83,163.32,Calophyllum,48.0,A
163.35,240.77,Knema,59.2,A
93.59,364.55,Beilschmiedia,11.7,A
66.89,341.61,Guarea,83.8,A
94.32,225.95,Dipteryx,,D
121.15,135.84,Cordia,42.8,A
359.94,208.77,Jacaranda,,D
71.55,266.83,Swartzia,36.7,A
324.24,123.74,Calophyllum,10.1,A
350.23,369.65,Alseis,11.9,A
161.13,197.63,Cordia,19.5,A
49.84,309.49,Knema,19.7,A
557.7,194.01,Guarea,93.4,A
235.14,54.95,Xylopia,,D
115.57,288.74,Drypetes,16.0,A
341.66,90.53,Cecropia,230.2,A
302.0,344.05,Alseis,27.3,A
77.5,5.84,Garcinia,18.8,A
246.7,13.85,Calophyllum,,D
323.06,121.38,Alseis,45.8,A
220.75,288.18,Aglaia,10.6,A
313.88,39.41,Eugenia,19.7,A
436.83,59.57,Licania,163.9,A
27.07,79.5,Beilschmiedia,77.3,A
150.48,30.33,Macaranga,24.4,A
335.73,399.9,Alseis,249.2,A
185.14,330.34,Eugenia,,D
22.18,334.14,Alseis,45.3,A
51.61,2.27,Garcinia,12.4,A
505.55,39.57,Drypetes,35.1,A
10.96,320.85,Calophyllum,109.4,A
438.91,134.77,Beilschmiedia,27.6,A
452.29,9.09,Beilschmiedia,181.1,A
101.16,174.36,Aglaia,22.5,A
77.09,362.87,Beilschmiedia,93.0,A
246.16,265.99,Dipteryx,28.6,A
177.14,292.17,Aglaia,10.8,A
569.35,86.99,Beilschmiedia,235.7,A
481.19,171.1,Guarea,23.8,A
292.15,27.35,Aglaia,39.5,A
240.13,278.18,Beilschmiedia,76.2,A
173.39,168.73,Aglaia,17.2,A
95.7,112.73,Hirtella,23.1,A
410.36,38.19,Calophyllum,20.7,A
156.8,203.63,Alseis,267.1,A
136.81,262.08,Calophyllum,226.5,A
489.43,137.81,Beilschmiedia,10.7,A
135.57,302.5,Dipteryx,20.0,A
269.01,185.64,Calophyllum,15.6,A
335.69,5.07,Macaranga,28.3,A
8.97,150.32,Garcinia,321.4,A
156.96,391.28,Alseis,24.1,A
47.78,232.41,Alseis,66.8,A
453.12,189.1,Guarea,14.7,A
378.45,190.45,Faramea,17.8,A
494.48,90.3,Drypetes,35.1,A
12.81,278.33,Cordia,57.7,A
476.89,115.31,Eugenia,14.7,A
393.65,339.9,Aglaia,34.6,A
384.24,84.86,Aglaia,,D
109.72,317.73,Guarea,29.4,A
437.77,47.05,Eugenia,96.0,A
114.31,121.8,Drypetes,10.2,A
391.97,65.39,Alseis,223.2,A
93.78,30.72,Aglaia,94.5,A
217.73,94.25,Aglaia,,D
67.62,168.42,Alseis,,D
238.88,275.79,Alseis,73.2,A
39.94,135.21,Aglaia,23.2,A
559.11,95.93,Beilschmiedia,25.1,A
135.81,164.73,Dipteryx,28.7,A
578.07,100.82,Macaranga,24.4,A
422.14,149.32,Calophyllum,,D
112.23,319.14,Drypetes,10.1,A
151.99,111.62,Dipteryx,67.5,A
566.73,136.82,Cordia,13.3,A
473.49,150.65,Guarea,130.5,A
205.64,337.1,Cordia,,D
25.33,242.06,Drypetes,96.0,A
85.08,93.56,Inga,12.9,A
472.76,29.89,Eugenia,10.5,A
37.83,352.15,Knema,89.8,A
40.17,227.33,Garcinia,227.4,A
269.85,193.35,Cordia,,D
48.48,306.1,Drypetes,10.2,A
450.72,75.57,Calophyllum,26.2,A
93.71,22.22,Alseis,52.2,A
29.8,26.81,Shorea,135.1,A
189.72,120.48,Licania,51.9,A
256.19,292.23,Calophyllum,74.0,A
83.1,221.6,Cordia,,D
176.97,349.02,Ocotea,271.4,A
33.7,125.61,Aglaia,35.2,A
101.62,283.73,Dipteryx,52.1,A
394.35,228.77,Guarea,10.5,A
383.22,250.95,Aglaia,82.2,A
107.73,68.98,Aglaia,13.6,A
486.57,115.08,Macaranga,39.3,A
181.3,189.65,Jacaranda,73.3,A
220.99,72.08,Alseis,47.1,A
367.79,257.5,Protium,11.1,A
97.88,28.94,Aglaia,11.3,A
361.61,349.45,Ocotea,11.3,A
401.04,14.68,Alseis,16.4,A
359.65,304.58,Aglaia,18.5,A
11.4,235.36,Hirtella,29.6,A
347.89,344.81,Eugenia,17.1,A
368.07,47.51,Protium,11.5,A
123.89,275.22,Brosimum,92.9,A
495.53,20.18,Licania,14.2,A
138.32,373.28,Aglaia,,D
299.43,159.78,Beilschmiedia,70.2,A
81.48,231.26,Eugenia,29.1,A
281.16,164.83,Beilschmiedia,,D
206.93,206.66,Garcinia,172.9,A
134.67,254.28,Palaquium,44.4,A
489.73,116.13,Eugenia,80.5,A
41.36,372.34,Beilschmiedia,73.4,A
57.39,336.15,Garcinia,,M
200.3,235.83,Cordia,13.0,A
107.68,222.61,Calophyllum,27.9,A
170.19,138.34,Calophyllum,58.4,A
88.32,230.7,Diospyros,25.6,A
209.99,62.45,Anacardium,,D
356.8,220.4,Shorea,22.5,A
384.88,244.29,Dipteryx,28.1,A
536.55,2.88,Faramea,51.3,A
516.89,137.33,Calophyllum,42.0,A
200.35,122.27,Alseis,140.8,A
146.28,302.59,Dipteryx,21.4,A
68.61,59.44,Aglaia,,M
4.48,376.81,Beilschmiedia,,D
420.65,81.64,Beilschmiedia,16.3,A
96.12,70.55,Nectandra,14.6,A
5.37,7.4,Licania,10.6,A
485.76,137.31,Beilschmiedia,12.0,A
120.73,109.64,Drypetes,61.9,A
430.06,171.53,Nectandra,39.0,A
395.57,316.17,Alseis,14.7,A
287.19,231.65,Ocotea,,D
108.0,264.06,Calophyllum,217.9,A
290.08,16.94,Aglaia,20.4,A
280.76,289.57,Aglaia,38.9,A
389.89,360.32,Dipteryx,14.2,A
185.12,297.87,Faramea,13.2,A
442.59,98.12,Calophyllum,38.9,A
411.34,62.09,Cordia,27.0,A
57.8,248.18,Guarea,43.4,A
345.62,94.88,Garcinia,29.9,A
317.44,31.55,Aglaia,,D
351.61,342.32,Eugenia,31.9,A
144.98,186.04,Calophyllum,128.6,A
279.74,16.66,Dipteryx,30.1,A
524.69,41.61,Dipteryx,132.0,A
325.1,276.84,Calophyllum,12.1,A
363.36,263.9,Jacaranda,19.1,A
227.65,310.44,Aglaia,,D
206.11,86.49,Dipteryx,34.1,A
218.15,244.21,Beilschmiedia,46.7,A
541.41,164.11,Beilschmiedia,84.5,A
335.54,235.3,Calophyllum,76.2,A
144.98,226.95,Aglaia,26.7,A
249.03,299.25,Aglaia,,D
382.22,214.59,Faramea,21.6,A
112.35,217.28,Eugenia,41.0,A
264.6,156.3,Dipteryx,,D
254.39,208.47,Shorea,82.9,A
509.35,87.27,Drypetes,,D
223.46,155.0,Licania,15.9,A
105.66,189.0,Rinorea,10.0,A
163.69,339.62,Beilschmiedia,21.7,A
595.74,86.11,Beilschmiedia,31.5,A
420.3,132.25,Beilschmiedia,224.9,A
138.1,263.13,Knema,54.1,A
4.02,103.68,Calophyllum,225.0,A
338.13,222.62,Macaranga,31.3,A
516.92,96.38,Calophyllum,10.8,A
163.75,143.75,Beilschmiedia,26.5,A
452.53,122.25,Rinorea,,D
322.56,139.55,Hirtella,13.6,A
359.73,62.88,Protium,81.0,A
367.4,146.21,Eugenia,22.9,A
49.56,261.81,Eugenia,11.6,A
507.34,56.49,Guarea,40.9,A
192.08,264.58,Dipteryx,26.5,A
233.31,329.07,Aglaia,22.1,A
351.81,392.93,Alseis,12.9,A
322.25,199.38,Dipteryx,14.3,A
148.65,166.16,Guarea,73.1,A
50.89,232.31,Eugenia,15.0,A
301.16,177.84,Inga,23.9,A
370.61,325.6,Cordia,38.6,A
82.75,12.14,Guarea,25.6,A
74.8,399.93,Cordia,23.9,A
304.59,28.51,Aglaia,36.5,A
142.42,107.73,Dipteryx,,D
126.99,153.74,Hirtella,117.9,A
344.35,293.85,Alseis,179.2,A
189.98,343.38,Garcinia,73.1,A
60.41,107.0,Drypetes,15.0,A
349.11,258.28,Calophyllum,199.0,A
237.5,176.86,Alseis,11.0,A
25.02,178.75,Nectandra,28.1,A
217.46,154.94,Calophyllum,78.5,A
344.98,266.62,Alseis,59.8,A
338.88,65.51,Protium,12.2,A
126.28,83.15,Ocotea,10.7,A
288.67,168.38,Beilschmiedia,12.5,A
537.58,189.58,Faramea,19.3,A
300.67,215.16,Calophyllum,797.5,A
510.95,88.23,Beilschmiedia,47.9,A
449.48,106.11,Aglaia,10.4,A
238.71,166.97,Eugenia,46.3,A
316.94,361.34,Dipteryx,,D
415.9,151.66,Guarea,83.8,A
355.22,44.04,Dipteryx,127.2,A
190.04,291.09,Faramea,15.5,A
425.11,50.14,Aglaia,13.5,A
248.6,171.0,Alseis,177.4,A
5.39,377.03,Eugenia,51.4,A
339.98,22.3,Alseis,75.1,A
30.44,137.13,Drypetes,30.8,A
15.9,212.1,Dipteryx,11.9,A
423.96,159.6,Calophyllum,731.9,A
6.44,389.44,Dipteryx,85.0,A
215.71,199.01,Licania,344.3,A
58.85,91.71,Cordia,47.0,A
32.92,120.4,Alseis,31.8,A
177.01,299.0,Aglaia,16.8,A
355.94,83.63,Protium,15.3,A
394.66,116.56,Alseis,127.7,A
390.36,224.62,Eugenia,16.9,A
341.6,216.8,Ocotea,39.8,A
36.95,361.13,Beilschmiedia,18.3,A
241.19,125.7,Beilschmiedia,145.7,A
339.83,393.13,Palaquium,17.3,A
348.81,399.74,Beilschmiedia,217.5,A
326.17,306.38,Aglaia,11.4,A
187.68,366.93,Jacaranda,84.9,A
310.36,220.37,Calophyllum,273.2,A
594.79,170.47,Shorea,12.0,A
89.05,380.31,Beilschmiedia,15.9,A
12.95,376.96,Eugenia,15.7,A
359.92,53.9,Dipteryx,413.9,A
359.9,24.04,Alseis,,D
7.92,176.66,Aglaia,127.6,A
62.6,346.84,Hirtella,77.5,A
223.15,290.68,Eugenia,10.3,A
79.08,99.59,Alseis,25.5,A
7.53,203.72,Alseis,,D
179.24,147.21,Macaranga,98.8,A
222.06,197.54,Dipteryx,116.0,A
0.89,152.86,Garcinia,83.9,A
336.36,326.12,Jacaranda,73.1,A
36.7,65.74,Drypetes,31.3,A
20.36,306.18,Drypetes,27.2,A
516.49,160.41,Aglaia,36.7,A
64.51,301.98,Drypetes,113.6,A
223.42,17.34,Nectandra,18.0,A
364.61,166.17,Guarea,,D
43.28,170.05,Dipteryx,248.2,A
32.62,164.03,Alseis,27.0,A
68.5,303.6,Aglaia,13.9,A
194.47,199.22,Aglaia,36.2,A
547.62,106.51,Aglaia,22.8,A
393.48,81.48,Aglaia,19.9,A
352.33,294.24,Ocotea,,M
146.73,399.37,Aglaia,11.7,A
233.96,251.86,Aglaia,10.6,A
312.75,123.34,Inga,44.6,A
594.14,98.25,Tetragastris,33.9,A
91.52,190.92,Calophyllum,16.2,A
398.56,330.9,Guarea,60.8,A
310.15,205.42,Inga,38.1,A
433.62,108.19,Calophyllum,15.9,A
235.41,369.79,Cordia,91.7,A
308.81,344.04,Cupania,11.3,A
235.76,207.3,Garcinia,10.2,A
29.67,159.66,Drypetes,67.2,A
51.03,213.63,Calophyllum,12.1,A
472.45,85.76,Licania,85.7,A
162.47,348.14,Cordia,76.9,A
35.82,16.22,Calophyllum,31.3,A
206.67,96.03,Hirtella,42.7,A
6.73,257.77,Eugenia,19.1,A
155.3,130.83,Inga,10.9,A
39.71,214.25,Aglaia,47.3,A
111.33,201.04,Rinorea,,D
397.25,85.92,Beilschmiedia,17.5,A
455.29,41.4,Ocotea,,D
75.2,95.36,Alseis,13.9,A
444.31,61.32,Beilschmiedia,150.1,A
73.33,97.06,Xylopia,34.7,A
84.79,376.2,Quararibea,14.1,A
412.01,13.28,Drypetes,218.6,A
399.11,265.45,Nectandra,173.6,A
235.02,103.61,Calophyllum,25.0,A
62.66,246.53,Drypetes,11.5,A
376.17,204.54,Faramea,11.9,A
561.74,99.11,Beilschmiedia,10.4,A
302.95,48.73,Eugenia,75.1,A
102.37,227.02,Aglaia,11.2,A
240.46,189.68,Eugenia,27.1,A
599.66,74.52,Dipteryx,41.7,A
17.47,286.34,Hirtella,14.0,A
127.78,96.31,Drypetes,46.4,A
331.7,396.07,Beilschmiedia,13.2,A
34.61,309.23,Drypetes,16.9,A
113.0,250.64,Calophyllum,,D
13.04,312.37,Xylopia,13.4,A
316.22,186.94,Hirtella,,D
245.18,258.55,Aglaia,16.8,A
220.97,363.67,Eugenia,40.3,A
349.57,269.79,Ocotea,,D
147.83,181.94,Drypetes,14.1,A
8.17,374.57,Beilschmiedia,77.6,A
182.11,121.65,Calophyllum,597.8,A
239.13,260.65,Aglaia,33.7,A
391.73,54.81,Cordia,48.0,A
177.09,308.25,Alseis,284.8,A
102.64,36.87,Protium,139.6,A
229.01,17.91,Calophyllum,16.0,A
409.88,197.0,Jacaranda,41.4,A
305.71,25.29,Aglaia,126.2,A
330.82,372.87,Aglaia,,D
48.97,158.57,Alseis,44.5,A
541.25,188.92,Beilschmiedia,10.1,A
189.58,78.95,Protium,19.0,A
399.01,256.64,Garcinia,12.7,A
319.97,213.11,Shorea,10.2,A
483.75,85.78,Licania,26.3,A
26.87,147.04,Inga,59.8,A
72.11,200.59,Cordia,28.9,A
209.47,245.15,Aglaia,15.8,A
228.94,385.69,Dipteryx,46.2,A
369.74,390.89,Eugenia,10.4,A
95.44,300.6,Beilschmiedia,21.1,A
100.31,51.61,Aglaia,92.6,A
131.06,100.23,Garcinia,56.1,A
75.77,65.83,Aglaia,25.9,A
536.49,182.88,Alseis,128.3,A
383.66,342.99,Hirtella,15.8,A
390.06,69.8,Garcinia,134.4,A
223.35,156.09,Dipteryx,57.0,A
418.32,147.89,Guarea,42.5,A
308.06,286.46,Calophyllum,41.4,A
291.92,2.53,Beilschmiedia,235.3,A
359.09,308.43,Cordia,18.9,A
35.26,356.96,Cordia,41.6,A
100.44,351.25,Dipteryx,157.7,A
207.3,53.21,Alseis,38.1,A
221.91,339.27,Garcinia,17.5,A
104.31,99.74,Palaquium,124.4,A
146.29,142.35,Beilschmiedia,26.4,A
83.32,5.38,Calophyllum,,D
117.22,266.4,Palaquium,17.4,A
20.95,388.43,Eugenia,115.5,A
8.67,132.65,Aglaia,,D
285.62,156.82,Beilschmiedia,20.0,A
51.07,284.36,Faramea,40.2,A
547.31,54.57,Alseis,12.4,A
376.85,119.77,Guarea,12.7,A
108.35,249.88,Brosimum,30.9,A
334.37,228.24,Dipteryx,12.5,A
80.93,286.96,Aglaia,36.8,A
147.13,152.94,Guarea,37.4,A
194.73,53.61,Cordia,56.2,A
107.14,27.25,Aglaia,33.0,A
60.56,280.85,Knema,26.5,A
209.44,309.17,Cordia,12.3,A
306.28,332.7,Trichilia,18.9,A
225.56,247.34,Faramea,32.2,A
100.09,121.48,Calophyllum,75.7,A
276.02,171.93,Calophyllum,24.0,A
556.08,0.91,Macaranga,23.7,A
266.01,182.6,Macaranga,,D
194.11,264.54,Alseis,211.3,A
102.84,163.36,Faramea,92.1,A
41.13,243.32,Swartzia,16.5,A
326.74,250.99,Eugenia,15.6,A
79.21,178.87,Alseis,33.0,A
417.45,82.96,Garcinia,13.8,A
40.14,286.34,Drypetes,305.0,A
195.43,142.89,Dipteryx,,D
333.33,140.51,Swartzia,57.2,A
153.76,203.31,Calophyllum,,D
436.4,53.04,Beilschmiedia,28.4,A
240.84,181.72,Alseis,465.9,A
491.98,81.22,Beilschmiedia,27.1,A
337.24,137.6,Alseis,18.9,A
541.74,189.92,Alseis,472.1,A
290.15,310.61,Calophyllum,12.7,A
346.03,132.97,Protium,52.1,A
576.2,110.55,Tetragastris,65.6,A
407.35,24.19,Jacaranda,23.7,A
426.35,22.5,Beilschmiedia,11.0,A
177.19,231.88,Aglaia,21.5,A
459.87,31.53,Eugenia,,D
133.26,252.58,Palaquium,21.0,A
234.17,312.58,Aglaia,15.5,A
198.12,288.1,Jacaranda,10.9,A
592.3,85.07,Ocotea,12.6,A
559.29,123.67,Aglaia,64.0,A
457.85,27.57,Xylopia,24.8,A
20.61,204.38,Aglaia,24.4,A
0.1,277.03,Drypetes,69.7,A
102.63,116.65,Cordia,14.3,A
113.25,80.28,Alseis,43.3,A
311.12,207.95,Inga,14.3,A
439.99,12.8,Cordia,104.7,A
34.65,271.23,Faramea,45.2,A
106.26,26.56,Cordia,128.3,A
43.26,227.99,Drypetes,62.5,A
41.0,129.4,Alseis,10.7,A
362.71,186.07,Cordia,28.1,A
348.35,358.07,Trichilia,27.4,A
501.91,111.02,Cordia,,D
181.05,324.96,Cordia,151.2,A
308.19,213.12,Jacaranda,13.3,A
326.75,137.8,Alseis,523.4,A
571.22,124.52,Jacaranda,12.9,A
22.04,180.47,Calophyllum,10.2,A
309.39,142.4,Inga,42.7,A
109.66,55.83,Hirtella,31.9,A
11.29,208.69,Alseis,64.7,A
5.88,390.57,Eugenia,16.7,A
360.3,342.53,Eugenia,16.2,A
241.11,255.06,Beilschmiedia,34.1,A
281.18,361.35,Aglaia,39.3,A
431.25,53.18,Alseis,10.7,A
127.05,127.03,Dipteryx,59.9,A
181.37,328.73,Faramea,57.4,A
147.51,137.47,Calophyllum,,D
333.63,105.97,Calophyllum,18.9,A
497.53,137.68,Beilschmiedia,20.7,A
157.78,204.05,Garcinia,,D
319.37,13.36,Jacaranda,31.5,A
241.51,77.1,Garcinia,14.1,A
172.03,181.76,Jacaranda,102.7,A
432.67,65.78,Beilschmiedia,14.7,A
170.58,263.65,Faramea,53.5,A
82.0,306.84,Rinorea,26.5,A
164.57,219.04,Drypetes,58.0,A
87.39,162.73,Alseis,15.4,A
105.6,99.99,Garcinia,14.1,A
255.59,294.65,Aglaia,22.2,A
504.81,106.68,Calophyllum,53.2,A
598.32,15.95,Faramea,25.8,A
422.76,24.57,Beilschmiedia,166.0,A
164.52,391.91,Jacaranda,25.0,A
97.75,41.81,Shorea,13.9,A
187.57,134.26,Aglaia,16.8,A
266.59,304.58,Calophyllum,31.3,A
51.08,231.89,Alseis,11.0,A
102.89,291.37,Quararibea,10.2,A
235.59,267.36,Aglaia,12.9,A
46.02,290.98,Sloanea,10.3,A
582.19,97.29,Beilschmiedia,53.3,A
129.51,399.21,Dipteryx,15.0,A
469.38,174.7,Beilschmiedia,258.8,A
438.39,84.78,Alseis,16.5,A
42.88,243.57,Dipteryx,,M
73.04,108.27,Dipteryx,13.5,A
152.76,54.62,Dipteryx,36.0,A
114.82,52.37,Calophyllum,13.4,A
106.41,298.66,Knema,15.6,A
298.6,230.84,Ocotea,16.0,A
201.65,165.87,Guarea,10.3,A
216.63,52.2,Knema,33.8,A
83.65,365.78,Beilschmiedia,100.5,A
144.61,163.79,Hirtella,,D
404.6,105.87,Protium,,D
191.5,129.07,Gustavia,16.2,A
131.23,4.7,Alseis,139.0,A
465.89,157.84,Beilschmiedia,23.5,A
384.5,336.68,Alseis,26.0,A
227.95,100.54,Garcinia,24.0,A
11.28,249.85,Nectandra,21.5,A
338.88,229.96,Cordia,,D
23.62,277.27,Calophyllum,81.3,A
99.37,151.65,Calophyllum,292.9,A
311.38,36.42,Eugenia,82.1,A
0.78,197.96,Aglaia,14.5,A
31.29,212.79,Dipteryx,320.6,A
215.02,354.44,Jacaranda,91.5,A
484.44,158.21,Dipteryx,38.1,A
160.07,361.55,Alseis,12.4,A
195.58,160.59,Cordia,25.0,A
71.13,118.58,Palaquium,10.9,A
93.72,92.9,Alseis,45.1,A
215.83,113.41,Garcinia,25.8,A
528.43,148.44,Aglaia,20.4,A
212.38,330.66,Trichilia,227.0,A
68.3,109.39,Guarea,,D
120.37,48.21,Alseis,85.3,A
404.63,118.69,Dipteryx,,M
5.24,143.76,Cordia,20.8,A
498.17,55.48,Hirtella,65.6,A
86.19,287.23,Dipteryx,50.7,A
291.2,302.92,Dipteryx,16.4,A
304.99,85.14,Aglaia,,D
31.67,51.33,Cordia,17.9,A
4.96,389.71,Guarea,,D
580.77,110.58,Calophyllum,,D
76.5,82.64,Alseis,337.5,A
63.72,317.22,Garcinia,16.4,A
65.01,105.34,Shorea,18.0,A
152.05,106.15,Cordia,86.6,A
555.35,113.87,Aglaia,16.7,A
57.6,149.11,Virola,11.7,A
441.58,83.53,Calophyllum,135.1,A
557.72,55.22,Licania,28.3,A
429.73,48.37,Garcinia,49.2,A
530.45,86.87,Guarea,,D
192.54,309.76,Eugenia,14.1,A
521.42,61.88,Calophyllum,69.8,A
320.51,115.85,Hirtella,19.0,A
74.87,73.97,Alseis,46.5,A
493.01,170.15,Jacaranda,12.3,A
372.23,239.02,Beilschmiedia,,D
556.98,85.63,Beilschmiedia,200.1,A
228.85,187.97,Alseis,78.5,A
585.57,87.73,Aglaia,10.9,A
388.33,380.72,Alseis,20.8,A
110.54,38.98,Aglaia,11.0,A
140.11,124.38,Hirtella,137.5,A
251.68,338.01,Sloanea,150.6,A
397.13,38.78,Drypetes,120.4,A
92.65,45.25,Hirtella,176.2,A
398.92,67.47,Drypetes,,D
301.22,161.51,Dipteryx,26.3,A
221.88,310.4,Calophyllum,10.3,A
488.77,127.79,Beilschmiedia,19.7,A
396.44,359.37,Aglaia,133.7,A
178.9,81.19,Ocotea,13.2,A
69.77,56.7,Alseis,14.4,A
185.59,292.93,Aglaia,14.1,A
172.36,354.58,Eugenia,20.3,A
126.03,340.81,Cordia,30.5,A
424.66,48.66,Macaranga,17.1,A
202.0,237.83,Aglaia,23.0,A
315.16,235.4,Faramea,175.6,A
337.14,222.07,Dipteryx,49.1,A
169.15,14.51,Alseis,13.9,A
78.72,144.5,Quararibea,,D
89.86,208.06,Dipteryx,217.2,A
243.13,108.15,Cordia,11.9,A
530.02,197.82,Eugenia,44.4,A
168.81,341.66,Eugenia,10.4,A
73.64,70.3,Knema,133.8,A
129.41,89.65,Calophyllum,10.6,A
212.57,57.94,Nectandra,88.4,A
573.37,83.5,Hirtella,137.8,A
103.56,139.0,Calophyllum,48.2,A
185.39,325.33,Eugenia,31.3,A
120.88,67.01,Cordia,10.2,A
549.4,89.12,Cordia,,D
191.04,391.64,Hirtella,10.3,A
166.97,17.73,Alseis,77.2,A
181.05,133.74,Palaquium,40.7,A
145.92,157.63,Macaranga,63.3,A
84.64,386.36,Garcinia,11.5,A
112.77,249.13,Hirtella,13.0,A
43.6,123.23,Virola,54.7,A
267.54,159.73,Dipteryx,12.3,A
116.48,319.76,Guarea,20.0,A
136.16,89.26,Cordia,79.5,A
384.61,228.35,Eugenia,,D
483.97,71.92,Macaranga,12.5,A
80.45,87.01,Protium,34.2,A
247.14,13.88,Calophyllum,21.7,A
45.29,331.14,Garcinia,,D
411.56,67.52,Garcinia,30.5,A
483.82,43.96,Eugenia,23.0,A
61.34,19.17,Licania,24.6,A
515.9,171.84,Beilschmiedia,26.8,A
378.63,323.54,Aglaia,63.4,A
263.55,388.26,Macaranga,,D
67.78,28.2,Protium,14.1,A
64.63,64.24,Alseis,56.5,A
473.25,118.87,Drypetes,13.3,A
509.52,49.09,Licania,100.4,A
104.44,146.58,Dipteryx,37.7,A
524.24,82.28,Cordia,90.8,A
235.53,376.8,Calophyllum,416.4,A
124.55,189.98,Aglaia,11.3,A
48.42,261.91,Garcinia,,D
96.79,245.84,Calophyllum,228.0,A
181.52,227.01,Dipteryx,27.2,A
210.32,227.63,Aglaia,13.4,A
271.63,242.86,Faramea,23.5,A
455.06,5.84,Beilschmiedia,63.5,A
212.3,172.6,Licania,482.0,A
422.28,47.54,Alseis,40.8,A
299.39,320.75,Aglaia,,D
208.74,121.3,Calophyllum,25.1,A
290.77,181.29,Cordia,29.1,A
373.66,229.47,Eugenia,12.3,A
372.69,198.89,Faramea,32.8,A
183.4,11.12,Cordia,10.3,A
125.34,42.07,Calophyllum,303.4,A
117.45,256.76,Palaquium,13.8,A
35.86,132.42,Calophyllum,25.7,A
482.13,77.2,Beilschmiedia,28.3,A
472.47,12.0,Cordia,59.5,A
273.07,243.98,Cordia,48.3,A
5.03,301.51,Faramea,20.2,A
330.55,129.39,Alseis,44.6,A
101.31,185.71,Aglaia,59.4,A
54.62,203.27,Alseis,88.5,A
384.35,45.97,Dipteryx,133.5,A
372.16,252.26,Cordia,48.0,A
95.94,155.51,Drypetes,67.7,A
537.71,32.26,Licania,323.7,A
22.9,154.3,Inga,,M
447.05,39.08,Calophyllum,12.6,A
156.11,16.39,Alseis,54.6,A
126.78,161.06,Quararibea,19.4,A
480.03,36.63,Faramea,217.6,A
258.76,181.32,Alseis,563.0,A
259.05,205.35,Eugenia,56.2,A
100.67,379.5,Garcinia,30.3,A
380.28,101.02,Alseis,15.8,A
83.9,108.81,Calophyllum,,D
445.64,126.68,Calophyllum,42.9,A
568.58,144.28,Sloanea,18.7,A
81.83,102.62,Inga,32.5,A
4.61,145.88,Aglaia,21.8,A
205.48,352.6,Garcinia,77.2,A
127.87,130.78,Drypetes,12.2,A
237.37,67.64,Knema,41.3,A
527.1,193.97,Eugenia,10.5,A
183.61,334.51,Faramea,16.9,A
260.15,332.34,Macaranga,28.6,A
218.34,224.54,Eugenia,33.2,A
245.13,333.3,Luehea,260.4,A
110.95,218.43,Palaquium,12.8,A
155.87,189.88,Licania,23.9,A
194.75,340.0,Garcinia,133.9,A
434.11,32.46,Beilschmiedia,86.8,A
28.62,289.16,Drypetes,17.4,A
28.03,363.81,Guarea,,D
448.49,141.18,Hirtella,,D
536.24,187.41,Guarea,41.7,A
226.9,235.65,Garcinia,142.3,A
420.74,58.46,Calophyllum,46.6,A
29.47,89.71,Beilschmiedia,38.6,A
224.65,43.29,Faramea,676.0,A
7.93,320.65,Faramea,622.1,A
314.62,114.86,Beilschmiedia,27.5,A
37.99,125.16,Virola,95.0,A
344.72,213.7,Faramea,525.4,A
167.18,89.35,Calophyllum,49.6,A
350.87,257.75,Ocotea,12.6,A
296.34,224.55,Guarea,,D
169.63,355.71,Cordia,24.2,A
91.24,267.92,Alseis,23.2,A
114.52,52.49,Calophyllum,15.1,A
486.46,146.58,Beilschmiedia,11.0,A
262.58,254.96,Beilschmiedia,,M
200.62,266.59,Faramea,508.0,A
336.59,332.5,Dipteryx,25.2,A
84.9,141.11,Hirtella,14.2,A
206.96,107.09,Aglaia,60.0,A
247.99,98.89,Knema,225.2,A
232.93,228.62,Calophyllum,19.0,A
447.52,179.64,Eugenia,80.4,A
50.51,131.42,Alseis,96.0,A
191.14,308.16,Drypetes,,D
581.97,75.68,Eugenia,10.8,A
499.47,82.04,Beilschmiedia,14.4,A
289.34,240.5,Protium,12.2,A
188.72,271.86,Jacaranda,17.5,A
128.84,293.31,Drypetes,57.4,A
125.25,57.58,Cordia,25.7,A
448.28,63.47,Hirtella,35.0,A
360.25,84.96,Alseis,18.8,A
267.16,331.16,Jacaranda,,M
490.91,93.99,Cordia,31.9,A
70.47,122.38,Palaquium,28.5,A
104.67,276.95,Garcinia,,D
171.65,128.4,Calophyllum,458.8,A
52.06,48.02,Alseis,18.1,A
99.79,253.12,Knema,89.5,A
20.09,161.15,Inga,10.3,A
52.63,94.02,Eugenia,36.4,A
103.7,271.24,Alseis,463.0,A
150.58,244.66,Knema,26.8,A
447.41,30.39,Drypetes,,D
154.8,145.99,Beilschmiedia,10.8,A
373.09,153.61,Eugenia,49.2,A
324.0,166.92,Inga,11.9,A
252.52,42.17,Cordia,,D
171.87,144.99,Palaquium,23.6,A
56.54,36.46,Garcinia,,D
100.4,62.3,Dipteryx,463.3,A
95.49,28.81,Eugenia,,D
403.07,82.14,Beilschmiedia,11.8,A
500.68,116.59,Drypetes,20.2,A
321.52,44.28,Aglaia,21.0,A
180.86,106.68,Calophyllum,182.4,A
377.0,173.62,Hirtella,15.7,A
82.82,118.16,Protium,30.2,A
272.4,236.66,Faramea,334.4,A
314.05,95.58,Calophyllum,15.5,A
402.03,101.22,Garcinia,102.8,A
205.56,133.61,Alseis,129.1,A
523.98,112.52,Macaranga,28.9,A
404.12,187.13,Calophyllum,13.3,A
223.01,186.57,Alseis,,D
354.54,315.12,Hirtella,12.9,A
401.27,91.5,Beilschmiedia,63.6,A
370.75,88.48,Calophyllum,17.0,A
307.38,346.41,Calophyllum,96.6,A
405.96,129.56,Alseis,230.1,A
377.67,236.34,Beilschmiedia,61.8,A
268.84,239.63,Beilschmiedia,61.6,A
258.05,198.57,Faramea,92.9,A
258.04,293.23,Aglaia,149.1,A
212.15,252.36,Beilschmiedia,112.8,A
145.46,213.41,Shorea,14.3,A
128.43,317.88,Aglaia,,D
172.42,307.54,Eugenia,,D
218.32,294.58,Faramea,527.4,A
312.24,79.76,Hirtella,16.4,A
129.11,319.44,Knema,,D
122.7,282.23,Shorea,152.0,A
96.0,209.96,Nectandra,22.8,A
20.37,74.53,Beilschmiedia,14.5,A
183.12,305.01,Drypetes,,D
266.35,158.65,Hirtella,17.4,A
353.27,335.41,Eugenia,67.7,A
84.65,198.88,Nectandra,14.7,A
251.66,38.09,Anacardium,13.6,A
53.14,228.76,Garcinia,10.2,A
11.58,202.69,Alseis,27.5,A
225.23,268.32,Aglaia,13.1,A
179.38,143.39,Aglaia,,D
100.77,107.48,Inga,10.9,A
477.1,157.32,Drypetes,12.3,A
455.87,10.62,Beilschmiedia,10.8,A
332.05,46.04,Guarea,26.0,A
470.16,52.82,Eugenia,14.6,A
388.74,308.54,Alseis,207.0,A
243.58,318.33,Cordia,79.5,A
102.29,226.66,Aglaia,10.6,A
56.18,315.75,Guarea,106.5,A
36.22,224.54,Calophyllum,55.1,A
446.37,72.59,Calophyllum,146.0,A
78.65,160.18,Alseis,29.7,A
209.97,35.72,Alseis,10.9,A
186.36,288.6,Cordia,72.8,A
520.92,190.52,Beilschmiedia,104.6,A
590.34,90.91,Beilschmiedia,20.6,A
389.88,164.2,Faramea,72.9,A
272.21,309.08,Calophyllum,742.8,A
76.26,115.19,Inga,61.6,A
371.09,32.46,Drypetes,21.6,A
148.61,273.07,Alseis,404.5,A
19.23,207.72,Aglaia,15.8,A
574.05,165.48,Cordia,14.6,A
324.94,8.16,Nectandra,14.3,A
582.84,70.14,Aglaia,17.7,A
311.5,339.25,Jacaranda,275.0,A
391.92,218.37,Eugenia,113.8,A
24.41,374.8,Beilschmiedia,137.3,A
234.28,127.12,Hirtella,77.7,A
221.23,247.0,Aglaia,152.2,A
99.34,277.52,Garcinia,91.6,A
113.37,272.87,Garcinia,15.1,A
147.01,174.69,Palaquium,60.0,A
246.18,305.32,Eugenia,44.3,A
242.67,23.39,Alseis,10.6,A
184.62,134.8,Palaquium,19.1,A
291.16,341.17,Nectandra,14.4,A
42.69,319.12,Alseis,17.4,A
485.93,40.09,Dipteryx,95.4,A
367.5,329.25,Eugenia,74.2,A
436.88,60.26,Beilschmiedia,,M
157.82,311.26,Guarea,23.6,A
163.83,8.97,Alseis,,D
212.07,244.51,Aglaia,12.6,A
512.16,162.61,Calophyllum,12.9,A
533.09,153.81,Beilschmiedia,,D
132.14,166.92,Alseis,11.8,A
392.91,210.65,Calophyllum,94.4,A
381.21,70.35,Calophyllum,31.1,A
221.18,263.83,Knema,742.5,A
253.85,246.16,Beilschmiedia,12.8,A
96.24,382.03,Quararibea,15.1,A
236.04,358.97,Alseis,25.7,A
595.5,66.34,Aglaia,33.9,A
7.28,155.58,Aglaia,11.1,A
234.04,327.49,Eugenia,10.2,A
353.29,358.83,Aglaia,32.7,A
88.6,371.9,Beilschmiedia,201.6,A
394.56,337.83,Nectandra,54.9,A
286.06,29.8,Calophyllum,414.5,A
548.91,54.91,Faramea,14.5,A
489.85,87.15,Beilschmiedia,10.4,A
72.24,287.0,Guarea,14.5,A
19.43,86.56,Beilschmiedia,18.6,A
498.29,87.17,Beilschmiedia,80.2,A
89.46,79.79,Protium,21.4,A
53.65,248.59,Sloanea,46.6,A
135.99,283.8,Brosimum,33.1,A
136.57,145.06,Hirtella,12.6,A
224.55,362.27,Eugenia,10.9,A
332.5,273.2,Hirtella,18.0,A
405.0,104.71,Garcinia,56.4,A
84.34,271.13,Alseis,11.5,A
421.14,153.11,Palaquium,34.0,A
405.32,92.52,Beilschmiedia,172.9,A
112.72,5.47,Hirtella,22.3,A
443.16,32.39,Calophyllum,133.9,A
7.4,286.13,Faramea,15.7,A
227.76,202.4,Calophyllum,29.2,A
90.17,121.47,Calophyllum,15.6,A
53.07,196.48,Cordia,186.9,A
395.47,52.49,Inga,29.9,A
523.94,191.83,Beilschmiedia,56.0,A
355.82,273.0,Guarea,27.3,A
300.96,131.76,Inga,15.8,A
413.64,168.55,Eugenia,20.5,A
203.65,175.52,Guarea,30.9,A
509.74,86.88,Macaranga,25.5,A
457.5,65.83,Licania,11.0,A
89.45,110.81,Inga,,D
515.34,9.42,Licania,37.7,A
572.55,34.19,Faramea,,M
215.44,53.76,Xylopia,87.7,A
376.57,215.71,Garcinia,78.6,A
507.54,88.19,Drypetes,12.6,A
482.16,24.05,Guarea,,D
23.45,122.22,Alseis,13.7,A
134.51,91.37,Cordia,37.8,A
179.43,20.47,Alseis,14.8,A
218.7,126.0,Alseis,56.1,A
44.03,69.09,Licania,51.7,A
141.95,247.41,Cordia,11.2,A
96.3,90.21,Alseis,13.8,A
448.34,59.05,Beilschmiedia,244.6,A
207.41,350.13,Aglaia,18.2,A
109.01,128.75,Alseis,,D
196.03,55.2,Dipteryx,13.6,A
359.75,190.81,Faramea,25.7,A
304.79,270.24,Cordia,39.4,A
424.85,68.48,Alseis,50.7,A
298.7,374.0,Cordia,18.4,A
208.16,48.18,Alseis,16.0,A
367.07,216.29,Cordia,30.2,A
470.47,113.2,Guarea,,D
488.77,17.98,Knema,13.2,A
196.23,354.17,Faramea,81.0,A
492.34,38.33,Faramea,220.9,A
399.9,51.39,Ocotea,69.9,A
198.89,102.45,Cordia,47.2,A
43.34,368.51,Beilschmiedia,24.9,A
303.9,379.01,Ocotea,16.9,A
332.04,161.84,Jacaranda,10.8,A
354.68,91.36,Aglaia,29.7,A
93.71,279.25,Alseis,68.8,A
37.13,393.88,Quararibea,220.6,A
218.88,103.77,Aglaia,27.4,A
425.72,13.8,Beilschmiedia,46.7,A
110.81,167.81,Dipteryx,11.5,A
157.63,381.55,Alseis,52.4,A
269.63,195.23,Eugenia,88.4,A
531.29,193.36,Beilschmiedia,30.5,A
362.32,118.28,Ficus,29.7,A
398.8,162.26,Palaquium,25.1,A
386.22,173.2,Nectandra,17.0,A
396.92,204.97,Dipteryx,10.4,A
462.79,156.99,Swartzia,42.5,A
87.95,313.06,Hirtella,,D
115.77,290.88,Drypetes,18.5,A
142.68,108.93,Garcinia,99.1,A
380.22,104.68,Jacaranda,10.7,A
362.4,390.22,Aglaia,53.0,A
312.59,51.22,Aglaia,160.7,A
247.5,282.18,Eugenia,27.3,A
95.26,367.19,Beilschmiedia,84.0,A
520.67,177.91,Alseis,248.1,A
472.06,156.0,Beilschmiedia,81.7,A
235.42,397.6,Dipteryx,243.2,A
205.62,394.03,Alseis,11.7,A
250.96,154.04,Licania,34.3,A
216.28,247.53,Hirtella,58.1,A
184.62,299.53,Eugenia,39.9,A
27.84,277.94,Calophyllum,69.1,A
138.24,221.15,Calophyllum,15.8,A
211.41,90.51,Licania,,M
164.12,337.49,Beilschmiedia,74.5,A
105.51,30.25,Aglaia,158.0,A
493.22,94.37,Drypetes,12.7,A
490.61,135.89,Beilschmiedia,54.2,A
31.79,272.3,Dipteryx,16.3,A
188.65,330.15,Hirtella,145.1,A
16.6,315.53,Drypetes,34.6,A
81.8,327.59,Aglaia,15.9,A
383.35,365.5,Dipteryx,,D
452.97,21.7,Licania,,D
142.36,65.49,Dipteryx,53.2,A
229.94,352.81,Cordia,72.7,A
385.11,10.48,Alseis,146.4,A
429.06,17.5,Beilschmiedia,65.4,A
103.15,271.24,Alseis,88.3,A
282.41,199.99,Eugenia,17.1,A
372.49,88.74,Ocotea,20.6,A
285.41,18.82,Nectandra,22.9,A
174.99,159.61,Jacaranda,12.7,A
66.64,298.03,Aglaia,17.1,A
225.13,25.05,Knema,10.4,A
177.56,321.58,Beilschmiedia,91.5,A
579.81,93.16,Faramea,13.7,A
340.69,247.05,Guarea,61.9,A
533.89,175.14,Beilschmiedia,41.5,A
252.24,241.71,Cordia,,D
0.4,274.41,Faramea,11.5,A
20.2,287.9,Drypetes,291.2,A
130.95,140.74,Cordia,22.4,A
308.86,275.59,Cordia,23.5,A
306.63,294.94,Aglaia,20.2,A
190.1,274.04,Faramea,53.8,A
437.12,31.85,Ocotea,12.0,A
213.44,103.65,Cordia,77.4,A
205.14,317.71,Garcinia,44.6,A
32.59,110.07,Alseis,97.5,A
77.68,369.6,Aglaia,30.5,A
146.15,80.09,Protium,13.5,A
232.42,114.35,Garcinia,11.4,A
371.69,257.36,Dipteryx,33.9,A
197.67,258.92,Dipteryx,,D
349.66,333.83,Eugenia,71.7,A
10.37,260.26,Eugenia,10.8,A
395.59,65.94,Inga,51.5,A
484.02,130.1,Eugenia,15.2,A
311.74,287.92,Aglaia,36.5,A
522.89,35.5,Dipteryx,25.7,A
477.8,166.46,Beilschmiedia,18.1,A
520.1,148.82,Guarea,49.9,A
170.72,231.23,Drypetes,16.0,A
559.58,7.96,Faramea,60.2,A
473.71,18.93,Eugenia,12.9,A
174.03,195.13,Dipteryx,23.4,A
84.35,236.25,Aglaia,11.7,A
579.08,90.86,Faramea,10.9,A
390.1,237.62,Garcinia,39.3,A
473.57,18.9,Calophyllum,43.0,A
100.73,168.9,Alseis,241.9,A
269.67,394.12,Nectandra,69.0,A
243.47,186.65,Eugenia,14.2,A
51.26,46.54,Dipteryx,72.5,A
383.97,112.21,Aglaia,14.7,A
388.16,12.64,Sloanea,21.5,A
60.13,123.69,Alseis,111.5,A
304.59,105.45,Beilschmiedia,,D
45.74,158.22,Drypetes,78.3,A
24.59,208.5,Aglaia,26.9,A
526.56,183.5,Beilschmiedia,,D
151.49,358.93,Eugenia,13.1,A
351.44,313.44,Aglaia,64.9,A
196.5,241.7,Aglaia,10.2,A
162.77,221.02,Jacaranda,15.3,A
502.14,153.06,Calophyllum,42.5,A
464.59,164.5,Beilschmiedia,95.5,A
171.72,350.39,Knema,50.2,A
560.19,119.08,Calophyllum,47.7,A
126.8,239.12,Palaquium,14.3,A
90.51,48.83,Aglaia,16.1,A
46.08,350.36,Aglaia,10.0,A
511.58,78.42,Knema,80.5,A
177.17,234.07,Drypetes,372.3,A
397.66,275.85,Calophyllum,28.0,A
244.34,222.08,Calophyllum,42.5,A
339.27,11.49,Dipteryx,44.2,A
466.04,50.69,Eugenia,19.2,A
35.35,229.39,Garcinia,15.1,A
213.54,229.81,Cordia,12.0,A
534.05,192.0,Eugenia,159.6,A
86.47,29.81,Eugenia,12.6,A
62.25,269.59,Calophyllum,387.8,A
221.61,45.82,Calophyllum,20.5,A
555.17,43.95,Cordia,30.7,A
135.12,10.55,Shorea,,D
140.89,244.51,Quararibea,23.9,A
484.68,98.74,Beilschmiedia,97.9,A
459.54,191.14,Eugenia,16.4,A
391.42,13.62,Alseis,57.9,A
559.26,68.72,Alseis,21.0,A
584.92,82.76,Beilschmiedia,36.3,A
411.52,181.61,Dipteryx,22.5,A
289.6,276.24,Hirtella,139.7,A
144.92,287.32,Guarea,27.1,A
403.36,72.37,Inga,25.8,A
281.27,170.17,Faramea,23.5,A
279.97,151.47,Trichilia,21.8,A
164.87,249.54,Calophyllum,14.8,A
518.15,102.91,Dipteryx,15.7,A
104.36,249.4,Macaranga,87.1,A
213.09,99.97,Cordia,66.2,A
283.2,27.34,Aglaia,,D
127.81,332.24,Aglaia,70.2,A
114.88,38.92,Cordia,34.7,A
355.91,245.51,Cecropia,32.3,A
89.25,371.83,Beilschmiedia,,D
57.79,40.71,Dipteryx,17.4,A
20.68,276.46,Calophyllum,459.8,A
429.84,49.2,Beilschmiedia,,D
315.56,115.54,Calophyllum,29.2,A
521.57,140.85,Aglaia,52.1,A
412.74,132.49,Beilschmiedia,12.0,A
85.89,237.89,Aglaia,34.1,A
110.35,235.59,Palaquium,85.1,A
43.01,170.31,Alseis,18.9,A
186.35,94.35,Dipteryx,57.3,A
299.99,150.15,Inga,14.2,A
119.66,376.71,Diospyros,10.7,A
396.87,260.16,Cordia,12.5,A
233.33,149.98,Swartzia,44.2,A
70.93,33.83,Aglaia,23.8,A
215.22,69.18,Dipteryx,14.9,A
217.28,289.14,Faramea,20.0,A
571.63,78.91,Beilschmiedia,90.6,A
561.93,36.31,Macaranga,42.2,A
200.55,115.22,Knema,12.4,A
406.64,30.03,Xylopia,,D
223.92,317.53,Ocotea,29.8,A
142.56,246.12,Calophyllum,29.6,A
68.05,327.2,Cordia,14.5,A
280.1,279.69,Dipteryx,31.3,A
258.93,22.23,Jacaranda,53.7,A
192.64,263.98,Alseis,46.0,A
180.42,197.55,Drypetes,11.3,A
85.98,154.91,Cordia,38.6,A
190.26,47.25,Dipteryx,17.8,A
374.07,251.11,Beilschmiedia,15.6,A
137.42,138.26,Beilschmiedia,10.3,A
68.61,190.18,Aglaia,93.2,A
77.9,152.26,Macaranga,44.7,A
102.63,226.64,Dipteryx,,D
170.79,207.57,Palaquium,31.0,A
47.64,328.52,Aglaia,,D
84.9,164.82,Guarea,15.0,A
391.07,372.21,Alseis,26.8,A
407.48,48.08,Alseis,162.3,A
575.16,74.95,Beilschmiedia,21.8,A
122.93,123.44,Beilschmiedia,27.4,A
375.18,41.92,Drypetes,21.8,A
503.24,103.33,Drypetes,14.0,A
553.41,60.62,Faramea,44.2,A
8.4,341.65,Dipteryx,12.6,A
396.11,21.14,Calophyllum,,D
161.12,290.74,Dipteryx,17.5,A
13.35,81.44,Beilschmiedia,129.3,A
347.17,339.03,Dipteryx,10.6,A
441.15,59.0,Jacaranda,56.8,A
375.04,299.82,Licania,15.2,A
263.13,337.44,Alseis,23.9,A
401.11,85.31,Beilschmiedia,,M
210.43,143.73,Ocotea,35.2,A
423.51,13.58,Beilschmiedia,11.9,A
463.3,56.86,Dipteryx,13.7,A
328.63,138.47,Alseis,23.8,A
521.25,181.96,Beilschmiedia,32.5,A
92.43,302.26,Beilschmiedia,217.9,A
409.05,104.07,Alseis,29.8,A
204.59,326.54,Faramea,11.7,A
162.89,380.11,Alseis,26.8,A
178.61,256.36,Hirtella,88.2,A
329.65,5.6,Jacaranda,22.2,A
522.44,192.8,Alseis,30.2,A
374.84,157.43,Faramea,14.7,A
233.44,284.78,Aglaia,57.4,A
291.0,179.01,Trichilia,21.9,A
452.75,173.32,Beilschmiedia,,D
176.72,327.57,Jacaranda,22.6,A
174.41,171.5,Protium,43.0,A
321.89,113.65,Calophyllum,67.6,A
346.48,146.47,Cordia,21.2,A
363.68,232.68,Calophyllum,423.2,A
368.54,215.85,Hirtella,,D
229.68,91.97,Ocotea,12.4,A
3.72,31.93,Cordia,15.2,A
121.47,94.47,Inga,,D
354.4,212.52,Alseis,10.2,A
29.58,264.92,Faramea,28.9,A
50.64,244.12,Drypetes,11.3,A
214.41,344.62,Eugenia,56.2,A
246.16,352.43,Aglaia,10.2,A
173.07,121.68,Aglaia,,D
58.08,273.65,Garcinia,12.6,A
43.43,314.42,Calophyllum,27.0,A
206.15,308.5,Guarea,12.8,A
0.44,292.53,Cordia,10.4,A
397.87,48.71,Inga,26.6,A
120.65,123.07,Alseis,22.4,A
482.03,7.35,Drypetes,61.7,A
80.42,139.72,Dipteryx,21.1,A
396.74,149.39,Faramea,46.6,A
154.12,301.57,Alseis,13.1,A
308.49,186.97,Cordia,137.5,A
230.34,263.89,Aglaia,14.5,A
420.81,25.73,Garcinia,65.2,A
550.53,93.72,Beilschmiedia,15.5,A
344.62,146.01,Macaranga,10.1,A
232.9,314.18,Eugenia,11.5,A
431.25,27.59,Garcinia,38.5,A
218.51,68.49,Alseis,46.9,A
127.92,374.63,Cordia,157.2,A
341.35,77.73,Aglaia,32.4,A
227.46,250.15,Beilschmiedia,98.8,A
170.91,204.03,Drypetes,88.9,A
23.85,375.21,Beilschmiedia,94.9,A
8.48,388.54,Alseis,,D
227.37,244.98,Nectandra,141.1,A
309.79,39.57,Eugenia,23.5,A
41.15,91.62,Drypetes,198.8,A
540.95,95.76,Beilschmiedia,22.9,A
427.01,59.58,Aglaia,65.3,A
411.05,178.52,Eugenia,48.1,A
174.74,323.36,Faramea,13.0,A
20.8,109.86,Cordia,11.0,A
498.18,82.81,Beilschmiedia,94.8,A
419.39,163.0,Cordia,,D
261.8,19.93,Ocotea,22.0,A
222.5,255.8,Drypetes,15.9,A
223.27,364.24,Trichilia,108.0,A
192.05,337.35,Eugenia,18.3,A
8.62,84.48,Hirtella,,D
154.29,144.54,Beilschmiedia,19.9,A
356.31,385.5,Beilschmiedia,10.9,A
147.36,111.23,Guarea,14.6,A
282.6,23.49,Aglaia,10.9,A
250.14,158.11,Jacaranda,51.4,A
400.56,81.38,Garcinia,31.9,A
205.64,131.36,Alseis,27.8,A
380.62,68.84,Cordia,98.9,A
106.33,242.62,Calophyllum,,D
85.35,225.95,Drypetes,10.1,A
171.24,304.95,Alseis,22.0,A
214.91,286.38,Knema,20.4,A
244.39,330.31,Beilschmiedia,10.2,A
201.56,313.49,Drypetes,,D
220.86,197.99,Licania,11.5,A
416.54,18.09,Drypetes,31.9,A
83.9,347.45,Aglaia,20.4,A
445.4,76.77,Licania,79.7,A
294.9,202.79,Cordia,69.5,A
211.05,295.04,Knema,391.4,A
440.96,135.43,Calophyllum,77.7,A
337.2,144.68,Macaranga,21.3,A
376.05,230.68,Beilschmiedia,99.4,A
520.85,160.37,Dipteryx,224.1,A
5.03,117.63,Aglaia,10.9,A
14.8,92.46,Drypetes,152.3,A
259.65,354.95,Calophyllum,36.1,A
566.88,146.22,Hirtella,,D
348.02,303.87,Licania,11.1,A
312.36,205.72,Garcinia,11.3,A
137.35,393.22,Aglaia,19.4,A
168.47,314.67,Drypetes,53.7,A
119.63,124.1,Alseis,101.5,A
108.21,304.97,Hirtella,20.7,A
493.29,136.34,Beilschmiedia,109.3,A
399.74,153.28,Palaquium,11.5,A
309.98,307.9,Alseis,13.2,A
500.19,103.0,Jacaranda,40.8,A
83.19,6.23,Calophyllum,505.7,A
311.53,100.21,Cecropia,231.0,A
91.66,212.97,Calophyllum,,D
449.93,67.74,Hirtella,196.6,A
93.71,380.09,Guarea,14.7,A
85.62,92.22,Alseis,59.5,A
352.21,13.18,Alseis,14.8,A
118.0,173.38,Cordia,,D
330.56,67.71,Cordia,21.2,A
166.37,346.66,Eugenia,12.9,A
47.08,257.18,Calophyllum,45.7,A
362.11,393.21,Eugenia,26.4,A
250.55,291.64,Aglaia,130.4,A
136.06,92.8,Protium,189.5,A
43.82,369.73,Beilschmiedia,33.0,A
256.8,333.74,Luehea,31.2,A
114.44,275.34,Garcinia,57.4,A
346.45,267.62,Alseis,36.7,A
92.63,273.93,Alseis,28.0,A
50.29,215.94,Calophyllum,10.4,A
35.01,395.8,Quararibea,,D
488.89,122.75,Beilschmiedia,119.9,A
273.11,153.14,Beilschmiedia,10.6,A
190.05,45.92,Alseis,354.8,A
423.86,106.55,Dipteryx,120.6,A
489.87,41.68,Faramea,37.1,A
209.25,339.52,Aglaia,,D
145.4,161.51,Cordia,,D
244.08,329.13,Beilschmiedia,12.7,A
555.73,62.74,Faramea,23.8,A
494.47,48.43,Hirtella,42.8,A
109.84,116.9,Alseis,10.5,A
243.59,94.21,Garcinia,22.5,A
213.99,250.16,Beilschmiedia,39.7,A
198.21,239.87,Drypetes,38.0,A
504.12,64.39,Faramea,79.1,A
115.58,228.44,Palaquium,18.3,A
557.06,114.8,Aglaia,46.7,A
27.87,363.49,Guarea,11.9,A
27.7,129.8,Jacaranda,,D
204.58,132.19,Guarea,12.3,A
247.3,150.62,Jacaranda,13.4,A
423.83,108.43,Jacaranda,62.4,A
385.13,70.87,Alseis,35.3,A
424.09,22.11,Beilschmiedia,,D
394.28,12.73,Alseis,20.2,A
134.2,161.34,Palaquium,21.5,A
214.14,105.95,Garcinia,,D
337.55,112.09,Aglaia,112.1,A
588.97,85.06,Aglaia,29.2,A
214.49,345.29,Hirtella,15.1,A
63.42,322.87,Aglaia,61.4,A
326.16,139.11,Shorea,,D
352.32,265.23,Alseis,14.1,A
35.03,379.07,Calophyllum,22.6,A
305.0,203.42,Dipteryx,15.3,A
222.47,159.52,Ocotea,94.3,A
378.46,344.76,Licania,10.4,A
181.09,304.55,Aglaia,19.6,A
293.69,8.1,Hirtella,85.8,A
67.77,204.72,Protium,63.4,A
358.35,64.19,Calophyllum,12.5,A
334.3,222.46,Cordia,10.9,A
272.7,290.51,Dipteryx,,D
319.36,140.32,Inga,15.4,A
66.6,158.33,Calophyllum,94.5,A
317.34,154.23,Inga,42.2,A
237.29,159.12,Alseis,12.3,A
440.41,24.96,Beilschmiedia,12.1,A
220.38,123.83,Alseis,12.4,A
37.78,376.02,Beilschmiedia,21.1,A
184.01,157.47,Calophyllum,31.3,A
63.29,73.49,Macaranga,37.4,A
367.07,250.47,Dipteryx,229.3,A
312.78,99.56,Alseis,49.1,A
555.45,91.23,Aglaia,,D
432.51,130.43,Beilschmiedia,21.7,A
590.37,54.2,Alseis,32.6,A
122.02,318.87,Garcinia,13.4,A
395.96,60.83,Aglaia,14.1,A
495.44,128.84,Cordia,14.1,A
29.77,50.6,Erythroxylum,11.0,A
374.86,250.71,Garcinia,10.6,A
39.26,113.67,Dipteryx,194.2,A
531.04,183.94,Beilschmiedia,14.7,A
108.24,102.38,Garcinia,19.0,A
206.67,4.16,Anacardium,,D
351.35,77.06,Hirtella,12.9,A
70.47,31.65,Hirtella,12.6,A
140.15,88.04,Quararibea,11.3,A
97.3,306.15,Drypetes,279.6,A
199.19,206.86,Jacaranda,32.7,A
234.28,366.07,Alseis,18.5,A
403.17,81.72,Beilschmiedia,13.0,A
345.69,395.89,Beilschmiedia,21.6,A
343.38,25.43,Xylopia,46.3,A
173.23,301.97,Knema,47.1,A
139.86,390.74,Aglaia,12.6,A
125.54,100.32,Garcinia,73.8,A
315.3,346.61,Nectandra,60.6,A
179.72,247.4,Dipteryx,13.6,A
236.54,17.61,Alseis,82.5,A
479.71,196.74,Knema,246.5,A
162.25,245.98,Hirtella,13.8,A
348.02,349.23,Eugenia,27.6,A
408.09,163.91,Palaquium,16.4,A
426.2,75.8,Eugenia,24.1,A
127.86,230.09,Calophyllum,31.8,A
414.92,193.53,Alseis,15.3,A
517.71,44.65,Licania,58.0,A
127.86,254.34,Calophyllum,42.7,A
485.33,156.54,Drypetes,16.6,A
198.54,338.04,Jacaranda,23.5,A
481.71,19.78,Licania,14.8,A
572.91,87.83,Beilschmiedia,212.3,A
134.82,228.81,Calophyllum,11.9,A
359.38,321.07,Licania,12.1,A
230.97,350.67,Aglaia,13.3,A
364.5,79.3,Garcinia,25.3,A
130.91,327.41,Aglaia,24.7,A
243.77,87.01,Jacaranda,293.0,A
79.19,89.28,Calophyllum,10.2,A
11.41,180.05,Cordia,46.3,A
143.78,157.17,Alseis,58.1,A
105.35,366.38,Garcinia,47.7,A
148.95,298.23,Sloanea,11.1,A
262.44,218.43,Cordia,93.8,A
326.97,137.56,Inga,12.5,A
562.29,158.71,Jacaranda,26.7,A
113.74,120.32,Inga,14.0,A
132.1,98.34,Calophyllum,13.8,A
173.56,172.92,Cordia,141.7,A
250.93,213.36,Garcinia,16.2,A
270.55,304.52,Cordia,28.3,A
516.6,73.01,Guarea,47.5,A
120.58,327.78,Garcinia,42.3,A
149.35,363.84,Alseis,117.1,A
549.89,75.31,Faramea,25.9,A
313.16,215.18,Inga,148.2,A
200.17,396.05,Diospyros,71.2,A
30.05,49.37,Sloanea,59.0,A
154.04,269.82,Brosimum,82.0,A
378.09,291.43,Dipteryx,35.3,A
507.28,9.93,Hirtella,16.0,A
234.14,170.88,Alseis,396.5,A
163.84,348.11,Cordia,13.3,A
597.92,78.73,Eugenia,11.9,A
475.98,13.72,Faramea,40.2,A
487.19,38.6,Faramea,,D
497.28,65.28,Ocotea,132.8,A
127.08,321.58,Faramea,12.3,A
388.67,216.24,Hirtella,11.5,A
415.0,171.33,Guarea,33.0,A
305.64,154.04,Inga,20.0,A
263.85,232.07,Cordia,13.4,A
243.92,175.42,Alseis,10.2,A
203.88,36.92,Dipteryx,,M
212.07,124.9,Alseis,37.0,A
127.53,234.85,Dipteryx,35.8,A
551.7,163.93,Beilschmiedia,11.1,A
169.17,178.5,Guarea,12.0,A
389.11,78.15,Protium,19.8,A
576.36,94.14,Alseis,15.5,A
76.48,79.53,Alseis,33.7,A
462.58,53.95,Ocotea,18.2,A
415.45,91.26,Garcinia,132.0,A
79.7,178.42,Jacaranda,14.9,A
79.95,12.31,Shorea,40.2,A
186.84,113.79,Protium,58.7,A
531.65,34.44,Drypetes,19.1,A
203.3,198.03,Calophyllum,15.6,A
314.67,105.92,Beilschmiedia,16.3,A
390.67,236.77,Nectandra,19.3,A
311.81,39.4,Aglaia,73.9,A
308.27,84.55,Swartzia,71.9,A
64.6,64.79,Alseis,389.1,A
280.44,366.27,Aglaia,26.8,A
73.35,195.16,Nectandra,35.3,A
8.66,167.43,Nectandra,46.3,A
380.1,62.34,Inga,15.9,A
224.33,344.41,Luehea,68.6,A
124.58,110.47,Garcinia,21.7,A
177.31,296.4,Alseis,11.3,A
53.37,151.61,Protium,25.4,A
367.3,46.2,Drypetes,120.7,A
169.68,250.59,Guarea,14.8,A
57.57,260.95,Ocotea,25.4,A
95.12,175.78,Aglaia,14.8,A
205.59,346.41,Aglaia,23.3,A
394.69,63.07,Ocotea,24.0,A
352.29,228.73,Cordia,17.3,A
84.97,192.57,Cordia,11.8,A
46.21,294.85,Aglaia,16.3,A
93.47,225.26,Guarea,158.8,A
158.79,196.39,Hirtella,148.6,A
416.03,45.9,Eugenia,21.1,A
281.67,342.2,Hirtella,11.2,A
53.2,270.72,Calophyllum,176.8,A
161.49,172.95,Ocotea,23.0,A
18.76,212.66,Calophyllum,73.2,A
517.29,153.54,Sloanea,10.1,A
551.08,48.18,Licania,86.8,A
259.93,321.18,Dipteryx,22.8,A
235.47,55.17,Xylopia,20.8,A
129.81,43.73,Macaranga,14.3,A
385.43,166.96,Faramea,182.5,A
275.71,222.12,Dipteryx,47.7,A
17.05,204.74,Anacardium,10.5,A
427.87,154.57,Beilschmiedia,16.2,A
209.49,308.26,Faramea,121.3,A
375.31,151.51,Cordia,63.9,A
93.59,148.94,Drypetes,14.5,A
76.87,297.81,Aglaia,71.7,A
225.63,273.62,Cordia,18.3,A
242.34,162.36,Alseis,93.3,A
324.12,319.14,Cordia,59.9,A
76.86,266.87,Cordia,12.8,A
124.9,133.48,Calophyllum,32.0,A
248.43,279.18,Garcinia,126.9,A
235.78,279.64,Garcinia,34.7,A
33.58,246.89,Calophyllum,31.8,A
91.04,245.44,Aglaia,21.3,A
517.87,178.97,Beilschmiedia,138.8,A
57.32,294.56,Aglaia,42.0,A
15.58,265.73,Hirtella,86.8,A
212.21,339.66,Aglaia,39.9,A
361.91,330.35,Alseis,12.6,A
234.26,187.56,Knema,14.3,A
351.35,269.99,Macaranga,,D
398.6,89.42,Beilschmiedia,20.5,A
168.51,50.71,Macaranga,17.9,A
443.31,15.56,Guarea,50.1,A
62.7,234.63,Knema,,M
247.08,269.86,Garcinia,,D
239.75,307.26,Sloanea,14.7,A
82.0,167.01,Alseis,49.8,A
87.37,268.86,Alseis,491.2,A
185.59,335.4,Eugenia,56.5,A
404.18,115.58,Cordia,193.5,A
510.11,48.05,Calophyllum,557.7,A
514.14,110.08,Calophyllum,10.4,A
408.13,175.36,Macaranga,154.5,A
360.42,339.48,Alseis,116.0,A
327.96,15.68,Garcinia,40.8,A
50.83,37.44,Calophyllum,16.5,A
268.82,252.41,Beilschmiedia,11.0,A
254.11,161.8,Cordia,12.4,A
63.94,317.19,Aglaia,,D
377.46,357.79,Tetragastris,44.5,A
469.57,29.39,Eugenia,26.4,A
396.16,230.32,Faramea,31.3,A
178.02,220.76,Macaranga,13.9,A
47.21,329.18,Knema,393.7,A
106.65,238.56,Nectandra,10.7,A
598.75,21.13,Guarea,80.2,A
104.28,393.25,Beilschmiedia,,D
308.12,289.29,Calophyllum,37.7,A
425.22,143.15,Beilschmiedia,19.8,A
397.0,82.84,Drypetes,12.2,A
33.56,233.0,Garcinia,11.8,A
66.57,193.42,Cordia,10.0,A
123.79,232.97,Calophyllum,34.0,A
557.01,130.36,Aglaia,35.7,A
261.09,341.51,Jacaranda,11.3,A
304.5,52.84,Hirtella,13.2,A
36.37,70.65,Drypetes,195.9,A
49.03,195.15,Aglaia,89.1,A
341.88,217.9,Cordia,24.1,A
57.24,330.84,Rinorea,10.7,A
302.05,329.03,Calophyllum,25.3,A
344.75,310.57,Licania,182.2,A
192.51,107.19,Aglaia,16.4,A
12.56,254.36,Garcinia,29.1,A
116.79,276.49,Garcinia,84.8,A
3.41,59.8,Drypetes,17.4,A
274.06,166.53,Jacaranda,353.7,A
156.82,149.99,Aglaia,150.4,A
47.48,293.69,Faramea,276.0,A
177.06,141.83,Aglaia,12.8,A
232.79,268.35,Eugenia,83.7,A
165.54,33.85,Alseis,47.3,A
309.34,216.92,Faramea,,D
149.17,142.93,Calophyllum,53.7,A
316.43,20.24,Garcinia,65.9,A
588.76,131.89,Faramea,34.0,A
23.28,265.69,Drypetes,45.6,A
342.8,248.92,Eugenia,45.9,A
267.69,263.37,Aglaia,31.1,A
259.7,152.89,Knema,130.7,A
282.83,270.26,Aglaia,37.1,A
160.39,184.64,Palaquium,123.3,A
30.4,294.9,Cordia,13.7,A
364.12,189.73,Jacaranda,15.6,A
148.75,34.96,Calophyllum,17.8,A
264.2,272.16,Aglaia,11.4,A
126.0,322.79,Quararibea,17.5,A
178.54,330.92,Rinorea,29.0,A
472.1,96.52,Calophyllum,13.0,A
38.48,88.21,Eugenia,56.3,A
178.63,165.64,Calophyllum,12.5,A
390.89,7.81,Alseis,23.3,A
186.43,201.12,Palaquium,31.0,A
106.41,125.07,Drypetes,,D
223.32,30.12,Knema,10.1,A
6.9,36.66,Dipteryx,444.7,A
225.76,303.96,Dipteryx,330.7,A
235.3,370.2,Eugenia,19.7,A
364.52,389.72,Palaquium,20.9,A
410.85,46.05,Alseis,190.8,A
500.24,54.43,Ocotea,11.9,A
362.58,92.54,Garcinia,,D
442.95,54.56,Beilschmiedia,11.1,A
404.32,20.93,Cordia,12.1,A
21.69,159.96,Jacaranda,17.5,A
347.75,241.62,Cecropia,19.9,A
53.06,177.09,Protium,10.1,A
503.71,59.12,Licania,945.2,A
331.18,396.69,Dipteryx,201.4,A
378.91,62.63,Aglaia,43.1,A
566.01,160.02,Faramea,279.2,A
364.7,388.88,Dipteryx,13.8,A
579.06,65.55,Alseis,28.9,A
580.78,144.41,Tetragastris,38.8,A
461.46,109.02,Rinorea,93.3,A
46.22,216.77,Aglaia,,D
300.15,280.94,Calophyllum,14.6,A
239.66,365.96,Alseis,15.8,A
320.77,127.45,Inga,11.8,A
462.27,197.41,Dipteryx,13.9,A
225.34,173.1,Alseis,,D
291.13,201.36,Hirtella,16.4,A
544.91,80.65,Beilschmiedia,17.9,A
105.89,36.29,Aglaia,36.3,A
154.33,150.47,Quararibea,202.4,A
251.27,278.02,Aglaia,90.1,A
531.06,173.81,Beilschmiedia,45.5,A
151.11,378.25,Guarea,,D
527.19,134.28,Aglaia,,D
69.32,208.95,Alseis,26.3,A
314.88,189.66,Inga,110.6,A
440.7,61.35,Beilschmiedia,15.9,A
327.53,289.39,Calophyllum,13.1,A
268.69,281.59,Dipteryx,28.2,A
503.46,102.41,Guarea,15.2,A
526.17,12.97,Macaranga,18.8,A
532.51,186.21,Alseis,13.9,A
122.17,290.61,Drypetes,17.2,A
288.57,289.54,Macaranga,34.4,A
397.68,375.4,Alseis,321.2,A
314.6,80.46,Aglaia,99.8,A
435.81,54.03,Beilschmiedia,23.8,A
227.18,312.72,Trichilia,12.2,A
22.95,131.57,Aglaia,40.1,A
219.6,369.77,Aglaia,,D
138.52,180.63,Faramea,650.8,A
466.76,111.99,Jacaranda,14.0,A
244.07,260.07,Dipteryx,53.5,A
231.81,147.19,Calophyllum,,M
31.19,115.02,Cordia,26.8,A
218.66,318.95,Faramea,52.2,A
207.62,305.04,Faramea,490.2,A
382.57,95.81,Calophyllum,365.0,A
397.2,390.34,Cordia,14.0,A
370.68,243.67,Beilschmiedia,11.7,A
456.38,143.55,Hirtella,,D
476.08,73.8,Calophyllum,788.7,A
47.54,131.26,Virola,158.3,A
393.27,108.05,Jacaranda,30.9,A
278.18,282.68,Dipteryx,242.3,A
305.93,166.24,Trichilia,15.7,A
492.11,61.61,Cordia,40.2,A
190.82,237.78,Aglaia,84.4,A
105.92,88.65,Alseis,350.1,A
368.06,83.07,Dipteryx,11.1,A
339.02,213.28,Ocotea,217.3,A
214.79,106.97,Dipteryx,285.4,A
345.91,382.38,Beilschmiedia,22.4,A
431.98,33.92,Beilschmiedia,101.3,A
247.94,67.76,Cordia,11.4,A
188.82,297.46,Faramea,12.9,A
8.95,143.64,Garcinia,11.9,A
433.64,159.61,Palaquium,119.8,A
305.58,193.27,Garcinia,14.0,A
550.51,51.15,Alseis,127.6,A
305.39,301.96,Aglaia,101.2,A
4.64,141.39,Inga,218.3,A
27.59,108.76,Alseis,15.9,A
83.05,18.59,Cordia,12.3,A
175.39,139.07,Cordia,170.5,A
233.31,161.04,Sloanea,11.5,A
349.18,323.35,Tetragastris,17.3,A
487.2,70.32,Cordia,31.7,A
232.78,33.86,Alseis,11.3,A
90.71,159.44,Cordia,,D
92.34,257.19,Aglaia,25.9,A
148.69,267.62,Alseis,409.5,A
487.73,33.8,Guarea,26.3,A
231.73,148.21,Calophyllum,13.0,A
14.34,98.87,Alseis,11.3,A
204.57,230.14,Ocotea,39.7,A
233.36,251.29,Aglaia,90.8,A
577.95,88.06,Aglaia,19.3,A
266.46,295.24,Hirtella,85.0,A
100.27,240.06,Brosimum,480.7,A
421.78,92.64,Guarea,17.7,A
437.05,65.06,Ficus,10.2,A
388.52,72.65,Alseis,203.1,A
189.28,192.47,Licania,336.3,A
249.18,66.0,Garcinia,45.6,A
16.99,140.51,Knema,41.5,A
56.14,264.64,Calophyllum,14.5,A
5.71,144.96,Aglaia,11.8,A
175.26,57.57,Anacardium,102.5,A
145.47,276.67,Knema,19.2,A
44.56,295.62,Drypetes,92.1,A
175.74,358.46,Xylopia,59.8,A
30.14,134.48,Virola,42.3,A
481.63,71.17,Beilschmiedia,131.3,A
336.38,4.7,Jacaranda,14.3,A
210.9,295.55,Aglaia,25.7,A
160.53,263.41,Brosimum,14.9,A
327.22,363.84,Alseis,144.2,A
290.46,267.41,Ocotea,14.7,A
375.44,12.98,Drypetes,13.4,A
6.85,130.7,Cordia,19.9,A
579.19,87.01,Aglaia,12.0,A
123.8,120.62,Alseis,14.0,A
329.57,212.41,Faramea,229.5,A
266.24,322.94,Aglaia,29.6,A
534.59,93.34,Jacaranda,11.9,A
568.52,137.99,Tetragastris,37.2,A
167.56,90.3,Shorea,121.8,A
535.25,142.86,Aglaia,11.0,A
379.36,90.85,Alseis,11.3,A
226.43,279.09,Dipteryx,11.3,A
341.59,364.28,Alseis,68.1,A
438.71,37.86,Beilschmiedia,20.4,A
366.02,212.5,Sloanea,34.5,A
307.49,245.04,Dipteryx,33.6,A
318.4,109.24,Beilschmiedia,11.2,A
260.24,151.28,Macaranga,16.3,A
371.23,200.49,Faramea,17.6,A
112.35,123.83,Alseis,78.1,A
65.65,221.06,Calophyllum,110.3,A
160.34,319.75,Cordia,115.8,A
41.41,185.54,Aglaia,38.4,A
403.09,131.8,Aglaia,24.6,A
268.51,163.49,Trichilia,,D
42.85,288.49,Drypetes,16.5,A
17.28,153.18,Guarea,24.0,A
399.78,216.35,Eugenia,10.1,A
107.49,163.9,Aglaia,,D
466.64,174.36,Dipteryx,18.8,A
395.2,323.93,Aglaia,15.5,A
23.67,175.11,Dipteryx,118.4,A
334.15,363.48,Alseis,31.2,A
164.04,14.62,Alseis,23.5,A
439.71,74.49,Beilschmiedia,77.6,A
343.35,281.91,Jacaranda,19.2,A
49.71,267.03,Drypetes,15.7,A
307.22,18.16,Aglaia,28.3,A
508.32,179.8,Dipteryx,27.0,A
528.4,101.76,Shorea,17.7,A
176.94,203.49,Alseis,,D
79.72,268.82,Dipteryx,10.2,A
117.43,0.38,Cordia,163.5,A
19.14,326.24,Drypetes,,M
241.08,312.72,Eugenia,20.4,A
178.04,203.8,Alseis,122.6,A
138.46,319.36,Knema,21.9,A
108.57,249.65,Calophyllum,11.6,A
167.7,199.89,Faramea,106.5,A
191.3,333.45,Faramea,13.3,A
96.17,347.64,Beilschmiedia,21.9,A
204.8,240.15,Quararibea,109.5,A
218.41,186.01,Calophyllum,23.6,A
295.84,313.66,Aglaia,11.4,A
398.77,79.63,Aglaia,13.4,A
458.65,57.31,Dipteryx,25.3,A
415.17,123.06,Aglaia,17.6,A
155.17,114.29,Inga,11.0,A
4.45,88.76,Drypetes,109.8,A
398.74,30.3,Calophyllum,17.1,A
327.25,169.44,Jacaranda,20.5,A
588.68,78.54,Faramea,105.0,A
302.13,45.33,Eugenia,108.4,A
209.21,120.95,Alseis,59.8,A
377.24,236.52,Aglaia,100.0,A
263.95,161.15,Licania,21.2,A
265.63,247.06,Calophyllum,21.5,A
199.57,85.46,Aglaia,41.6,A
458.22,60.02,Licania,17.0,A
94.7,238.89,Macaranga,65.8,A
546.25,183.65,Beilschmiedia,14.0,A
261.42,10.55,Calophyllum,262.8,A
238.98,76.13,Garcinia,21.6,A
47.07,160.5,Aglaia,44.2,A
214.93,179.34,Cordia,15.0,A
372.61,311.4,Aglaia,48.9,A
187.19,129.69,Palaquium,39.6,A
501.47,91.28,Beilschmiedia,,D
52.19,230.94,Dipteryx,29.5,A
393.9,49.01,Inga,35.1,A
521.83,78.23,Knema,415.9,A
280.13,208.25,Cordia,15.2,A
69.71,327.03,Cordia,30.0,A
173.72,208.2,Quararibea,12.8,A
125.13,17.72,Aglaia,10.6,A
580.85,83.79,Beilschmiedia,10.4,A
202.55,312.23,Drypetes,22.3,A
208.73,185.49,Sloanea,12.1,A
416.97,103.44,Aglaia,24.0,A
404.75,67.14,Garcinia,15.7,A
6.37,271.19,Guarea,,D
426.11,144.61,Dipteryx,284.0,A
55.87,113.51,Calophyllum,810.7,A
251.36,267.13,Alseis,402.6,A
185.3,195.67,Palaquium,106.6,A
202.36,265.14,Knema,48.7,A
140.56,126.88,Calophyllum,183.9,A
145.09,115.84,Beilschmiedia,11.3,A
210.85,18.92,Dipteryx,12.4,A
116.31,333.16,Sloanea,12.2,A
244.05,284.62,Eugenia,139.7,A
160.33,249.49,Knema,122.6,A
71.47,9.33,Shorea,18.8,A
355.68,67.36,Guarea,92.5,A
574.94,87.34,Eugenia,154.3,A
108.13,70.82,Dipteryx,30.8,A
16.71,175.71,Aglaia,52.3,A
334.71,283.23,Dipteryx,109.4,A
265.57,260.54,Dipteryx,23.7,A
163.05,143.18,Beilschmiedia,33.2,A
240.28,369.17,Eugenia,14.8,A
397.6,88.9,Cordia,12.1,A
371.67,345.04,Dipteryx,46.9,A
308.99,392.46,Ocotea,,D
186.08,281.97,Cordia,67.9,A
543.85,43.98,Faramea,36.5,A
242.46,294.39,Aglaia,22.7,A
169.57,267.56,Rinorea,,D
203.52,167.71,Licania,24.5,A
18.63,19.46,Licania,38.7,A
78.93,309.89,Beilschmiedia,,M
290.67,14.16,Aglaia,15.1,A
281.42,340.27,Alseis,16.3,A
484.43,63.27,Ocotea,,D
151.54,44.38,Guarea,,D
328.52,233.3,Faramea,95.6,A
20.24,177.35,Knema,27.2,A
157.17,285.51,Quararibea,42.1,A
316.94,176.15,Faramea,22.4,A
69.5,206.63,Dipteryx,75.5,A
235.23,322.49,Eugenia,23.3,A
79.32,116.45,Calophyllum,14.2,A
276.29,346.37,Aglaia,154.1,A
424.84,192.96,Aglaia,42.0,A
110.65,156.89,Swartzia,26.4,A
300.08,189.89,Cordia,109.5,A
512.5,88.85,Licania,26.4,A
242.25,345.63,Calophyllum,11.2,A
102.19,264.72,Garcinia,80.0,A
262.35,219.53,Garcinia,96.3,A
199.23,310.84,Garcinia,25.3,A
351.14,99.16,Macaranga,13.7,A
237.97,234.79,Guarea,15.8,A
377.22,369.67,Tetragastris,,D
271.05,239.28,Dipteryx,183.5,A
6.86,152.48,Aglaia,54.4,A
194.55,132.3,Cordia,15.2,A
38.09,101.08,Drypetes,82.2,A
73.61,39.62,Calophyllum,25.7,A
492.5,109.22,Eugenia,32.3,A
340.37,334.21,Hirtella,130.8,A
41.15,272.13,Faramea,188.4,A
192.2,262.76,Alseis,12.6,A
169.91,296.99,Alseis,167.2,A
400.56,39.1,Drypetes,197.1,A
18.23,85.81,Drypetes,64.8,A
168.67,131.54,Aglaia,55.2,A
203.91,118.25,Garcinia,43.8,A
389.15,397.88,Licania,14.3,A
174.5,313.83,Aglaia,37.2,A
158.9,343.99,Eugenia,85.9,A
277.53,221.33,Calophyllum,11.7,A
357.56,110.36,Calophyllum,455.5,A
91.09,121.87,Inga,23.2,A
62.09,296.73,Drypetes,15.7,A
3.26,344.79,Alseis,26.2,A
147.46,127.89,Beilschmiedia,77.1,A
163.34,219.55,Alseis,67.0,A
507.47,83.66,Beilschmiedia,52.9,A
321.68,117.15,Dipteryx,,D
476.68,159.59,Beilschmiedia,115.8,A
596.81,115.11,Dipteryx,13.0,A
450.76,48.62,Beilschmiedia,62.2,A
231.92,343.23,Eugenia,11.3,A
17.01,104.37,Alseis,101.5,A
397.89,226.27,Eugenia,107.8,A
119.33,234.67,Faramea,33.8,A
508.92,10.54,Cordia,,D
101.94,220.41,Dipteryx,22.8,A
320.42,14.17,Garcinia,49.7,A
405.51,155.25,Macaranga,24.6,A
271.06,193.32,Faramea,300.2,A
9.92,102.49,Licania,58.8,A
183.25,341.58,Cordia,,D
478.32,145.83,Calophyllum,67.3,A
340.56,245.97,Cecropia,24.6,A
426.82,134.58,Beilschmiedia,70.5,A
341.9,91.23,Knema,21.7,A
0.99,70.24,Dipteryx,205.8,A
180.39,77.51,Hirtella,14.1,A
210.29,257.78,Alseis,45.9,A
171.11,21.49,Alseis,31.8,A
148.2,354.17,Eugenia,34.0,A
424.99,191.75,Eugenia,26.6,A
117.6,8.77,Dipteryx,58.3,A
206.67,172.59,Dipteryx,220.8,A
85.27,349.37,Beilschmiedia,,D
364.07,42.29,Alseis,16.3,A
138.23,210.62,Guarea,,D
184.57,356.42,Cordia,53.9,A
212.56,219.51,Garcinia,140.5,A
105.97,34.27,Dipteryx,10.1,A
175.07,67.38,Macaranga,,D
58.08,241.4,Garcinia,58.6,A
565.73,174.19,Knema,10.5,A
185.72,286.78,Sloanea,77.3,A
21.18,382.09,Beilschmiedia,125.8,A
361.61,227.53,Alseis,284.5,A
131.05,368.59,Cordia,88.3,A
202.82,30.08,Alseis,214.8,A
13.61,356.62,Dipteryx,10.8,A
199.59,341.39,Garcinia,23.0,A
28.15,151.65,Anacardium,11.9,A
103.84,110.95,Alseis,20.7,A
491.22,122.64,Eugenia,80.0,A
364.93,158.54,Nectandra,43.6,A
352.08,143.4,Eugenia,,M
425.75,14.77,Calophyllum,145.9,A
192.97,339.47,Eugenia,14.7,A
206.85,245.16,Beilschmiedia,10.7,A
509.95,134.56,Beilschmiedia,40.1,A
515.83,10.99,Faramea,35.3,A
195.34,244.63,Aglaia,43.5,A
408.51,108.27,Cordia,40.5,A
192.75,319.47,Aglaia,11.5,A
107.87,387.37,Beilschmiedia,18.7,A
20.6,278.63,Faramea,41.9,A
110.99,189.45,Gustavia,150.2,A
126.83,51.22,Cordia,176.4,A
242.06,174.37,Rinorea,171.9,A
408.72,62.97,Inga,11.9,A
200.89,215.26,Aglaia,24.5,A
316.7,152.41,Inga,55.7,A
300.9,224.72,Faramea,636.4,A
419.07,126.48,Protium,13.9,A
399.62,181.11,Palaquium,446.8,A
336.56,141.89,Alseis,19.4,A
391.6,251.24,Guarea,59.3,A
165.51,317.93,Hirtella,25.2,A
379.84,90.57,Garcinia,342.8,A
400.23,58.81,Drypetes,27.8,A
126.55,265.76,Cordia,14.9,A
37.02,300.32,Drypetes,38.9,A
456.96,39.84,Calophyllum,28.7,A
11.93,290.04,Drypetes,10.7,A
559.5,25.02,Cordia,63.1,A
6.25,372.62,Beilschmiedia,24.4,A
431.79,39.34,Eugenia,32.2,A
375.97,74.37,Alseis,13.5,A
329.23,259.06,Cecropia,74.4,A
232.37,182.04,Hirtella,11.4,A
582.48,82.46,Beilschmiedia,21.3,A
121.26,89.3,Garcinia,13.2,A
156.01,398.94,Cordia,15.1,A
299.83,281.11,Dipteryx,49.5,A
310.39,272.74,Macaranga,10.6,A
337.98,77.15,Calophyllum,126.5,A
445.73,91.04,Guarea,,D
256.54,44.36,Faramea,29.9,A
172.14,52.23,Guarea,12.6,A
351.31,169.26,Cordia,29.6,A
116.79,293.34,Drypetes,163.1,A
120.97,241.47,Hirtella,24.6,A
14.78,259.52,Alseis,108.4,A
93.52,86.85,Cordia,10.2,A
106.65,22.2,Alseis,46.1,A
528.68,194.56,Alseis,21.7,A
151.17,349.96,Calophyllum,465.3,A
152.26,269.46,Alseis,,D
308.49,114.73,Beilschmiedia,,D
559.67,38.85,Aglaia,106.7,A
14.73,107.9,Alseis,115.6,A
289.14,155.77,Hirtella,95.9,A
540.93,52.43,Aglaia,28.0,A
445.61,146.59,Calophyllum,266.6,A
497.83,150.19,Beilschmiedia,29.1,A
111.41,287.62,Brosimum,180.7,A
251.58,216.58,Cordia,60.6,A
156.81,360.22,Alseis,12.3,A
335.0,159.72,Dipteryx,,D
322.67,133.98,Alseis,28.0,A
408.56,52.96,Aglaia,54.2,A
297.02,224.74,Faramea,229.5,A
414.15,62.13,Garcinia,,D
523.33,165.77,Aglaia,11.0,A
490.37,137.14,Beilschmiedia,54.7,A
184.46,318.88,Cordia,74.3,A
389.45,335.11,Aglaia,19.9,A
216.25,117.22,Garcinia,40.6,A
34.24,180.06,Hirtella,99.9,A
351.28,24.85,Calophyllum,38.8,A
129.13,47.15,Calophyllum,13.0,A
91.82,253.11,Knema,15.1,A
2.77,162.48,Protium,33.4,A
188.68,258.74,Cordia,14.5,A
95.87,42.13,Aglaia,136.3,A
382.97,174.2,Palaquium,68.1,A
228.15,214.42,Ocotea,119.9,A
100.97,399.31,Beilschmiedia,83.5,A
123.25,247.27,Macaranga,31.4,A
82.96,77.35,Aglaia,24.7,A
82.66,104.78,Inga,19.4,A
313.84,380.32,Hirtella,33.7,A
348.09,238.15,Nectandra,11.0,A
223.75,279.42,Alseis,67.2,A
420.05,55.09,Drypetes,15.0,A
502.65,85.71,Calophyllum,35.2,A
163.8,247.34,Drypetes,318.5,A
77.6,354.38,Beilschmiedia,75.4,A
444.33,21.36,Ocotea,164.9,A
243.4,191.19,Dipteryx,12.4,A
343.19,180.63,Ocotea,196.2,A
113.05,243.39,Guarea,23.6,A
122.03,393.4,Aglaia,10.4,A
212.21,20.9,Calophyllum,175.0,A
510.97,10.76,Faramea,132.7,A
53.69,241.47,Eugenia,22.1,A
197.74,242.98,Dipteryx,11.6,A
407.5,190.95,Aglaia,37.3,A
363.68,339.22,Alseis,22.1,A
240.13,267.93,Beilschmiedia,19.6,A
321.91,340.74,Nectandra,10.6,A
223.57,342.34,Protium,54.5,A
49.6,351.69,Calophyllum,12.7,A
55.47,37.03,Cordia,,D
83.6,129.73,Drypetes,13.7,A
329.26,230.41,Guarea,24.3,A
158.97,11.28,Calophyllum,31.2,A
28.17,10.58,Licania,41.2,A
377.91,221.71,Alseis,184.2,A
511.68,100.44,Drypetes,112.1,A
382.41,115.33,Ocotea,174.8,A
535.0,161.21,Beilschmiedia,77.2,A
360.04,111.85,Dipteryx,13.3,A
244.1,86.95,Knema,17.3,A
54.37,160.18,Alseis,60.1,A
576.49,152.16,Shorea,,D
42.38,283.66,Drypetes,213.4,A
266.16,315.25,Aglaia,17.5,A
28.65,227.94,Cordia,15.3,A
390.93,116.65,Aglaia,21.6,A
474.42,166.17,Beilschmiedia,168.1,A
564.2,147.12,Rinorea,13.8,A
100.59,335.52,Swartzia,,D
481.7,118.12,Calophyllum,13.2,A
45.01,348.76,Calophyllum,44.6,A
132.98,236.53,Palaquium,27.1,A
151.68,216.91,Drypetes,16.2,A
399.39,388.45,Hirtella,18.5,A
459.72,161.68,Drypetes,,M
171.98,359.18,Dipteryx,13.7,A
84.88,368.86,Jacaranda,92.2,A
139.31,260.97,Hirtella,25.3,A
117.03,327.48,Garcinia,20.8,A
82.25,158.53,Alseis,291.1,A
393.98,365.59,Alseis,15.0,A
476.25,110.78,Licania,12.4,A
275.52,240.21,Protium,116.4,A
515.92,122.73,Guarea,,D
376.17,30.52,Macaranga,120.7,A
554.16,48.32,Faramea,37.5,A
84.62,208.54,Eugenia,22.8,A
27.62,93.07,Drypetes,202.2,A
145.65,161.89,Cordia,68.4,A
115.26,126.39,Drypetes,24.2,A
137.63,341.68,Cordia,20.6,A
96.7,392.71,Beilschmiedia,57.9,A
180.21,199.52,Alseis,53.6,A
580.54,99.13,Beilschmiedia,73.5,A
100.63,245.39,Sloanea,11.1,A
421.48,99.94,Dipteryx,11.1,A
336.83,311.2,Calophyllum,282.6,A
91.08,344.8,Aglaia,67.0,A
109.69,336.44,Diospyros,22.7,A
291.05,220.67,Swartzia,13.6,A
98.16,298.83,Knema,11.1,A
153.65,384.08,Aglaia,16.8,A
160.35,132.9,Calophyllum,61.9,A
472.1,160.9,Drypetes,149.5,A
444.16,165.66,Guarea,11.3,A
394.77,83.98,Garcinia,10.7,A
562.65,178.85,Knema,,D
238.16,168.59,Rinorea,10.2,A
7.16,360.44,Eugenia,10.3,A
203.36,318.79,Faramea,79.1,A
156.07,191.37,Sloanea,20.4,A
342.16,294.71,Guarea,12.7,A
105.37,138.04,Drypetes,204.2,A
364.53,70.98,Garcinia,20.5,A
172.15,253.53,Dipteryx,25.4,A
331.88,260.93,Eugenia,21.4,A
378.1,362.85,Licania,240.4,A
318.03,98.51,Cordia,37.0,A
221.86,174.81,Dipteryx,48.7,A
350.18,338.48,Trichilia,41.2,A
309.8,275.01,Nectandra,38.2,A
294.37,171.5,Inga,91.9,A
262.72,12.78,Faramea,248.8,A
482.49,121.68,Eugenia,12.2,A
191.63,142.58,Aglaia,18.5,A
181.04,190.34,Protium,29.2,A
82.8,363.36,Beilschmiedia,78.6,A
135.67,200.42,Calophyllum,35.2,A
417.75,36.86,Garcinia,66.4,A
263.79,32.37,Jacaranda,13.9,A
200.18,167.31,Aglaia,11.8,A
43.76,86.81,Eugenia,38.6,A
217.57,266.07,Beilschmiedia,201.5,A
36.94,291.72,Calophyllum,11.0,A
151.02,380.26,Alseis,29.9,A
340.91,24.98,Hirtella,,D
374.86,226.49,Garcinia,12.1,A
140.39,274.87,Brosimum,,D
377.45,259.79,Garcinia,49.0,A
212.05,296.41,Cordia,146.6,A
487.15,74.48,Beilschmiedia,39.6,A
570.33,88.45,Faramea,336.6,A
535.52,114.44,Guarea,21.2,A
225.83,296.14,Aglaia,43.1,A
315.39,100.82,Knema,92.1,A
47.25,339.66,Hirtella,35.9,A
173.9,200.41,Swartzia,100.6,A
425.58,139.63,Dipteryx,12.6,A
127.75,240.47,Palaquium,12.3,A
27.84,229.45,Faramea,12.3,A
579.12,113.97,Cordia,56.6,A
58.25,43.05,Aglaia,39.1,A
25.98,21.08,Dipteryx,220.8,A
73.29,297.19,Rinorea,11.9,A
32.07,306.58,Jacaranda,331.8,A
40.59,155.62,Guarea,44.9,A
246.2,113.68,Beilschmiedia,198.1,A
283.2,256.15,Aglaia,57.3,A
165.79,309.99,Dipteryx,265.7,A
94.81,103.34,Palaquium,,D
213.67,83.24,Eugenia,19.1,A
294.52,298.92,Calophyllum,759.4,A
215.84,175.49,Cordia,16.7,A
8.12,377.43,Eugenia,118.6,A
26.14,319.69,Faramea,67.3,A
197.0,137.34,Aglaia,,D
6.11,81.03,Beilschmiedia,87.8,A
397.17,106.29,Garcinia,53.7,A
381.54,95.03,Aglaia,17.2,A
10.92,22.93,Licania,,D
547.94,199.64,Dipteryx,52.5,A
48.27,315.53,Alseis,11.5,A
342.17,359.24,Alseis,55.2,A
417.69,74.79,Garcinia,,D
498.41,153.0,Cordia,,D
304.14,107.49,Aglaia,24.4,A
71.04,341.76,Guarea,29.9,A
181.36,246.84,Drypetes,291.5,A
511.96,121.23,Calophyllum,42.8,A
210.87,352.75,Calophyllum,57.0,A
394.14,223.14,Eugenia,61.8,A
377.55,75.55,Alseis,10.9,A
175.76,141.24,Quararibea,80.0,A
376.35,270.71,Shorea,27.4,A
5.58,380.14,Guarea,,D
396.07,65.9,Drypetes,48.6,A
266.05,181.98,Cordia,10.1,A
88.07,231.2,Garcinia,11.9,A
183.89,61.32,Calophyllum,291.0,A
210.47,92.31,Cordia,14.3,A
15.45,368.24,Beilschmiedia,26.9,A
574.58,156.15,Guarea,16.0,A
183.17,15.58,Alseis,53.4,A
332.23,126.82,Alseis,362.2,A
146.86,154.64,Alseis,,D
94.71,391.01,Beilschmiedia,17.9,A
126.68,266.84,Brosimum,34.2,A
64.7,133.31,Macaranga,38.7,A
187.32,206.39,Drypetes,22.8,A
150.02,324.77,Aglaia,43.1,A
120.33,167.31,Aglaia,47.7,A
260.19,268.36,Aglaia,101.2,A
129.98,133.41,Cordia,116.5,A
168.62,158.88,Protium,36.5,A
506.73,147.42,Aglaia,24.6,A
194.16,133.23,Aglaia,,D
271.26,3.85,Beilschmiedia,,M
198.93,313.68,Quararibea,,D
86.07,372.24,Beilschmiedia,37.2,A
94.03,131.62,Palaquium,50.9,A
455.25,73.87,Licania,13.2,A
26.41,214.09,Nectandra,26.5,A
235.75,90.57,Cordia,75.1,A
375.27,241.32,Beilschmiedia,41.7,A
592.27,106.08,Faramea,17.2,A
323.93,210.1,Inga,53.7,A
390.41,24.45,Drypetes,188.0,A
102.74,27.71,Alseis,26.1,A
192.95,328.42,Drypetes,136.7,A
545.44,127.82,Calophyllum,10.5,A
428.94,116.4,Jacaranda,95.5,A
553.33,32.25,Faramea,143.3,A
48.04,264.15,Faramea,25.4,A
361.22,104.77,Calophyllum,21.9,A
323.68,108.4,Dipteryx,295.3,A
78.26,243.17,Cordia,51.6,A
508.72,57.62,Calophyllum,,D
179.85,394.83,Cupania,175.2,A
547.91,162.11,Beilschmiedia,17.0,A
63.09,163.7,Drypetes,20.5,A
387.5,120.94,Cordia,90.4,A
550.89,166.02,Beilschmiedia,23.3,A
246.58,335.34,Aglaia,,M
223.72,99.41,Garcinia,55.2,A
521.88,147.26,Hirtella,16.6,A
45.86,337.11,Calophyllum,25.1,A
41.75,65.6,Macaranga,25.3,A
588.43,68.1,Alseis,14.4,A
68.8,63.02,Alseis,,M
46.3,203.96,Dipteryx,63.0,A
547.67,11.49,Licania,25.7,A
111.07,85.14,Alseis,112.6,A
199.91,217.35,Cordia,14.9,A
118.05,289.13,Drypetes,18.8,A
218.91,1.77,Faramea,,D
411.33,56.34,Swartzia,11.0,A
337.71,147.35,Alseis,12.3,A
415.74,29.26,Beilschmiedia,31.4,A
9.47,265.09,Alseis,13.2,A
181.03,223.55,Garcinia,135.4,A
38.9,142.17,Virola,59.8,A
323.36,161.21,Sloanea,49.3,A
19.35,334.01,Drypetes,14.3,A
480.59,124.59,Eugenia,65.9,A
11.67,372.58,Beilschmiedia,11.6,A
296.25,305.17,Aglaia,24.7,A
365.9,239.8,Beilschmiedia,32.1,A
384.78,106.63,Alseis,12.5,A
401.72,15.12,Drypetes,,D
36.75,303.67,Faramea,605.6,A
73.1,187.8,Alseis,331.1,A
465.36,77.03,Dipteryx,38.2,A
551.76,163.43,Beilschmiedia,,D
16.15,144.44,Sloanea,108.6,A
490.14,81.17,Beilschmiedia,145.8,A
245.33,340.46,Hirtella,158.8,A
119.01,221.94,Eugenia,15.4,A
333.85,205.55,Ocotea,70.5,A
280.62,169.64,Beilschmiedia,59.9,A
152.01,123.98,Calophyllum,,D
390.29,350.62,Aglaia,,D
8.12,298.83,Calophyllum,27.0,A
162.72,271.0,Knema,29.5,A
128.26,147.32,Macaranga,62.0,A
212.55,217.63,Drypetes,11.5,A
53.59,199.27,Aglaia,11.7,A
217.55,54.68,Nectandra,13.3,A
231.4,219.97,Calophyllum,12.3,A
109.0,204.77,Rinorea,12.4,A
136.23,118.51,Beilschmiedia,19.0,A
308.27,346.01,Trichilia,27.6,A
40.76,251.73,Garcinia,133.8,A
3.59,77.58,Drypetes,15.0,A
341.14,282.9,Jacaranda,22.6,A
422.43,64.41,Aglaia,39.4,A
237.47,337.88,Sloanea,29.5,A
437.18,29.37,Beilschmiedia,21.0,A
461.72,169.48,Beilschmiedia,24.7,A
379.28,72.72,Garcinia,144.2,A
317.97,337.29,Dipteryx,423.8,A
67.79,345.66,Aglaia,59.3,A
514.37,13.95,Faramea,312.3,A
346.3,353.57,Swartzia,360.8,A
418.89,143.73,Ocotea,55.0,A
456.93,131.86,Calophyllum,49.7,A
343.55,390.83,Beilschmiedia,24.8,A
302.61,348.96,Calophyllum,213.0,A
39.76,249.93,Calophyllum,388.8,A
100.58,250.48,Protium,214.8,A
337.58,131.68,Alseis,19.9,A
362.09,84.75,Alseis,,D
388.51,18.06,Alseis,234.6,A
48.97,82.33,Eugenia,21.4,A
204.88,42.41,Cordia,12.6,A
246.12,318.86,Aglaia,54.7,A
211.4,124.92,Alseis,10.0,A
43.61,225.69,Macaranga,17.4,A
194.1,398.19,Alseis,63.5,A
257.71,13.61,Calophyllum,14.2,A
88.51,259.08,Aglaia,10.7,A
95.6,119.68,Palaquium,22.3,A
3.72,201.39,Anacardium,14.0,A
227.22,241.51,Cordia,24.0,A
139.69,260.29,Alseis,23.0,A
166.08,137.49,Palaquium,157.1,A
424.95,50.61,Inga,15.8,A
122.94,140.24,Guarea,70.1,A
196.79,222.68,Aglaia,45.5,A
105.46,36.01,Eugenia,105.7,A
288.78,163.3,Inga,148.1,A
531.26,44.4,Faramea,21.6,A
525.7,173.37,Beilschmiedia,29.9,A
197.91,142.9,Aglaia,11.2,A
200.24,54.41,Nectandra,53.9,A
106.03,161.16,Dipteryx,,D
48.7,372.92,Beilschmiedia,39.0,A
252.94,295.82,Aglaia,118.1,A
160.31,215.28,Palaquium,20.7,A
372.91,239.34,Garcinia,49.7,A
340.07,374.92,Aglaia,11.6,A
125.01,242.32,Palaquium,388.7,A
148.32,287.1,Alseis,,M
129.9,197.99,Shorea,11.0,A
34.39,14.67,Garcinia,,M
136.51,242.93,Knema,,D
540.05,118.21,Aglaia,39.9,A
413.42,110.8,Alseis,10.4,A
449.01,51.65,Cordia,14.0,A
592.42,59.17,Alseis,,D
196.71,19.29,Dipteryx,12.3,A
80.18,297.38,Aglaia,41.5,A
453.03,109.28,Dipteryx,39.0,A
506.15,95.18,Drypetes,10.4,A
359.35,390.8,Eugenia,22.4,A
154.74,349.08,Calophyllum,57.8,A
211.53,238.27,Garcinia,11.2,A
58.77,174.49,Aglaia,18.1,A
105.21,157.36,Macaranga,31.6,A
110.67,237.16,Palaquium,116.4,A
393.69,384.39,Alseis,110.3,A
218.54,303.89,Aglaia,34.3,A
168.38,21.74,Cordia,,D
75.28,243.13,Macaranga,99.8,A
139.99,171.28,Nectandra,75.7,A
132.96,342.84,Aglaia,85.5,A
400.85,161.8,Cordia,173.3,A
242.99,293.67,Garcinia,19.1,A
347.03,124.6,Macaranga,,D
76.17,385.45,Jacaranda,143.0,A
37.27,247.47,Swartzia,30.2,A
358.18,324.42,Alseis,19.9,A
40.52,189.56,Drypetes,15.9,A
50.08,4.02,Garcinia,15.0,A
52.81,236.82,Nectandra,11.0,A
109.95,320.52,Garcinia,81.6,A
283.51,277.96,Faramea,16.6,A
516.35,88.46,Drypetes,58.2,A
554.78,92.13,Aglaia,129.7,A
434.91,95.75,Dipteryx,89.4,A
236.68,334.92,Aglaia,14.3,A
384.89,50.72,Drypetes,228.3,A
46.65,280.13,Faramea,63.2,A
132.92,346.04,Quararibea,47.2,A
388.96,194.91,Faramea,210.1,A
213.56,336.72,Calophyllum,77.6,A
180.23,132.62,Guarea,12.6,A
376.37,118.14,Alseis,,D
437.07,60.21,Protium,103.5,A
521.31,130.35,Ocotea,21.4,A
145.8,221.54,Faramea,282.5,A
428.7,189.74,Eugenia,15.6,A
85.6,245.75,Calophyllum,14.2,A
140.89,135.3,Drypetes,17.4,A
277.59,43.74,Aglaia,20.6,A
379.09,90.71,Calophyllum,143.8,A
169.88,206.08,Alseis,24.3,A
6.23,379.87,Guarea,54.1,A
523.96,195.79,Alseis,15.4,A
552.4,127.53,Tetragastris,11.1,A
180.61,208.56,Palaquium,13.9,A
275.67,318.77,Aglaia,25.0,A
207.9,55.67,Calophyllum,29.6,A
233.12,296.65,Aglaia,94.6,A
242.66,31.95,Dipteryx,37.5,A
277.5,309.0,Aglaia,30.9,A
159.91,326.43,Faramea,11.7,A
396.51,162.41,Palaquium,18.5,A
15.59,102.2,Cordia,21.7,A
128.66,38.78,Alseis,24.7,A
9.19,217.01,Aglaia,43.1,A
83.51,270.85,Calophyllum,29.5,A
46.89,127.89,Virola,16.1,A
245.18,182.08,Cordia,175.9,A
390.47,20.26,Alseis,14.1,A
218.81,271.33,Jacaranda,285.9,A
285.92,162.65,Beilschmiedia,13.3,A
33.64,392.51,Knema,329.6,A
45.8,360.83,Drypetes,46.7,A
89.83,128.87,Guarea,17.1,A
124.82,7.8,Dipteryx,25.1,A
408.33,181.7,Calophyllum,196.1,A
309.02,90.69,Aglaia,39.5,A
92.47,11.82,Alseis,89.5,A
528.04,66.47,Dipteryx,32.8,A
355.92,255.34,Dipteryx,304.8,A
52.94,76.46,Calophyllum,97.9,A
158.04,140.96,Aglaia,42.7,A
383.21,382.88,Swartzia,11.3,A
586.42,62.37,Jacaranda,76.7,A
173.77,321.35,Beilschmiedia,11.6,A
204.81,158.62,Cordia,16.8,A
449.92,179.69,Garcinia,47.7,A
51.76,130.69,Virola,14.0,A
162.14,301.59,Shorea,164.8,A
378.08,228.32,Garcinia,253.4,A
125.8,15.66,Calophyllum,62.6,A
85.94,27.01,Rinorea,15.4,A
154.11,259.29,Rinorea,77.9,A
456.7,174.95,Hura,153.4,A
243.92,113.02,Aglaia,52.5,A
475.39,135.99,Beilschmiedia,76.1,A
16.71,55.23,Licania,246.1,A
245.44,188.66,Eugenia,17.4,A
244.03,370.07,Eugenia,23.6,A
178.37,57.69,Dipteryx,41.6,A
354.23,40.75,Alseis,,D
21.88,358.67,Beilschmiedia,35.3,A
295.0,287.76,Aglaia,133.5,A
320.11,206.24,Inga,11.4,A
142.06,243.23,Alseis,36.3,A
492.27,85.18,Beilschmiedia,31.6,A
21.35,286.32,Calophyllum,60.3,A
153.53,159.03,Cordia,59.3,A
212.39,92.15,Jacaranda,17.6,A
273.36,207.12,Guarea,35.4,A
494.95,93.18,Beilschmiedia,16.2,A
500.89,91.43,Beilschmiedia,214.2,A
502.23,84.42,Beilschmiedia,133.4,A
397.75,316.82,Alseis,11.5,A
84.65,304.08,Beilschmiedia,12.7,A
292.16,177.24,Faramea,41.4,A
355.23,237.27,Macaranga,20.0,A
166.19,338.14,Beilschmiedia,61.3,A
361.39,94.74,Garcinia,68.4,A
48.33,153.12,Virola,20.2,A
335.03,22.39,Calophyllum,172.9,A
15.43,138.7,Inga,12.8,A
214.46,327.68,Calophyllum,46.7,A
412.21,13.82,Drypetes,38.1,A
247.69,119.48,Beilschmiedia,17.6,A
101.06,372.83,Beilschmiedia,18.3,A
568.3,95.51,Knema,,D
343.63,250.5,Cecropia,157.8,A
436.85,60.14,Beilschmiedia,13.6,A
11.72,77.8,Dipteryx,84.5,A
145.65,357.02,Eugenia,,D
285.06,157.08,Jacaranda,18.0,A
357.86,373.25,Trichilia,,D
375.29,81.09,Garcinia,,M
137.42,307.39,Calophyllum,64.9,A
10.98,340.3,Alseis,137.7,A
533.95,44.63,Alseis,,D
593.46,187.17,Hirtella,12.7,A
172.82,192.46,Alseis,54.0,A
205.76,346.67,Faramea,299.1,A
588.86,78.57,Eugenia,15.0,A
160.32,8.79,Alseis,287.0,A
88.27,296.52,Beilschmiedia,26.8,A
411.05,122.7,Alseis,30.3,A
26.09,109.82,Alseis,45.7,A
141.95,121.86,Calophyllum,20.3,A
535.68,166.95,Beilschmiedia,222.1,A
141.73,85.52,Inga,96.4,A
280.99,259.15,Calophyllum,181.2,A
167.16,98.93,Licania,65.9,A
276.04,277.77,Guarea,16.3,A
304.48,182.41,Inga,36.3,A
92.44,299.42,Cordia,41.0,A
93.1,327.16,Sloanea,33.3,A
401.44,112.04,Alseis,211.4,A
77.51,344.34,Rinorea,14.6,A
236.07,66.87,Guarea,30.6,A
146.04,118.32,Beilschmiedia,32.2,A
402.92,16.13,Alseis,87.8,A
16.54,154.42,Garcinia,11.4,A
399.74,215.48,Ocotea,23.5,A
570.53,33.87,Dipteryx,32.8,A
291.06,171.78,Dipteryx,15.7,A
504.02,182.34,Calophyllum,20.6,A
25.38,95.69,Calophyllum,17.4,A
3.21,199.17,Xylopia,18.2,A
174.95,220.26,Drypetes,16.9,A
95.26,84.95,Knema,34.0,A
594.26,40.09,Faramea,20.8,A
376.94,219.79,Alseis,20.9,A
177.16,365.84,Rinorea,19.2,A
398.89,200.34,Faramea,34.1,A
78.38,84.62,Alseis,23.0,A
532.62,55.3,Faramea,111.7,A
555.36,4.18,Licania,55.7,A
194.59,331.02,Trichilia,11.4,A
42.8,272.84,Garcinia,16.4,A
123.41,122.05,Inga,88.3,A
62.83,53.13,Erythroxylum,,D
575.69,81.83,Beilschmiedia,241.8,A
187.44,207.43,Calophyllum,220.6,A
202.91,327.47,Aglaia,62.1,A
5.62,270.66,Guarea,75.1,A
83.72,285.19,Beilschmiedia,19.4,A
214.64,263.79,Beilschmiedia,63.5,A
389.64,43.15,Alseis,204.5,A
24.42,365.82,Beilschmiedia,,D
427.33,52.69,Drypetes,16.6,A
28.58,251.97,Faramea,23.5,A
171.89,205.01,Palaquium,28.9,A
399.72,34.05,Inga,44.0,A
319.62,210.71,Dipteryx,12.8,A
176.37,186.81,Palaquium,61.7,A
387.57,326.77,Hirtella,146.9,A
486.29,89.31,Beilschmiedia,37.1,A
70.82,38.75,Dipteryx,36.1,A
429.55,67.49,Alseis,290.5,A
377.15,78.82,Alseis,162.9,A
399.01,124.48,Alseis,110.0,A
328.54,301.46,Alseis,450.3,A
367.87,349.86,Trichilia,447.1,A
74.81,170.64,Cordia,10.7,A
264.35,26.69,Faramea,481.3,A
104.12,92.16,Dipteryx,12.1,A
129.31,240.55,Calophyllum,327.2,A
123.7,141.74,Anacardium,20.8,A
193.55,116.72,Alseis,11.6,A
161.03,352.79,Rinorea,119.0,A
427.68,12.37,Drypetes,13.9,A
186.87,236.36,Aglaia,20.7,A
203.4,359.85,Trichilia,116.8,A
93.52,256.62,Garcinia,33.7,A
112.09,181.53,Quararibea,20.0,A
176.06,166.24,Licania,12.7,A
162.47,251.08,Cordia,24.1,A
35.01,349.57,Calophyllum,88.7,A
390.59,16.68,Calophyllum,20.7,A
103.65,279.19,Knema,140.0,A
301.18,117.44,Alseis,405.2,A
171.8,154.52,Calophyllum,11.3,A
291.77,353.17,Cordia,12.3,A
189.94,343.14,Garcinia,,D
479.4,119.3,Eugenia,11.7,A
368.78,338.25,Alseis,54.8,A
226.93,150.68,Guarea,97.0,A
53.2,100.31,Ocotea,24.3,A
30.14,159.7,Dipteryx,11.5,A
592.5,54.26,Aglaia,50.1,A
191.11,230.36,Aglaia,12.4,A
158.53,376.35,Alseis,17.5,A
315.05,115.33,Aglaia,32.6,A
153.54,241.54,Aglaia,11.2,A
141.43,270.74,Calophyllum,35.0,A
501.34,85.65,Drypetes,11.9,A
299.13,150.06,Inga,44.9,A
14.52,291.58,Faramea,228.4,A
20.5,175.88,Aglaia,14.8,A
117.98,45.33,Aglaia,13.5,A
295.19,164.41,Licania,,D
75.25,126.52,Inga,16.4,A
563.04,19.39,Faramea,40.7,A
389.65,303.64,Ocotea,13.4,A
92.93,105.44,Quararibea,,D
94.44,6.96,Guarea,58.9,A
383.78,78.88,Calophyllum,33.4,A
74.02,154.21,Drypetes,13.0,A
163.68,340.53,Cordia,38.7,A
477.42,130.69,Calophyllum,16.8,A
95.54,356.48,Beilschmiedia,,D
270.98,30.98,Anacardium,158.3,A
21.55,93.25,Beilschmiedia,15.4,A
66.6,195.53,Alseis,18.5,A
73.21,230.27,Hirtella,13.1,A
94.4,151.29,Guarea,26.3,A
263.39,15.97,Knema,29.0,A
113.6,218.03,Eugenia,13.8,A
577.03,67.44,Beilschmiedia,236.0,A
57.58,150.85,Drypetes,76.3,A
288.31,168.4,Trichilia,12.8,A
145.09,289.71,Cordia,13.4,A
196.11,139.95,Aglaia,21.2,A
106.44,137.97,Sloanea,14.6,A
529.7,67.72,Calophyllum,97.9,A
373.01,159.29,Hirtella,11.2,A
16.21,320.68,Drypetes,16.1,A
189.13,218.02,Garcinia,147.2,A
254.54,396.48,Nectandra,96.6,A
200.14,231.14,Garcinia,82.5,A
286.09,351.79,Jacaranda,29.0,A
328.03,235.88,Ocotea,34.8,A
459.49,32.72,Eugenia,41.9,A
575.0,24.32,Calophyllum,13.9,A
209.87,69.22,Guarea,23.5,A
86.07,373.62,Beilschmiedia,41.6,A
27.5,336.57,Calophyllum,26.0,A
247.84,56.26,Garcinia,155.2,A
8.8,291.79,Swartzia,50.6,A
218.99,267.58,Aglaia,20.8,A
188.0,316.2,Calophyllum,13.6,A
310.16,40.95,Swartzia,12.6,A
281.31,194.89,Eugenia,,D
30.52,279.74,Drypetes,74.3,A
71.53,101.58,Shorea,98.5,A
26.95,331.9,Faramea,19.2,A
424.85,70.22,Jacaranda,13.0,A
328.08,114.07,Dipteryx,64.0,A
368.36,243.85,Protium,23.0,A
470.67,161.84,Beilschmiedia,33.9,A
174.17,126.94,Aglaia,31.6,A
241.91,59.05,Garcinia,17.2,A
336.16,256.33,Faramea,182.8,A
253.29,323.31,Beilschmiedia,66.2,A
41.17,350.23,Garcinia,43.4,A
175.07,304.7,Faramea,110.6,A
163.36,278.44,Brosimum,123.6,A
212.44,80.02,Cordia,109.9,A
242.46,277.78,Shorea,40.0,A
367.31,92.82,Swartzia,186.3,A
71.88,315.14,Knema,41.8,A
14.09,327.21,Faramea,71.4,A
53.21,175.75,Alseis,17.3,A
342.73,249.62,Eugenia,12.0,A
410.95,90.02,Garcinia,16.6,A
186.16,262.09,Cordia,135.1,A
304.83,43.89,Eugenia,10.9,A
289.2,341.14,Calophyllum,13.7,A
243.77,322.23,Beilschmiedia,98.1,A
433.66,53.16,Garcinia,34.6,A
217.68,273.94,Faramea,13.6,A
292.19,19.48,Aglaia,32.6,A
252.3,204.6,Calophyllum,,D
154.21,336.86,Calophyllum,28.2,A
47.39,93.24,Eugenia,24.9,A
309.04,318.58,Aglaia,25.1,A
33.6,112.55,Alseis,12.6,A
197.77,359.65,Aglaia,15.5,A
156.49,143.16,Licania,21.1,A
46.24,239.22,Garcinia,49.2,A
108.27,207.73,Eugenia,19.6,A
241.42,159.94,Alseis,348.3,A
73.73,125.05,Palaquium,14.4,A
521.97,172.69,Jacaranda,316.1,A
198.81,368.28,Jacaranda,45.4,A
125.63,271.25,Knema,224.7,A
98.63,154.49,Macaranga,11.6,A
425.37,149.76,Nectandra,,D
83.77,368.82,Beilschmiedia,11.9,A
315.29,195.52,Garcinia,37.0,A
34.69,308.52,Drypetes,10.8,A
411.12,12.74,Drypetes,13.6,A
463.11,8.32,Beilschmiedia,188.6,A
438.21,175.92,Alseis,151.1,A
98.97,392.89,Beilschmiedia,12.4,A
378.09,109.33,Alseis,29.5,A
360.52,124.56,Protium,80.2,A
336.95,256.52,Hura,226.7,A
516.42,60.42,Licania,30.6,A
270.55,202.36,Garcinia,17.3,A
53.29,300.98,Alseis,608.0,A
506.97,6.59,Licania,90.8,A
89.74,25.07,Hirtella,10.2,A
427.84,62.2,Inga,233.3,A
555.22,21.79,Faramea,401.3,A
193.1,274.73,Dipteryx,,D
157.58,68.5,Dipteryx,123.2,A
380.08,242.53,Alseis,16.6,A
282.25,194.73,Dipteryx,13.3,A
110.33,211.08,Eugenia,101.1,A
161.71,386.98,Cupania,,D
195.72,229.49,Guarea,11.4,A
343.09,76.41,Calophyllum,70.3,A
285.54,248.31,Beilschmiedia,152.0,A
406.95,96.55,Aglaia,17.6,A
245.28,87.66,Jacaranda,72.3,A
26.62,234.65,Faramea,19.7,A
391.11,388.76,Tetragastris,61.9,A
57.66,297.31,Drypetes,482.2,A
45.6,282.63,Drypetes,29.4,A
307.45,204.97,Inga,23.9,A
46.99,150.59,Virola,33.1,A
135.14,28.44,Guarea,14.1,A
114.23,35.0,Alseis,14.1,A
537.38,69.82,Faramea,13.4,A
392.13,228.15,Eugenia,10.3,A
158.92,140.21,Beilschmiedia,24.3,A
205.17,272.22,Alseis,44.5,A
85.4,329.61,Dipteryx,15.3,A
106.77,308.15,Jacaranda,29.3,A
95.0,101.69,Anacardium,55.6,A
59.72,127.94,Nectandra,23.8,A
302.59,27.37,Aglaia,22.0,A
382.91,226.97,Ocotea,93.9,A
320.91,399.38,Guarea,157.9,A
109.55,295.79,Drypetes,10.7,A
165.1,290.13,Guarea,10.7,A
379.87,260.11,Aglaia,111.9,A
211.8,143.81,Aglaia,21.2,A
398.9,218.74,Eugenia,17.3,A
108.41,310.75,Beilschmiedia,43.9,A
200.13,296.3,Aglaia,17.7,A
558.04,90.86,Guarea,46.2,A
17.3,74.14,Drypetes,25.7,A
44.46,108.71,Drypetes,87.0,A
474.23,128.0,Jacaranda,,D
302.97,315.76,Dipteryx,20.1,A
96.47,128.94,Inga,11.3,A
71.14,343.7,Aglaia,93.4,A
113.1,50.12,Aglaia,10.1,A
185.39,172.91,Alseis,17.5,A
347.6,326.11,Cordia,60.5,A
214.97,279.42,Aglaia,17.3,A
176.58,198.66,Alseis,43.1,A
29.24,260.63,Garcinia,203.6,A
106.9,28.83,Aglaia,87.4,A
186.03,249.27,Aglaia,56.4,A
235.17,298.63,Faramea,12.6,A
260.82,232.63,Beilschmiedia,12.2,A
48.21,324.44,Cordia,16.2,A
350.55,336.07,Licania,130.2,A
32.31,358.56,Beilschmiedia,37.7,A
102.61,211.42,Ocotea,253.8,A
376.88,46.97,Sloanea,53.1,A
105.64,260.25,Cordia,41.0,A
131.91,30.39,Macaranga,38.7,A
513.51,100.75,Drypetes,45.8,A
320.91,300.36,Alseis,,D
122.06,135.38,Cordia,,D
29.97,369.76,Beilschmiedia,19.7,A
237.38,227.27,Licania,22.0,A
555.94,96.53,Cordia,11.3,A
79.65,311.64,Beilschmiedia,18.2,A
278.03,399.18,Dipteryx,130.6,A
420.91,49.6,Alseis,18.2,A
209.33,132.15,Alseis,20.7,A
48.0,305.59,Drypetes,,D
171.87,164.68,Nectandra,66.9,A
522.45,68.69,Drypetes,146.0,A
195.18,330.19,Aglaia,11.0,A
44.04,68.51,Dipteryx,291.5,A
199.63,337.13,Garcinia,128.8,A
357.31,223.48,Jacaranda,,D
490.72,95.1,Beilschmiedia,257.6,A
30.83,286.02,Cordia,18.9,A
363.69,323.84,Aglaia,95.9,A
184.18,203.36,Garcinia,80.8,A
75.87,110.64,Inga,20.7,A
170.85,251.05,Drypetes,15.9,A
372.67,40.03,Jacaranda,,D
139.33,242.29,Dipteryx,31.8,A
10.59,159.36,Inga,19.7,A
392.5,164.22,Palaquium,107.3,A
484.45,84.85,Drypetes,10.0,A
418.9,121.87,Alseis,52.8,A
243.14,181.12,Faramea,26.3,A
301.18,214.24,Dipteryx,14.1,A
331.63,178.02,Faramea,335.5,A
102.03,139.62,Alseis,212.9,A
186.72,24.38,Dipteryx,20.5,A
173.08,296.33,Alseis,14.7,A
227.71,366.26,Sloanea,18.1,A
142.9,16.69,Calophyllum,14.2,A
523.99,177.56,Jacaranda,235.0,A
188.18,204.78,Aglaia,63.9,A
100.95,390.08,Garcinia,62.3,A
281.6,318.37,Cordia,10.4,A
576.25,66.9,Alseis,169.5,A
402.97,71.35,Aglaia,21.9,A
168.19,203.65,Quararibea,10.7,A
419.93,64.08,Aglaia,,D
52.75,352.41,Quararibea,127.7,A
464.6,129.51,Rinorea,22.9,A
84.15,203.37,Calophyllum,18.3,A
153.97,246.09,Palaquium,19.7,A
241.88,121.25,Beilschmiedia,22.5,A
192.98,159.18,Licania,11.2,A
185.78,308.75,Faramea,,D
29.8,100.33,Eugenia,133.8,A
354.67,331.63,Eugenia,23.1,A
195.11,346.59,Protium,15.4,A
350.26,178.26,Jacaranda,16.5,A
27.83,103.48,Beilschmiedia,52.8,A
58.57,229.99,Nectandra,58.0,A
123.97,211.68,Cordia,13.9,A
271.11,344.13,Nectandra,23.4,A
184.67,246.08,Dipteryx,190.6,A
104.87,189.9,Dipteryx,20.5,A
369.81,142.25,Eugenia,48.6,A
280.43,276.77,Cordia,18.0,A
185.3,329.88,Eugenia,54.4,A
559.06,53.0,Aglaia,11.4,A
320.43,140.15,Inga,36.2,A
224.42,172.3,Cordia,102.1,A
465.07,51.67,Eugenia,141.0,A
142.67,378.85,Cordia,59.7,A
179.38,372.93,Jacaranda,24.8,A
428.39,142.13,Beilschmiedia,78.8,A
118.46,25.44,Eugenia,26.4,A
266.65,233.28,Dipteryx,65.0,A
296.72,187.37,Inga,15.3,A
242.99,79.68,Garcinia,50.6,A
432.89,66.46,Alseis,21.6,A
97.86,236.83,Cordia,90.0,A
136.07,145.98,Beilschmiedia,212.0,A
92.57,46.1,Nectandra,20.0,A
283.26,160.76,Cordia,11.9,A
366.7,246.56,Guarea,30.2,A
215.99,197.26,Licania,15.8,A
434.94,88.68,Ocotea,,M
187.09,193.25,Aglaia,51.3,A
100.07,280.64,Alseis,39.0,A
126.45,30.48,Dipteryx,260.5,A
42.97,376.97,Beilschmiedia,74.4,A
120.34,160.76,Cordia,13.9,A
436.78,82.7,Eugenia,39.1,A
537.82,41.02,Ocotea,,D
311.51,130.41,Calophyllum,41.7,A
508.58,182.32,Cordia,31.5,A
154.65,297.14,Guarea,44.0,A
475.63,35.47,Knema,11.4,A
420.08,38.86,Eugenia,60.7,A
409.41,114.23,Aglaia,97.2,A
36.13,234.33,Garcinia,17.8,A
193.5,330.9,Drypetes,,D
558.77,98.26,Guarea,16.5,A
324.24,278.08,Macaranga,19.4,A
456.35,38.34,Eugenia,15.6,A
154.54,133.44,Beilschmiedia,12.3,A
592.35,105.34,Tetragastris,18.3,A
339.99,220.76,Faramea,47.2,A
183.52,221.56,Dipteryx,71.1,A
410.9,61.51,Calophyllum,21.6,A
352.63,367.59,Dipteryx,10.1,A
227.36,176.29,Alseis,10.4,A
2.7,251.15,Calophyllum,,D
131.28,55.85,Aglaia,28.3,A
303.87,35.0,Nectandra,57.1,A
161.71,322.91,Cordia,13.9,A
205.02,297.77,Faramea,11.8,A
71.04,320.66,Dipteryx,30.0,A
14.19,102.92,Drypetes,180.9,A
418.9,149.13,Calophyllum,,D
428.0,121.42,Aglaia,21.7,A
71.68,397.58,Quararibea,,D
40.47,144.32,Macaranga,,D
201.95,344.48,Aglaia,22.7,A
234.53,207.7,Licania,12.2,A
89.84,207.1,Faramea,25.7,A
184.02,312.48,Eugenia,45.9,A
148.3,195.62,Cordia,35.9,A
279.12,335.13,Sloanea,14.6,A
54.03,255.33,Garcinia,15.3,A
307.62,142.78,Ficus,25.7,A
221.9,226.29,Drypetes,45.3,A
439.07,67.26,Aglaia,18.6,A
250.1,178.37,Quararibea,75.3,A
177.9,331.14,Beilschmiedia,19.1,A
174.03,301.04,Aglaia,11.6,A
95.79,253.3,Aglaia,12.3,A
529.74,52.78,Faramea,11.4,A
93.45,245.46,Dipteryx,52.0,A
58.5,163.02,Aglaia,10.8,A
59.68,203.61,Drypetes,123.0,A
134.23,123.53,Drypetes,36.2,A
153.71,251.94,Alseis,19.1,A
46.47,295.89,Aglaia,15.7,A
130.2,281.93,Brosimum,60.2,A
291.58,342.76,Aglaia,,D
73.68,376.06,Cordia,17.0,A
144.09,124.81,Cordia,45.8,A
573.08,197.06,Calophyllum,26.9,A
297.98,384.27,Diospyros,10.3,A
59.72,54.21,Cordia,35.1,A
110.75,84.14,Calophyllum,96.3,A
197.05,236.24,Quararibea,43.6,A
470.35,110.59,Rinorea,64.9,A
102.32,395.5,Beilschmiedia,11.4,A
282.18,250.13,Cordia,27.0,A
11.6,157.59,Cordia,192.1,A
406.01,113.52,Aglaia,89.3,A
359.5,185.22,Guarea,94.3,A
475.31,54.64,Guarea,13.8,A
248.13,276.0,Garcinia,17.4,A
272.62,281.55,Dipteryx,15.7,A
262.09,182.88,Calophyllum,14.8,A
547.73,32.39,Faramea,14.2,A
398.69,216.23,Faramea,23.0,A
480.25,176.73,Beilschmiedia,67.0,A
306.24,362.74,Trichilia,15.4,A
127.09,218.76,Faramea,12.2,A
126.75,132.49,Calophyllum,62.5,A
273.38,281.52,Nectandra,18.9,A
170.61,226.41,Aglaia,,D
219.69,303.11,Aglaia,17.2,A
141.4,310.06,Hirtella,43.1,A
358.67,399.33,Eugenia,28.1,A
23.05,250.86,Dipteryx,11.8,A
320.13,6.8,Garcinia,14.6,A
12.52,92.46,Beilschmiedia,25.0,A
63.01,42.15,Aglaia,14.9,A
38.91,139.69,Virola,63.2,A
17.09,315.69,Jacaranda,20.3,A
244.49,91.77,Jacaranda,13.5,A
81.74,94.14,Inga,11.6,A
29.99,214.62,Garcinia,20.6,A
333.07,145.21,Alseis,19.5,A
223.76,279.18,Drypetes,,M
254.71,7.0,Faramea,,D
512.11,51.03,Macaranga,28.9,A
342.55,322.6,Sloanea,43.7,A
451.38,177.41,Eugenia,10.2,A
255.31,278.45,Dipteryx,14.1,A
319.38,3.24,Swartzia,167.1,A
354.33,339.58,Eugenia,23.2,A
225.02,319.4,Drypetes,24.9,A
55.27,293.29,Aglaia,16.9,A
150.75,372.72,Dipteryx,30.0,A
359.06,204.78,Eugenia,11.9,A
38.25,16.86,Cordia,,D
321.97,102.33,Aglaia,106.1,A
228.22,229.88,Sloanea,91.7,A
75.69,315.9,Drypetes,26.5,A
383.29,234.11,Beilschmiedia,36.3,A
214.96,74.8,Alseis,23.2,A
243.98,346.94,Calophyllum,18.3,A
535.4,183.43,Beilschmiedia,90.3,A
568.88,161.24,Cordia,27.4,A
26.0,47.63,Erythroxylum,19.5,A
65.24,157.48,Macaranga,30.7,A
263.49,388.65,Macaranga,17.0,A
264.94,177.87,Calophyllum,27.8,A
307.47,168.1,Beilschmiedia,29.3,A
67.33,143.12,Cordia,43.8,A
191.43,142.6,Gustavia,11.1,A
384.13,45.62,Inga,23.5,A
529.97,19.6,Knema,49.2,A
218.37,188.19,Alseis,,D
216.88,124.95,Licania,51.0,A
263.03,309.7,Cordia,13.1,A
204.97,149.59,Aglaia,46.4,A
143.41,88.15,Dipteryx,24.4,A
519.01,53.2,Faramea,86.8,A
163.0,254.88,Rinorea,45.0,A
119.02,107.09,Inga,,D
119.59,204.96,Quararibea,10.8,A
101.89,59.42,Aglaia,13.4,A
244.53,270.91,Beilschmiedia,12.1,A
431.65,54.92,Alseis,,D
539.53,109.06,Aglaia,66.9,A
295.48,186.22,Hirtella,49.6,A
266.9,215.35,Trichilia,13.7,A
370.24,136.74,Hirtella,99.4,A
263.01,234.23,Garcinia,23.1,A
375.36,147.06,Dipteryx,53.5,A
25.26,86.43,Beilschmiedia,14.5,A
46.03,98.35,Shorea,37.2,A
210.34,381.8,Diospyros,62.0,A
542.4,156.21,Ocotea,21.5,A
509.96,176.54,Cordia,63.8,A
109.05,191.93,Macaranga,,D
397.99,60.32,Guarea,20.3,A
143.7,127.99,Quararibea,25.0,A
136.58,79.64,Dipteryx,104.7,A
429.45,48.72,Beilschmiedia,17.0,A
141.56,181.36,Cordia,37.3,A
332.13,104.75,Cordia,14.2,A
266.88,302.96,Dipteryx,156.7,A
184.05,239.36,Drypetes,76.6,A
410.99,180.68,Alseis,56.9,A
199.87,11.61,Dipteryx,103.2,A
52.3,242.39,Cordia,21.4,A
245.37,281.6,Eugenia,15.1,A
161.65,391.45,Aglaia,18.6,A
288.96,42.92,Aglaia,117.2,A
164.25,193.91,Quararibea,23.7,A
116.33,357.99,Diospyros,,D
353.68,34.11,Swartzia,51.7,A
593.62,64.31,Ocotea,,D
157.71,208.98,Palaquium,143.0,A
509.46,196.69,Alseis,25.6,A
142.59,104.29,Protium,48.8,A
495.91,48.56,Faramea,13.6,A
233.04,255.66,Aglaia,21.2,A
490.6,46.82,Licania,40.0,A
77.07,90.84,Shorea,,D
580.88,132.98,Calophyllum,28.0,A
109.47,114.04,Calophyllum,680.1,A
577.84,196.1,Faramea,23.6,A
147.87,240.21,Aglaia,13.0,A
82.82,222.18,Aglaia,13.1,A
584.7,75.0,Knema,25.8,A
334.7,247.76,Eugenia,22.6,A
511.87,93.54,Drypetes,107.8,A
39.93,123.28,Hirtella,174.3,A
175.96,347.41,Beilschmiedia,253.1,A
170.35,239.32,Aglaia,19.7,A
46.92,12.59,Protium,155.8,A
120.76,142.01,Shorea,49.9,A
372.75,237.39,Beilschmiedia,16.9,A
336.89,60.9,Drypetes,25.7,A
537.32,25.62,Faramea,20.3,A
503.16,174.05,Guarea,23.4,A
359.8,122.87,Macaranga,237.7,A
98.11,306.85,Beilschmiedia,109.1,A
191.75,231.45,Garcinia,,D
30.19,80.67,Calophyllum,95.8,A
117.88,152.86,Dipteryx,206.6,A
293.87,162.96,Beilschmiedia,23.9,A
109.2,216.95,Eugenia,85.1,A
262.6,275.28,Cordia,19.6,A
303.86,3.57,Aglaia,101.5,A
77.2,285.42,Rinorea,39.3,A
318.92,113.68,Beilschmiedia,22.8,A
507.43,102.5,Drypetes,30.1,A
120.88,361.89,Dipteryx,21.7,A
332.42,94.84,Hirtella,12.7,A
298.64,203.06,Faramea,68.8,A
371.91,218.24,Eugenia,28.2,A
365.79,383.2,Eugenia,55.2,A
199.11,280.74,Sloanea,36.1,A
187.28,138.68,Guarea,11.6,A
83.3,87.08,Alseis,54.4,A
412.11,32.17,Beilschmiedia,50.2,A
50.53,256.33,Garcinia,37.9,A
125.16,0.57,Alseis,99.0,A
311.2,90.58,Cecropia,15.7,A
273.82,279.07,Ocotea,24.4,A
154.13,69.14,Shorea,15.7,A
222.09,200.13,Jacaranda,,D
91.15,187.75,Gustavia,16.5,A
32.58,148.23,Alseis,424.1,A
200.06,270.5,Alseis,24.4,A
86.36,36.46,Rinorea,,D
244.23,279.28,Eugenia,41.6,A
318.51,309.64,Aglaia,12.4,A
465.85,163.04,Guarea,10.9,A
291.12,233.77,Faramea,16.1,A
540.81,120.99,Aglaia,133.8,A
380.26,258.65,Cordia,18.7,A
45.87,376.24,Beilschmiedia,51.1,A
252.1,373.72,Calophyllum,32.1,A
424.28,9.17,Inga,13.0,A
475.31,168.6,Calophyllum,32.9,A
37.29,303.33,Alseis,111.3,A
394.7,87.51,Beilschmiedia,49.1,A
459.87,110.16,Guarea,10.4,A
196.93,326.88,Faramea,10.5,A
128.36,117.44,Alseis,94.5,A
98.62,31.44,Rinorea,,D
398.97,44.43,Hirtella,50.1,A
297.22,3.51,Aglaia,19.4,A
145.61,140.32,Dipteryx,211.2,A
121.16,309.68,Calophyllum,68.8,A
313.0,11.12,Garcinia,39.9,A
239.25,179.29,Alseis,114.9,A
62.87,237.02,Guarea,34.1,A
166.23,290.29,Alseis,118.0,A
318.77,115.55,Aglaia,,D
273.95,275.25,Aglaia,50.8,A
106.05,78.21,Calophyllum,19.8,A
45.63,198.47,Cordia,25.0,A
170.95,102.92,Cordia,13.8,A
589.28,9.5,Ocotea,36.0,A
92.63,81.53,Aglaia,13.4,A
72.38,44.69,Aglaia,33.5,A
84.79,13.37,Dipteryx,57.3,A
75.9,326.11,Cordia,12.4,A
412.45,50.76,Drypetes,42.1,A
84.09,121.32,Drypetes,24.1,A
76.74,127.79,Cordia,32.9,A
379.13,233.08,Beilschmiedia,93.1,A
272.38,172.92,Faramea,151.7,A
0.31,226.22,Calophyllum,11.5,A
137.6,156.3,Jacaranda,88.4,A
233.95,275.25,Beilschmiedia,13.4,A
546.42,1.02,Cordia,31.1,A
44.74,232.87,Drypetes,11.7,A
452.49,45.22,Eugenia,37.4,A
118.97,103.76,Inga,104.6,A
594.27,98.6,Calophyllum,43.7,A
358.05,38.48,Alseis,37.0,A
484.7,63.74,Ocotea,15.7,A
363.91,61.84,Aglaia,76.9,A
496.58,124.6,Beilschmiedia,27.2,A
200.75,209.3,Guarea,112.5,A
204.8,209.58,Calophyllum,23.1,A
481.07,83.88,Calophyllum,77.6,A
509.46,61.4,Cordia,16.4,A
226.89,100.28,Cordia,11.7,A
13.39,372.51,Beilschmiedia,17.9,A
65.29,250.76,Guarea,17.9,A
185.46,182.41,Aglaia,33.5,A
21.82,264.7,Dipteryx,27.1,A
398.25,130.35,Faramea,,M
237.03,275.68,Beilschmiedia,,D
225.55,176.76,Alseis,27.2,A
437.27,161.58,Drypetes,127.3,A
105.57,211.63,Faramea,102.6,A
528.85,185.34,Cordia,11.9,A
84.74,29.06,Aglaia,16.0,A
381.52,343.15,Tetragastris,20.0,A
442.96,33.97,Calophyllum,11.1,A
116.64,289.01,Drypetes,,D
249.76,66.29,Garcinia,,D
98.72,281.82,Alseis,478.7,A
379.01,389.64,Palaquium,18.9,A
241.12,266.82,Calophyllum,40.2,A
298.28,213.75,Inga,167.7,A
562.4,136.98,Calophyllum,12.3,A
53.94,332.98,Aglaia,,D
25.91,13.98,Guarea,,M
119.93,185.75,Cordia,26.0,A
492.07,127.49,Eugenia,15.8,A
223.94,178.47,Alseis,20.3,A
151.32,277.27,Alseis,58.0,A
434.71,24.74,Beilschmiedia,23.0,A
23.14,302.63,Faramea,27.2,A
520.03,27.29,Licania,12.8,A
179.65,136.66,Protium,54.2,A
111.17,63.57,Aglaia,65.5,A
366.94,296.64,Licania,80.8,A
115.85,321.01,Dipteryx,48.7,A
491.87,36.22,Calophyllum,,D
338.18,270.02,Alseis,312.1,A
62.52,60.07,Alseis,116.3,A
191.21,195.98,Protium,172.8,A
412.2,25.28,Beilschmiedia,20.7,A
86.39,68.01,Aglaia,14.0,A
110.91,313.0,Hirtella,45.8,A
109.0,113.77,Drypetes,207.8,A
142.9,205.91,Alseis,62.3,A
191.87,167.45,Aglaia,17.5,A
389.51,393.76,Knema,412.8,A
535.55,149.44,Aglaia,34.8,A
361.62,22.04,Calophyllum,70.7,A
251.58,283.07,Sloanea,107.2,A
378.85,31.5,Nectandra,70.4,A
2.47,167.44,Aglaia,16.6,A
339.85,350.47,Aglaia,19.1,A
431.67,24.74,Guarea,37.2,A
300.61,169.54,Faramea,10.4,A
227.44,310.96,Aglaia,29.5,A
218.67,164.14,Guarea,,M
238.54,240.34,Ocotea,12.3,A
48.56,261.01,Garcinia,39.2,A
404.68,87.09,Garcinia,,D
29.81,108.19,Drypetes,11.0,A
372.5,75.21,Alseis,46.9,A
42.6,118.41,Drypetes,101.8,A
53.63,307.0,Calophyllum,,M
9.98,212.61,Aglaia,27.3,A
14.02,317.85,Knema,,D
221.81,319.59,Drypetes,12.1,A
113.09,147.08,Drypetes,10.5,A
59.15,144.54,Ocotea,19.7,A
114.01,358.57,Guarea,10.2,A
285.62,157.89,Beilschmiedia,13.6,A
108.54,124.57,Drypetes,12.0,A
312.98,324.84,Jacaranda,17.9,A
275.99,40.07,Dipteryx,38.9,A
201.13,131.25,Protium,29.8,A
409.66,134.27,Cordia,53.5,A
487.14,22.37,Dipteryx,35.6,A
143.08,201.6,Macaranga,24.5,A
72.02,201.1,Cordia,,D
251.18,181.02,Nectandra,27.0,A
126.03,110.8,Garcinia,96.7,A
74.02,172.51,Calophyllum,26.4,A
243.36,88.17,Hirtella,,D
136.5,21.42,Calophyllum,81.9,A
269.83,205.8,Faramea,66.8,A
118.82,26.17,Hirtella,53.9,A
90.73,98.35,Alseis,378.5,A
196.07,232.61,Hirtella,175.3,A
578.55,61.66,Aglaia,18.0,A
69.13,340.62,Guarea,18.4,A
403.82,121.68,Aglaia,44.1,A
135.82,165.6,Gustavia,38.5,A
489.72,156.82,Beilschmiedia,16.9,A
110.12,260.83,Cordia,63.1,A
516.11,74.14,Guarea,53.2,A
439.57,97.49,Macaranga,11.3,A
336.13,77.7,Ficus,23.8,A
549.21,125.45,Knema,190.0,A
57.47,152.14,Virola,,D
198.11,64.28,Alseis,174.3,A
230.33,182.98,Alseis,12.8,A
293.75,232.9,Cordia,126.2,A
350.75,390.98,Eugenia,,D
437.18,60.93,Aglaia,11.0,A
127.53,128.31,Beilschmiedia,25.4,A
581.86,78.22,Beilschmiedia,15.9,A
260.66,287.8,Aglaia,,D
69.81,249.39,Garcinia,106.0,A
166.35,373.97,Alseis,10.6,A
221.69,259.76,Beilschmiedia,71.9,A
46.29,216.03,Aglaia,11.1,A
126.63,234.57,Shorea,48.1,A
176.82,17.75,Alseis,68.1,A
380.68,80.42,Drypetes,55.1,A
56.44,282.18,Drypetes,80.0,A
168.13,4.18,Anacardium,17.4,A
208.89,292.02,Faramea,97.8,A
487.42,131.37,Hirtella,11.0,A
138.53,161.03,Protium,10.4,A
244.02,174.31,Alseis,11.3,A
35.21,253.83,Eugenia,115.0,A
430.02,64.1,Alseis,74.1,A
284.65,303.97,Aglaia,10.9,A
263.07,263.92,Dipteryx,71.0,A
183.56,341.06,Knema,31.2,A
186.38,293.71,Aglaia,21.6,A
8.05,206.69,Aglaia,52.5,A
311.87,120.05,Beilschmiedia,34.3,A
483.62,104.12,Calophyllum,38.1,A
236.02,277.81,Beilschmiedia,20.1,A
241.99,315.79,Eugenia,,D
301.04,266.55,Dipteryx,20.9,A
397.4,110.58,Hirtella,31.6,A
282.01,150.95,Trichilia,103.8,A
94.21,372.19,Beilschmiedia,26.8,A
80.18,112.75,Inga,,D
418.36,180.72,Calophyllum,105.2,A
285.15,326.51,Calophyllum,40.7,A
408.09,132.5,Alseis,,D
134.97,52.29,Alseis,122.6,A
116.77,158.02,Aglaia,22.8,A
300.35,6.14,Beilschmiedia,14.6,A
197.61,243.35,Aglaia,59.5,A
185.41,149.95,Aglaia,78.8,A
583.86,28.57,Macaranga,12.0,A
460.7,179.98,Drypetes,24.2,A
208.02,22.57,Nectandra,109.4,A
84.41,85.3,Alseis,23.2,A
492.94,114.99,Eugenia,,D
383.67,259.04,Hirtella,,D
367.74,79.92,Drypetes,72.0,A
350.05,50.01,Aglaia,13.7,A
83.08,94.13,Inga,13.0,A
195.84,218.95,Cordia,13.4,A
294.46,265.44,Aglaia,,D
415.52,23.18,Dipteryx,99.5,A
148.58,60.23,Calophyllum,,D
122.13,281.81,Brosimum,11.6,A
502.48,41.36,Macaranga,48.7,A
27.93,374.07,Beilschmiedia,48.1,A
356.24,384.99,Palaquium,33.4,A
27.25,302.08,Drypetes,57.0,A
357.35,365.0,Tetragastris,15.7,A
495.74,22.52,Faramea,63.8,A
349.3,350.47,Dipteryx,28.0,A
428.26,196.96,Ocotea,18.2,A
336.45,6.48,Garcinia,16.0,A
224.26,398.29,Cordia,111.9,A
221.27,268.61,Aglaia,24.3,A
347.21,282.8,Alseis,82.6,A
528.47,84.56,Knema,11.1,A
270.55,359.27,Cupania,32.0,A
396.4,34.98,Garcinia,261.3,A
186.53,144.71,Palaquium,25.0,A
9.21,29.44,Guarea,15.4,A
213.0,285.48,Faramea,25.3,A
374.61,244.09,Beilschmiedia,131.9,A
250.37,366.96,Calophyllum,462.4,A
234.55,334.99,Hirtella,21.9,A
392.03,76.75,Beilschmiedia,17.2,A
521.71,113.42,Swartzia,16.7,A
98.2,17.12,Dipteryx,11.7,A
367.73,121.16,Dipteryx,73.5,A
576.62,78.37,Beilschmiedia,33.0,A
85.39,224.27,Calophyllum,397.5,A
353.19,25.05,Alseis,482.8,A
332.53,52.49,Drypetes,59.0,A
141.16,111.61,Garcinia,96.9,A
455.74,8.81,Macaranga,,D
349.14,388.12,Aglaia,13.4,A
548.28,93.63,Beilschmiedia,13.7,A
234.57,312.53,Garcinia,23.7,A
80.34,40.67,Aglaia,23.2,A
3.65,354.39,Alseis,27.4,A
128.6,293.56,Brosimum,70.2,A
223.32,318.28,Jacaranda,27.9,A
319.2,92.34,Knema,,D
300.24,139.74,Inga,24.5,A
396.0,316.81,Knema,68.1,A
494.87,86.61,Beilschmiedia,17.5,A
72.74,352.4,Aglaia,43.2,A
174.75,66.76,Macaranga,16.6,A
382.51,180.07,Macaranga,42.8,A
197.73,207.21,Drypetes,,D
70.33,222.05,Alseis,18.9,A
172.43,230.03,Aglaia,17.0,A
395.09,333.09,Aglaia,13.9,A
98.51,118.13,Drypetes,12.0,A
590.74,80.85,Alseis,15.3,A
542.12,100.11,Calophyllum,25.8,A
411.27,117.75,Aglaia,51.6,A
244.63,164.17,Hirtella,16.0,A
162.52,174.08,Palaquium,375.4,A
227.43,181.32,Alseis,281.8,A
331.24,216.92,Faramea,53.4,A
355.71,40.37,Calophyllum,25.7,A
84.43,38.46,Calophyllum,52.1,A
193.73,30.74,Alseis,22.3,A
24.32,183.84,Cordia,47.0,A
241.53,324.34,Luehea,34.2,A
303.42,177.3,Cordia,15.0,A
181.7,214.49,Garcinia,,D
576.36,93.36,Cordia,13.0,A
65.18,214.36,Cordia,31.2,A
147.18,248.64,Alseis,25.1,A
205.21,316.86,Aglaia,16.2,A
421.02,192.15,Garcinia,42.2,A
210.69,314.42,Faramea,283.9,A
123.16,66.76,Calophyllum,18.0,A
437.57,34.56,Beilschmiedia,38.0,A
88.09,359.94,Beilschmiedia,11.4,A
308.12,310.86,Alseis,18.2,A
329.12,123.1,Dipteryx,21.4,A
364.84,317.66,Jacaranda,31.3,A
401.44,52.92,Alseis,31.8,A
221.81,141.4,Cordia,14.9,A
167.26,359.59,Rinorea,10.4,A
416.17,148.69,Calophyllum,95.4,A
76.7,275.19,Dipteryx,15.8,A
191.28,17.45,Shorea,,D
124.24,16.15,Calophyllum,228.8,A
323.22,99.3,Hirtella,87.4,A
307.54,35.48,Ficus,35.8,A
450.85,2.52,Macaranga,12.0,A
245.88,179.04,Alseis,83.6,A
353.46,264.9,Eugenia,15.6,A
198.7,350.78,Aglaia,24.8,A
4.67,137.51,Inga,10.3,A
276.56,205.72,Eugenia,18.2,A
491.48,56.62,Licania,203.5,A
275.77,307.09,Ocotea,45.9,A
234.13,249.28,Calophyllum,81.0,A
307.0,368.97,Alseis,,M
138.62,93.45,Inga,13.6,A
35.28,269.15,Eugenia,23.4,A
249.25,20.6,Faramea,37.4,A
409.36,28.43,Alseis,28.3,A
55.04,231.7,Garcinia,12.3,A
87.81,313.94,Anacardium,11.8,A
167.53,118.99,Calophyllum,573.3,A
167.05,359.97,Eugenia,24.5,A
203.6,302.38,Aglaia,20.4,A
368.89,224.82,Aglaia,14.0,A
423.25,21.84,Drypetes,12.3,A
459.98,57.33,Cordia,91.3,A
171.17,214.91,Drypetes,12.9,A
194.39,330.92,Drypetes,12.8,A
265.1,338.62,Alseis,169.8,A
484.37,108.58,Eugenia,14.7,A
352.65,96.47,Aglaia,28.5,A
500.18,85.79,Beilschmiedia,28.0,A
140.02,157.22,Alseis,108.3,A
216.28,40.28,Cordia,12.8,A
348.37,53.09,Aglaia,30.4,A
301.89,153.51,Inga,20.2,A
146.95,19.89,Nectandra,58.1,A
251.81,215.52,Garcinia,90.7,A
95.38,396.01,Garcinia,30.2,A
544.44,62.4,Dipteryx,13.1,A
160.98,317.94,Cordia,180.3,A
44.16,88.03,Drypetes,139.0,A
447.51,166.08,Cordia,33.1,A
506.01,45.08,Drypetes,,D
245.4,135.2,Beilschmiedia,27.9,A
330.58,374.01,Aglaia,119.2,A
3.9,217.54,Aglaia,14.0,A
418.79,179.57,Eugenia,35.4,A
363.1,379.18,Aglaia,19.4,A
400.91,110.95,Garcinia,32.6,A
467.32,3.43,Beilschmiedia,,D
345.03,374.71,Aglaia,13.3,A
219.93,156.04,Calophyllum,116.0,A
389.55,23.42,Inga,10.2,A
267.76,17.4,Dipteryx,21.3,A
163.98,21.12,Alseis,25.1,A
30.71,217.31,Aglaia,58.3,A
12.46,186.22,Cordia,82.9,A
189.61,169.38,Cordia,34.2,A
99.07,275.79,Cordia,23.1,A
446.68,170.1,Cordia,27.4,A
354.78,348.08,Eugenia,13.6,A
13.32,256.41,Alseis,20.0,A
59.68,305.35,Drypetes,12.2,A
242.36,285.94,Aglaia,23.2,A
575.79,135.2,Macaranga,10.7,A
362.0,197.96,Alseis,21.7,A
22.17,140.53,Inga,18.1,A
18.36,204.78,Aglaia,10.2,A
497.16,124.93,Eugenia,11.8,A
13.27,325.49,Guarea,82.7,A
482.66,85.6,Beilschmiedia,,D
65.85,50.06,Alseis,177.6,A
429.24,142.54,Dipteryx,33.1,A
337.01,396.85,Alseis,10.4,A
78.47,262.95,Knema,37.9,A
473.19,32.61,Eugenia,10.9,A
493.28,38.95,Calophyllum,332.5,A
193.41,294.95,Drypetes,28.6,A
321.75,192.7,Ocotea,25.4,A
57.1,201.71,Alseis,24.0,A
561.79,4.08,Calophyllum,10.4,A
192.26,236.83,Drypetes,,D
94.85,173.38,Nectandra,,D
54.32,139.18,Cordia,173.4,A
533.38,179.35,Beilschmiedia,44.3,A
86.72,303.81,Beilschmiedia,21.5,A
231.17,273.8,Aglaia,70.0,A
57.37,121.91,Virola,17.3,A
332.99,255.47,Guarea,12.4,A
560.98,166.06,Tetragastris,139.0,A
562.43,158.95,Cordia,95.8,A
371.91,339.48,Knema,27.5,A
390.57,96.83,Alseis,87.1,A
230.02,305.25,Eugenia,38.6,A
578.18,76.05,Alseis,22.0,A
225.12,54.0,Nectandra,10.9,A
236.62,282.22,Aglaia,13.0,A
390.07,80.18,Alseis,212.0,A
449.26,75.71,Guarea,40.4,A
5.69,386.89,Eugenia,30.8,A
260.63,34.42,Macaranga,77.2,A
16.4,136.85,Drypetes,10.7,A
151.93,274.4,Alseis,10.6,A
200.82,293.57,Aglaia,47.0,A
376.58,155.66,Macaranga,21.8,A
323.33,89.32,Beilschmiedia,152.9,A
226.44,172.9,Alseis,19.1,A
580.94,199.62,Faramea,,D
111.2,94.76,Cordia,53.2,A
293.97,15.52,Aglaia,11.6,A
418.65,49.15,Jacaranda,86.5,A
355.26,372.96,Aglaia,12.1,A
95.79,101.82,Ocotea,36.3,A
390.35,210.96,Dipteryx,12.1,A
87.69,114.61,Palaquium,29.1,A
97.71,273.9,Alseis,21.1,A
224.72,271.19,Faramea,,D
572.84,75.19,Guarea,13.3,A
160.07,177.38,Hirtella,88.1,A
401.63,32.88,Dipteryx,407.3,A
103.51,102.47,Inga,32.1,A
365.69,221.37,Eugenia,16.0,A
404.04,78.64,Inga,31.1,A
104.92,86.02,Alseis,14.0,A
51.9,243.5,Macaranga,22.7,A
364.57,108.3,Calophyllum,12.2,A
87.08,255.66,Cordia,66.2,A
140.56,220.92,Cordia,88.4,A
124.41,8.97,Macaranga,17.5,A
448.05,24.14,Beilschmiedia,67.8,A
426.7,187.13,Dipteryx,54.0,A
498.52,67.5,Faramea,18.3,A
390.46,77.11,Alseis,11.6,A
565.72,92.43,Beilschmiedia,25.8,A
52.19,49.2,Aglaia,63.0,A
244.98,330.58,Beilschmiedia,,D
157.1,353.88,Alseis,16.1,A
318.25,17.07,Aglaia,75.5,A
106.14,160.84,Dipteryx,144.0,A
10.47,383.57,Alseis,17.7,A
156.12,103.22,Calophyllum,20.6,A
127.29,187.72,Calophyllum,28.9,A
465.4,170.42,Drypetes,59.9,A
399.51,22.31,Macaranga,32.6,A
6.44,385.33,Cordia,16.7,A
24.78,139.29,Inga,16.4,A
215.89,186.04,Cordia,23.0,A
181.61,155.09,Calophyllum,84.9,A
151.73,186.71,Quararibea,35.3,A
89.34,265.43,Alseis,16.2,A
463.68,35.48,Cordia,11.0,A
12.07,148.59,Aglaia,18.7,A
561.72,120.41,Licania,108.2,A
78.36,87.96,Alseis,451.4,A
233.5,170.17,Rinorea,44.6,A
482.32,111.36,Eugenia,10.3,A
338.11,373.3,Beilschmiedia,24.1,A
353.66,384.31,Palaquium,19.1,A
90.24,92.23,Inga,26.6,A
351.72,54.42,Aglaia,12.5,A
349.86,30.44,Alseis,88.8,A
30.9,76.41,Guarea,24.0,A
305.34,47.58,Knema,10.9,A
199.9,159.19,Guarea,39.8,A
442.37,76.43,Eugenia,45.4,A
121.55,37.35,Aglaia,35.8,A
14.43,251.42,Cordia,14.6,A
185.24,250.01,Aglaia,,D
445.53,109.63,Macaranga,17.2,A
275.91,221.0,Calophyllum,12.5,A
332.89,297.42,Calophyllum,690.7,A
393.1,223.31,Sloanea,16.6,A
573.03,70.78,Aglaia,18.8,A
271.12,255.87,Beilschmiedia,102.9,A
239.22,217.77,Hirtella,13.3,A
34.23,7.66,Cordia,11.6,A
580.54,72.81,Eugenia,11.4,A
221.66,153.11,Swartzia,10.1,A
127.29,159.76,Calophyllum,520.5,A
411.6,142.56,Hirtella,12.6,A
143.1,191.8,Swartzia,70.2,A
385.25,205.42,Eugenia,88.9,A
376.61,145.54,Xylopia,,D
246.64,324.68,Beilschmiedia,,D
312.46,293.86,Dipteryx,22.6,A
168.79,218.1,Dipteryx,20.3,A
183.01,192.68,Aglaia,26.0,A
364.04,395.42,Eugenia,13.6,A
288.59,159.91,Beilschmiedia,32.1,A
69.93,196.47,Cordia,55.2,A
185.06,333.72,Rinorea,,D
327.83,187.14,Inga,49.4,A
406.04,10.39,Alseis,176.2,A
568.2,79.78,Beilschmiedia,25.1,A
76.5,11.42,Dipteryx,,D
59.83,161.52,Aglaia,24.8,A
93.92,207.89,Cordia,10.8,A
86.24,90.9,Nectandra,13.3,A
45.36,211.99,Aglaia,103.4,A
287.75,240.76,Calophyllum,51.0,A
211.31,310.69,Aglaia,34.6,A
243.19,235.79,Jacaranda,54.6,A
131.12,88.68,Garcinia,,D
384.61,81.39,Beilschmiedia,150.9,A
527.47,77.23,Licania,241.1,A
154.22,259.0,Alseis,453.0,A
251.43,272.54,Alseis,79.5,A
67.5,176.73,Knema,21.9,A
222.19,267.98,Garcinia,,D
342.32,385.74,Cordia,143.5,A
158.6,259.09,Calophyllum,26.3,A
299.64,186.29,Inga,34.0,A
364.01,333.55,Alseis,12.7,A
461.03,31.73,Knema,15.8,A
415.83,106.77,Jacaranda,19.5,A
233.69,391.41,Ocotea,15.6,A
237.04,260.63,Aglaia,27.7,A
137.19,349.09,Diospyros,119.1,A
51.39,205.82,Aglaia,110.2,A
129.19,304.52,Calophyllum,13.1,A
226.48,282.65,Eugenia,,D
103.71,220.27,Aglaia,122.0,A
136.03,105.81,Inga,11.6,A
400.78,46.15,Cordia,41.2,A
305.15,200.01,Garcinia,28.7,A
131.13,202.23,Calophyllum,38.6,A
358.25,399.0,Eugenia,15.1,A
235.12,229.26,Garcinia,18.1,A
11.61,246.18,Faramea,46.1,A
434.72,46.19,Guarea,17.2,A
407.71,132.03,Alseis,21.6,A
163.26,327.75,Hirtella,14.4,A
531.16,148.21,Knema,17.3,A
225.36,92.03,Eugenia,11.6,A
148.47,387.44,Alseis,77.0,A
89.5,392.84,Beilschmiedia,42.6,A
191.6,265.28,Aglaia,36.2,A
346.41,257.61,Hirtella,,D
234.09,37.29,Swartzia,126.9,A
399.88,55.54,Garcinia,17.3,A
338.44,389.39,Alseis,17.1,A
79.15,241.46,Dipteryx,29.5,A
75.97,117.98,Drypetes,113.1,A
183.9,345.9,Diospyros,13.2,A
172.99,86.36,Dipteryx,292.5,A
410.81,183.39,Eugenia,12.5,A
411.97,41.91,Aglaia,20.1,A
97.23,298.55,Beilschmiedia,57.2,A
400.98,18.95,Dipteryx,15.4,A
433.66,40.83,Calophyllum,30.5,A
173.72,138.35,Aglaia,159.4,A
293.32,206.75,Faramea,114.8,A
145.72,305.04,Faramea,632.7,A
302.67,200.69,Inga,15.7,A
146.36,234.78,Drypetes,403.7,A
306.0,143.14,Dipteryx,433.1,A
383.82,236.9,Beilschmiedia,,D
506.93,53.71,Drypetes,10.6,A
10.42,313.15,Faramea,44.2,A
301.35,255.63,Dipteryx,85.6,A
159.23,217.62,Swartzia,13.2,A
245.36,281.09,Alseis,22.9,A
423.61,35.91,Garcinia,22.3,A
179.55,237.31,Sloanea,10.5,A
110.27,81.88,Calophyllum,47.8,A
86.09,370.11,Beilschmiedia,26.9,A
105.76,382.25,Beilschmiedia,70.9,A
163.72,131.48,Beilschmiedia,32.8,A
592.26,59.31,Alseis,31.0,A
469.03,159.05,Beilschmiedia,30.9,A
472.92,191.35,Drypetes,350.1,A
379.81,334.67,Alseis,20.0,A
510.69,76.67,Drypetes,23.0,A
33.25,51.05,Erythroxylum,38.1,A
356.92,172.99,Protium,18.1,A
196.12,323.69,Dipteryx,11.8,A
485.03,90.49,Drypetes,30.0,A
84.96,135.01,Dipteryx,22.1,A
568.62,117.02,Guarea,,D
366.77,83.99,Drypetes,11.3,A
389.35,84.32,Aglaia,12.2,A
202.04,236.07,Cordia,168.0,A
242.15,342.84,Aglaia,15.0,A
18.59,219.9,Cordia,91.6,A
39.52,277.55,Garcinia,267.5,A
217.47,359.48,Sloanea,16.7,A
247.76,57.33,Anacardium,12.7,A
146.1,261.74,Alseis,42.4,A
22.78,159.97,Cordia,15.1,A
56.07,151.45,Sloanea,40.0,A
305.86,110.88,Alseis,527.9,A
316.03,227.3,Cordia,10.1,A
240.81,278.33,Beilschmiedia,63.9,A
202.73,168.67,Licania,14.5,A
223.11,369.37,Cordia,10.2,A
244.68,120.13,Beilschmiedia,14.5,A
488.32,177.37,Drypetes,18.8,A
168.17,309.36,Aglaia,43.2,A
185.06,128.42,Calophyllum,67.5,A
564.67,146.59,Calophyllum,13.4,A
523.72,113.86,Calophyllum,93.4,A
551.69,126.29,Aglaia,80.7,A
163.98,9.15,Alseis,16.0,A
321.29,117.43,Dipteryx,237.2,A
186.29,58.37,Jacaranda,13.7,A
458.9,143.98,Dipteryx,21.2,A
68.15,126.46,Inga,21.7,A
51.63,324.6,Rinorea,81.3,A
258.67,241.34,Beilschmiedia,70.9,A
73.4,105.64,Inga,33.0,A
421.79,32.12,Drypetes,12.5,A
360.5,381.74,Dipteryx,34.5,A
555.93,144.65,Faramea,29.9,A
119.57,100.76,Shorea,23.1,A
370.1,325.76,Alseis,119.9,A
227.72,224.34,Eugenia,68.2,A
64.49,223.01,Alseis,11.0,A
33.86,339.7,Knema,10.9,A
421.39,170.03,Cordia,16.1,A
59.89,130.93,Knema,13.0,A
305.31,399.61,Cupania,30.5,A
155.35,209.96,Faramea,,D
443.14,52.31,Beilschmiedia,60.3,A
442.47,164.17,Knema,14.7,A
60.0,160.03,Aglaia,19.8,A
285.33,359.6,Aglaia,113.3,A
272.41,200.21,Eugenia,41.1,A
63.74,22.05,Hirtella,56.8,A
113.72,200.63,Calophyllum,117.6,A
543.87,133.51,Ocotea,56.4,A
26.87,197.52,Xylopia,19.5,A
183.34,114.44,Cordia,14.1,A
144.86,263.77,Dipteryx,30.5,A
75.63,112.35,Inga,13.8,A
93.25,376.59,Diospyros,101.1,A
158.64,80.81,Inga,41.6,A
502.64,21.21,Eugenia,11.2,A
208.61,368.18,Aglaia,30.6,A
257.38,298.08,Cordia,59.0,A
192.9,275.37,Alseis,13.0,A
182.62,223.52,Faramea,40.3,A
223.5,335.23,Hirtella,56.5,A
38.96,165.39,Aglaia,,D
170.95,352.32,Aglaia,47.7,A
213.36,318.39,Aglaia,36.8,A
209.74,19.76,Cordia,21.0,A
217.6,243.4,Aglaia,35.7,A
238.1,117.03,Licania,306.3,A
204.02,17.58,Dipteryx,58.4,A
119.7,280.22,Dipteryx,28.4,A
398.13,9.1,Alseis,82.3,A
479.77,25.08,Drypetes,137.3,A
589.76,85.96,Alseis,48.9,A
381.04,210.1,Nectandra,39.7,A
24.36,76.97,Drypetes,61.5,A
584.59,89.21,Eugenia,20.2,A
537.48,88.87,Aglaia,17.9,A
111.04,42.54,Cordia,,D
586.86,9.74,Faramea,,D
35.67,76.43,Beilschmiedia,12.1,A
465.67,175.34,Beilschmiedia,,D
281.95,367.28,Alseis,15.0,A
150.71,330.49,Faramea,23.1,A
59.96,313.91,Aglaia,16.3,A
270.32,24.0,Cordia,13.1,A
260.7,0.25,Calophyllum,,D
127.1,250.26,Dipteryx,37.0,A
554.68,172.9,Tetragastris,10.6,A
156.89,91.94,Dipteryx,11.7,A
214.62,79.79,Dipteryx,27.6,A
267.3,397.64,Hirtella,40.9,A
211.38,267.39,Aglaia,32.8,A
137.64,371.28,Aglaia,29.4,A
146.49,289.3,Faramea,12.3,A
201.18,312.85,Aglaia,76.4,A
30.14,113.96,Drypetes,87.7,A
382.22,395.63,Palaquium,44.5,A
135.47,224.43,Nectandra,14.2,A
288.62,159.87,Beilschmiedia,31.2,A
324.83,107.84,Calophyllum,376.1,A
241.21,149.38,Guarea,52.1,A
176.88,105.52,Cordia,28.9,A
151.73,293.65,Drypetes,500.8,A
0.22,51.11,Protium,35.8,A
13.33,124.41,Garcinia,32.7,A
74.44,152.64,Macaranga,14.0,A
152.3,391.13,Hirtella,38.9,A
510.08,154.46,Aglaia,26.9,A
51.75,208.07,Alseis,20.1,A
30.61,367.73,Beilschmiedia,12.6,A
548.28,80.09,Aglaia,17.4,A
218.33,22.37,Hirtella,13.5,A
174.28,307.23,Faramea,30.7,A
164.56,242.43,Rinorea,27.4,A
385.9,102.74,Alseis,23.8,A
226.62,202.53,Licania,12.2,A
7.86,320.12,Calophyllum,18.1,A
207.85,83.27,Protium,40.3,A
118.95,67.31,Protium,51.0,A
463.62,192.56,Ocotea,27.0,A
36.89,214.77,Aglaia,71.2,A
55.08,211.59,Drypetes,11.0,A
56.52,336.61,Garcinia,10.9,A
484.93,34.96,Eugenia,80.3,A
266.77,318.66,Trichilia,41.3,A
127.27,160.87,Cordia,21.1,A
118.94,42.84,Aglaia,33.7,A
106.12,261.26,Knema,97.6,A
140.77,123.43,Inga,12.9,A
202.05,169.25,Dipteryx,26.5,A
142.34,142.78,Nectandra,10.3,A
144.89,86.24,Cordia,11.7,A
217.36,85.66,Eugenia,134.6,A
402.6,81.6,Beilschmiedia,213.9,A
319.04,284.56,Calophyllum,29.2,A
262.09,377.2,Calophyllum,181.1,A
71.13,399.15,Swartzia,,D
114.14,168.18,Hirtella,29.2,A
498.24,35.92,Drypetes,135.6,A
96.25,200.17,Gustavia,63.0,A
322.77,108.8,Aglaia,20.4,A
85.61,122.93,Cordia,,D
31.63,183.46,Knema,60.5,A
264.41,334.82,Alseis,41.3,A
459.48,5.66,Beilschmiedia,12.7,A
191.93,341.16,Eugenia,36.3,A
410.67,91.84,Beilschmiedia,13.8,A
142.6,74.97,Cordia,15.3,A
32.35,54.28,Erythroxylum,,D
371.65,143.97,Cordia,42.1,A
299.09,210.21,Dipteryx,39.6,A
171.28,24.26,Alseis,81.3,A
37.25,3.86,Dipteryx,10.2,A
391.73,99.53,Guarea,14.3,A
274.44,241.23,Beilschmiedia,20.8,A
306.86,317.1,Aglaia,21.0,A
53.04,306.6,Alseis,19.9,A
532.48,110.08,Aglaia,12.4,A
193.77,133.46,Aglaia,67.2,A
22.26,172.99,Inga,66.7,A
522.25,162.08,Calophyllum,67.7,A
258.75,324.14,Trichilia,82.0,A
142.67,298.78,Faramea,37.3,A
156.58,385.27,Aglaia,121.8,A
174.86,58.63,Nectandra,34.5,A
131.41,245.22,Palaquium,25.0,A
348.86,244.54,Cordia,21.7,A
431.53,169.98,Drypetes,79.8,A
229.65,319.92,Beilschmiedia,10.4,A
49.12,45.8,Licania,79.5,A
363.79,80.24,Aglaia,17.0,A
94.13,362.67,Beilschmiedia,94.6,A
27.17,101.55,Drypetes,26.7,A
384.25,72.63,Calophyllum,55.9,A
78.88,179.09,Alseis,,D
92.22,286.66,Guarea,195.7,A
303.13,70.51,Dipteryx,16.0,A
266.97,230.79,Hirtella,11.4,A
15.82,237.32,Faramea,406.2,A
421.44,90.48,Garcinia,10.2,A
408.81,4.66,Drypetes,21.6,A
49.61,237.82,Knema,10.2,A
248.14,164.41,Alseis,22.0,A
334.93,196.4,Dipteryx,13.7,A
338.16,389.59,Alseis,36.2,A
594.62,64.13,Ocotea,19.6,A
59.16,289.62,Cordia,130.4,A
175.85,109.29,Protium,90.0,A
247.64,155.98,Licania,33.6,A
224.83,206.38,Jacaranda,19.9,A
519.66,153.27,Macaranga,24.5,A
152.23,126.06,Beilschmiedia,147.3,A
234.25,273.71,Beilschmiedia,71.5,A
453.27,72.32,Xylopia,13.0,A
525.75,180.04,Beilschmiedia,20.9,A
25.08,340.34,Aglaia,15.1,A
275.13,309.15,Protium,27.2,A
176.82,338.7,Guarea,23.9,A
263.91,396.87,Guarea,15.1,A
169.53,324.36,Drypetes,46.4,A
315.64,200.9,Trichilia,160.8,A
31.5,166.13,Dipteryx,13.7,A
18.15,108.01,Drypetes,14.0,A
94.03,300.37,Beilschmiedia,203.2,A
114.76,31.75,Eugenia,81.5,A
22.95,62.42,Ocotea,16.3,A
164.23,92.7,Inga,,D
13.5,86.48,Beilschmiedia,29.6,A
89.54,141.92,Palaquium,,D
412.62,58.36,Aglaia,36.6,A
553.82,182.52,Dipteryx,,D
244.91,175.68,Alseis,,D
47.43,31.32,Licania,44.8,A
436.36,45.54,Hirtella,13.3,A
184.33,20.21,Hirtella,10.6,A
494.67,29.6,Licania,154.0,A
191.73,390.61,Cupania,106.3,A
196.1,177.19,Aglaia,14.8,A
69.86,222.97,Alseis,38.8,A
396.6,321.31,Aglaia,13.7,A
16.04,291.63,Faramea,63.4,A
163.51,207.47,Palaquium,26.0,A
166.57,17.12,Alseis,,M
191.06,91.92,Dipteryx,10.0,A
74.27,113.7,Knema,31.3,A
338.2,214.72,Cordia,41.8,A
32.99,373.02,Beilschmiedia,,M
86.76,122.51,Guarea,31.1,A
248.78,33.16,Calophyllum,15.0,A
329.88,346.71,Calophyllum,356.4,A
71.93,185.87,Knema,10.3,A
128.56,228.83,Calophyllum,18.6,A
334.05,168.71,Trichilia,42.9,A
152.0,335.31,Calophyllum,221.3,A
134.68,250.36,Cordia,67.8,A
61.86,207.06,Aglaia,34.8,A
89.01,320.13,Calophyllum,103.6,A
309.38,178.98,Inga,19.2,A
424.82,133.94,Aglaia,40.7,A
179.0,171.34,Dipteryx,45.6,A
84.97,178.13,Alseis,,D
512.72,24.87,Faramea,22.8,A
337.2,171.0,Cordia,56.2,A
13.25,104.41,Alseis,16.6,A
269.25,295.26,Aglaia,27.2,A
230.14,388.12,Alseis,12.9,A
344.04,258.92,Eugenia,87.6,A
425.53,101.6,Aglaia,71.1,A
302.95,233.47,Inga,11.3,A
466.7,73.07,Calophyllum,703.9,A
275.32,237.27,Cordia,31.9,A
173.01,263.84,Aglaia,24.0,A
39.34,169.92,Alseis,363.1,A
114.33,83.66,Nectandra,12.8,A
44.64,167.56,Knema,10.0,A
551.37,185.76,Jacaranda,74.0,A
195.16,332.8,Dipteryx,210.8,A
458.98,59.64,Cordia,33.7,A
338.31,382.86,Alseis,52.4,A
474.52,167.1,Beilschmiedia,36.5,A
150.42,53.83,Cordia,107.9,A
387.02,230.36,Beilschmiedia,99.7,A
549.92,49.08,Aglaia,131.7,A
117.96,364.69,Aglaia,16.9,A
481.07,131.49,Calophyllum,33.9,A
423.92,21.86,Beilschmiedia,129.6,A
329.37,251.51,Eugenia,11.5,A
189.72,362.97,Cordia,11.2,A
246.31,267.55,Shorea,160.9,A
121.47,283.67,Brosimum,45.3,A
24.07,295.4,Cordia,10.2,A
18.1,162.32,Calophyllum,10.1,A
115.82,357.09,Cordia,63.2,A
75.05,135.68,Inga,37.8,A
181.08,340.06,Aglaia,54.0,A
542.15,170.98,Ocotea,11.9,A
31.59,338.2,Cordia,24.5,A
342.06,298.2,Dipteryx,23.6,A
328.51,85.74,Knema,112.1,A
466.89,6.8,Beilschmiedia,16.6,A
149.71,279.23,Knema,151.5,A
415.73,185.44,Eugenia,21.2,A
272.02,283.84,Nectandra,28.9,A
159.35,377.51,Dipteryx,380.8,A
20.91,8.46,Licania,14.5,A
194.69,299.0,Aglaia,53.2,A
93.02,314.11,Garcinia,84.4,A
43.8,140.8,Protium,75.5,A
118.18,225.06,Eugenia,,D
291.72,354.15,Cordia,46.0,A
243.87,277.14,Aglaia,20.2,A
39.54,302.8,Drypetes,169.0,A
290.83,150.42,Beilschmiedia,58.4,A
363.76,246.43,Cecropia,17.3,A
477.92,49.02,Eugenia,,D
193.87,223.41,Dipteryx,54.9,A
315.51,250.67,Faramea,11.4,A
493.73,84.69,Beilschmiedia,43.1,A
220.37,118.99,Guarea,20.6,A
339.84,382.61,Tetragastris,45.5,A
180.44,342.62,Aglaia,14.5,A
492.52,131.46,Beilschmiedia,153.7,A
114.05,114.63,Alseis,20.3,A
306.65,21.67,Garcinia,70.8,A
46.97,238.25,Garcinia,68.0,A
347.17,399.83,Beilschmiedia,16.3,A
103.28,60.32,Jacaranda,20.3,A
363.33,272.06,Alseis,,D
139.32,124.23,Inga,91.5,A
148.85,257.75,Alseis,542.1,A
64.69,198.61,Drypetes,99.3,A
20.44,117.26,Alseis,170.6,A
134.39,129.7,Gustavia,57.2,A
562.74,109.09,Guarea,230.8,A
143.97,162.96,Faramea,60.1,A
223.12,183.6,Dipteryx,134.5,A
67.91,326.91,Garcinia,46.8,A
300.04,202.56,Inga,119.3,A
589.55,152.81,Faramea,382.1,A
165.49,216.61,Alseis,18.4,A
143.59,269.35,Brosimum,19.4,A
566.68,2.5,Calophyllum,13.1,A
250.62,44.64,Dipteryx,13.3,A
91.92,240.38,Garcinia,350.0,A
426.22,22.41,Beilschmiedia,,D
6.06,9.02,Licania,14.2,A
219.84,276.97,Shorea,49.3,A
216.3,149.58,Hirtella,13.7,A
380.62,108.84,Alseis,114.7,A
145.7,319.4,Aglaia,10.9,A
517.68,77.53,Drypetes,20.8,A
135.36,357.59,Dipteryx,159.6,A
117.74,89.84,Alseis,19.3,A
40.28,171.15,Alseis,13.0,A
108.22,261.69,Jacaranda,79.6,A
312.84,203.98,Inga,12.2,A
89.61,219.46,Dipteryx,99.8,A
279.6,11.62,Calophyllum,,M
103.59,203.88,Knema,13.7,A
109.83,22.11,Alseis,39.6,A
580.25,198.77,Faramea,18.0,A
407.05,175.2,Hirtella,15.9,A
342.13,248.82,Eugenia,28.5,A
223.76,303.83,Aglaia,40.0,A
299.4,341.42,Cordia,38.4,A
77.89,169.62,Alseis,23.3,A
315.05,314.77,Aglaia,70.2,A
118.78,207.91,Jacaranda,263.7,A
313.36,100.95,Jacaranda,77.6,A
205.42,234.8,Aglaia,22.0,A
373.32,116.62,Hirtella,,D
65.4,190.39,Dipteryx,11.6,A
49.7,17.22,Hirtella,20.4,A
134.66,184.61,Swartzia,106.2,A
349.16,376.87,Beilschmiedia,186.5,A
68.97,295.09,Aglaia,,D
427.17,53.75,Alseis,11.7,A
136.59,88.42,Cordia,,D
414.24,159.75,Calophyllum,897.7,A
54.98,320.25,Guarea,184.1,A
415.85,36.05,Inga,11.0,A
165.18,105.81,Inga,133.9,A
97.08,37.83,Eugenia,16.7,A
537.81,139.03,Aglaia,13.5,A
317.71,329.29,Alseis,82.0,A
190.33,302.44,Aglaia,16.5,A
443.23,50.48,Beilschmiedia,31.2,A
517.31,86.54,Licania,21.8,A
246.79,263.73,Aglaia,62.3,A
72.56,56.46,Alseis,86.4,A
561.3,44.66,Knema,,D
230.03,265.02,Aglaia,116.9,A
87.66,23.15,Aglaia,11.3,A
370.07,366.52,Tetragastris,14.7,A
346.75,19.95,Alseis,,D
561.44,32.52,Dipteryx,12.1,A
330.39,359.24,Cordia,24.1,A
394.11,134.33,Calophyllum,128.7,A
280.95,335.11,Licania,30.7,A
509.81,1.59,Drypetes,21.3,A
55.44,328.11,Garcinia,44.6,A
302.05,313.86,Jacaranda,63.1,A
504.02,17.29,Faramea,12.2,A
59.22,312.74,Alseis,273.6,A
177.68,324.51,Drypetes,29.8,A
276.09,202.63,Licania,15.0,A
496.54,163.2,Ocotea,14.4,A
229.34,174.38,Protium,51.3,A
369.98,52.77,Dipteryx,29.0,A
92.85,170.02,Alseis,308.1,A
592.36,59.77,Eugenia,25.0,A
334.52,316.49,Xylopia,28.2,A
42.57,112.69,Aglaia,19.6,A
50.14,137.46,Virola,,D
514.36,35.38,Knema,39.1,A
407.82,81.87,Drypetes,122.0,A
12.17,302.65,Faramea,19.3,A
222.74,310.05,Aglaia,91.0,A
300.32,34.92,Aglaia,20.1,A
237.42,36.49,Faramea,46.5,A
564.97,108.96,Calophyllum,11.0,A
584.9,72.2,Cordia,77.5,A
524.41,71.48,Drypetes,94.6,A
583.23,126.32,Faramea,14.1,A
14.24,297.59,Faramea,83.5,A
76.6,59.57,Alseis,11.2,A
233.08,140.1,Alseis,362.3,A
36.25,377.67,Beilschmiedia,10.2,A
197.28,293.88,Drypetes,45.1,A
201.52,23.14,Dipteryx,25.3,A
25.68,99.66,Alseis,27.8,A
243.44,98.32,Cordia,14.6,A
56.44,253.07,Garcinia,134.5,A
157.73,257.93,Alseis,76.0,A
189.61,54.28,Dipteryx,228.0,A
378.22,312.39,Aglaia,24.0,A
406.59,82.54,Garcinia,44.3,A
83.54,214.17,Eugenia,13.2,A
164.56,335.87,Drypetes,32.4,A
356.96,318.09,Dipteryx,73.9,A
303.43,256.41,Aglaia,16.5,A
439.04,70.7,Calophyllum,504.3,A
6.81,308.28,Cordia,,M
197.22,243.0,Aglaia,36.0,A
249.22,271.18,Guarea,20.8,A
359.42,326.51,Licania,,D
243.51,34.42,Faramea,12.0,A
260.12,259.22,Jacaranda,101.4,A
43.46,176.32,Alseis,101.1,A
33.61,245.81,Guarea,14.1,A
423.53,25.36,Dipteryx,11.9,A
126.18,36.87,Aglaia,15.5,A
249.71,193.11,Knema,11.5,A
147.96,62.31,Hirtella,60.8,A
282.1,369.48,Cupania,10.3,A
16.43,202.5,Alseis,,D
226.21,40.75,Calophyllum,10.7,A
167.67,347.13,Rinorea,11.5,A
333.66,84.52,Hirtella,25.5,A
126.66,241.02,Nectandra,14.1,A
280.89,185.89,Dipteryx,,M
114.37,52.73,Calophyllum,,D
325.51,53.89,Calophyllum,14.9,A
200.85,361.36,Aglaia,24.4,A
12.4,99.42,Alseis,61.4,A
148.66,226.96,Alseis,16.6,A
153.56,342.18,Eugenia,57.1,A
156.73,207.18,Calophyllum,272.9,A
107.13,220.04,Eugenia,42.8,A
186.65,113.53,Hirtella,18.6,A
101.08,295.74,Knema,10.3,A
83.01,164.36,Cordia,10.9,A
253.95,32.17,Calophyllum,129.6,A
490.57,15.45,Guarea,17.2,A
103.42,30.12,Eugenia,46.1,A
67.77,235.95,Cordia,,D
170.74,264.53,Aglaia,,D
239.33,196.38,Eugenia,27.1,A
100.01,236.69,Drypetes,11.3,A
497.22,123.05,Drypetes,12.5,A
5.74,366.87,Eugenia,75.9,A
310.81,33.56,Aglaia,112.4,A
446.95,169.89,Eugenia,42.0,A
597.25,119.44,Tetragastris,68.8,A
58.35,313.71,Calophyllum,22.7,A
62.49,379.42,Quararibea,13.1,A
537.02,50.53,Alseis,18.9,A
155.06,86.77,Jacaranda,19.1,A
407.58,157.8,Faramea,123.6,A
210.39,259.11,Beilschmiedia,106.9,A
137.53,98.21,Calophyllum,,D
67.22,320.13,Knema,99.1,A
25.93,165.87,Inga,10.1,A
366.8,385.19,Eugenia,146.6,A
315.82,231.99,Jacaranda,59.2,A
549.0,169.0,Beilschmiedia,14.4,A
550.14,96.81,Beilschmiedia,125.8,A
237.19,393.46,Cupania,54.9,A
81.45,305.79,Knema,71.7,A
374.67,243.8,Beilschmiedia,,M
385.18,50.76,Drypetes,315.6,A
566.7,51.45,Aglaia,50.6,A
591.54,110.86,Faramea,30.4,A
312.57,73.55,Aglaia,67.5,A
549.26,84.05,Faramea,74.3,A
409.93,55.76,Hirtella,24.3,A
22.53,153.42,Inga,12.1,A
413.1,199.28,Alseis,110.1,A
550.38,101.88,Beilschmiedia,30.0,A
311.5,105.65,Beilschmiedia,14.1,A
261.66,231.64,Beilschmiedia,,D
191.79,281.94,Alseis,26.1,A
163.77,368.21,Dipteryx,20.2,A
49.22,280.09,Drypetes,16.3,A
457.75,59.99,Protium,299.9,A
262.44,234.54,Beilschmiedia,24.0,A
241.98,258.84,Beilschmiedia,109.4,A
22.38,277.65,Faramea,15.4,A
204.42,256.28,Beilschmiedia,,D
158.67,216.68,Alseis,79.6,A
4.33,168.57,Inga,39.2,A
37.35,284.52,Guarea,16.5,A
180.72,232.52,Drypetes,10.6,A
33.0,115.78,Alseis,279.3,A
565.76,198.31,Ocotea,226.4,A
580.15,12.86,Hura,15.1,A
425.1,21.79,Beilschmiedia,68.3,A
536.64,192.21,Shorea,14.5,A
182.99,27.45,Alseis,45.1,A
227.21,272.35,Faramea,11.2,A
435.08,57.84,Beilschmiedia,24.2,A
490.53,109.54,Calophyllum,31.9,A
357.2,58.04,Knema,37.3,A
547.88,40.77,Cordia,189.0,A
228.55,268.88,Aglaia,44.1,A
218.85,335.22,Trichilia,27.8,A
65.82,278.1,Cordia,16.6,A
369.56,104.38,Ocotea,20.5,A
173.25,188.25,Anacardium,17.0,A
136.1,364.8,Cordia,117.5,A
318.76,231.91,Guarea,11.0,A
351.81,187.21,Ocotea,34.9,A
106.61,43.95,Alseis,26.3,A
159.44,203.03,Palaquium,22.5,A
66.51,190.85,Aglaia,123.5,A
486.03,107.07,Ocotea,45.1,A
316.11,113.68,Cecropia,12.1,A
97.35,99.14,Inga,13.7,A
234.51,111.95,Garcinia,47.4,A
479.21,2.56,Beilschmiedia,10.2,A
192.91,153.55,Aglaia,126.0,A
47.94,172.98,Aglaia,31.2,A
193.9,119.02,Nectandra,12.4,A
338.93,206.2,Cordia,110.8,A
17.54,114.75,Drypetes,38.8,A
357.59,177.84,Faramea,157.5,A
570.28,92.87,Beilschmiedia,13.8,A
36.1,74.13,Drypetes,11.7,A
350.0,60.45,Drypetes,10.5,A
558.96,67.81,Faramea,461.8,A
188.11,142.32,Aglaia,142.6,A
348.94,277.36,Alseis,13.8,A
424.07,175.17,Palaquium,22.9,A
299.8,15.19,Aglaia,,D
343.87,222.73,Cecropia,182.1,A
145.83,64.6,Alseis,586.3,A
120.37,329.3,Calophyllum,663.3,A
336.56,165.03,Trichilia,211.8,A
133.67,35.26,Ocotea,10.2,A
261.06,283.34,Hirtella,49.7,A
81.12,208.94,Eugenia,54.1,A
72.45,19.06,Calophyllum,34.3,A
407.08,31.23,Licania,13.2,A
195.63,386.78,Aglaia,10.7,A
244.04,282.53,Dipteryx,33.7,A
183.01,357.11,Dipteryx,96.3,A
0.83,142.76,Aglaia,143.1,A
357.55,223.91,Aglaia,62.5,A
235.74,271.21,Beilschmiedia,16.2,A
339.34,94.97,Cecropia,,D
288.31,49.63,Cordia,27.6,A
5.42,266.97,Guarea,167.4,A
487.0,21.63,Drypetes,,D
176.39,293.46,Faramea,25.0,A
280.5,208.26,Eugenia,94.7,A
534.68,177.13,Beilschmiedia,,D
267.84,31.78,Dipteryx,12.2,A
337.14,260.6,Cordia,94.9,A
483.42,130.26,Beilschmiedia,,D
40.17,38.26,Dipteryx,22.2,A
399.64,240.0,Garcinia,65.4,A
535.26,87.24,Cordia,30.1,A
341.94,198.51,Hirtella,23.0,A
44.67,110.72,Virola,11.9,A
162.3,174.21,Palaquium,10.5,A
1.23,381.4,Beilschmiedia,52.4,A
110.37,295.98,Ocotea,,M
4.14,171.64,Calophyllum,10.6,A
277.21,274.6,Aglaia,78.0,A
195.4,246.81,Aglaia,16.9,A
315.09,311.2,Aglaia,16.4,A
357.22,342.19,Eugenia,19.0,A
280.64,257.33,Dipteryx,299.2,A
369.11,235.99,Aglaia,70.6,A
397.12,348.74,Tetragastris,45.9,A
152.95,303.91,Alseis,93.4,A
319.01,275.25,Calophyllum,886.5,A
30.87,298.99,Sloanea,17.6,A
559.14,93.46,Beilschmiedia,75.2,A
376.89,311.09,Alseis,13.0,A
355.71,253.94,Cecropia,57.0,A
70.68,321.52,Drypetes,137.2,A
104.38,105.16,Jacaranda,47.4,A
211.24,287.88,Faramea,152.2,A
292.44,304.53,Nectandra,15.1,A
191.34,186.1,Palaquium,15.8,A
265.63,335.49,Aglaia,13.7,A
36.13,89.11,Calophyllum,19.6,A
121.3,281.71,Knema,,M
474.49,118.44,Macaranga,34.9,A
238.6,323.52,Beilschmiedia,23.7,A
359.84,326.43,Licania,219.0,A
460.96,13.49,Beilschmiedia,10.9,A
304.42,29.0,Aglaia,23.4,A
57.93,238.21,Garcinia,27.8,A
55.82,340.42,Aglaia,22.0,A
534.94,110.57,Aglaia,41.2,A
350.3,204.39,Inga,46.6,A
51.24,228.61,Eugenia,135.9,A
576.66,177.73,Faramea,156.6,A
124.94,254.06,Cordia,13.5,A
359.86,189.62,Hirtella,17.8,A
203.98,99.39,Aglaia,30.6,A
509.18,177.44,Cordia,,D
76.41,389.36,Quararibea,18.5,A
489.78,61.54,Swartzia,59.5,A
205.77,172.7,Calophyllum,20.9,A
231.64,206.01,Garcinia,12.6,A
331.47,115.38,Cecropia,21.9,A
213.59,130.18,Dipteryx,,D
321.79,16.77,Aglaia,25.9,A
183.45,303.16,Aglaia,16.7,A
88.92,55.15,Aglaia,19.5,A
394.93,114.91,Macaranga,10.3,A
193.52,11.91,Calophyllum,17.2,A
542.05,167.66,Jacaranda,31.5,A
510.77,46.21,Licania,225.9,A
581.24,51.86,Calophyllum,12.6,A
364.5,328.09,Aglaia,38.0,A
81.19,204.35,Eugenia,53.8,A
384.12,80.83,Ficus,163.3,A
73.81,171.24,Nectandra,70.4,A
313.03,345.04,Trichilia,17.5,A
213.49,271.47,Dipteryx,76.7,A
506.78,88.27,Drypetes,,D
87.17,385.2,Beilschmiedia,12.5,A
20.0,356.17,Hirtella,27.3,A
108.17,309.53,Drypetes,14.3,A
163.14,230.57,Macaranga,13.3,A
371.42,321.92,Alseis,28.1,A
320.68,100.6,Beilschmiedia,11.3,A
243.37,288.2,Alseis,43.3,A
146.61,296.36,Knema,13.0,A
257.61,321.99,Trichilia,11.1,A
410.69,183.16,Faramea,246.4,A
175.69,231.07,Quararibea,73.0,A
373.96,242.11,Alseis,22.6,A
183.97,229.57,Garcinia,31.0,A
561.57,58.57,Cordia,19.9,A
88.67,311.82,Drypetes,14.2,A
320.7,102.88,Cordia,125.9,A
55.93,389.78,Guarea,197.4,A
142.92,95.75,Calophyllum,17.3,A
16.28,308.39,Drypetes,61.6,A
201.74,123.4,Alseis,401.2,A
224.19,363.02,Jacaranda,12.3,A
112.33,20.43,Calophyllum,21.2,A
52.67,215.58,Alseis,25.6,A
348.28,101.51,Cecropia,12.7,A
65.17,305.39,Aglaia,37.9,A
181.37,304.3,Drypetes,49.4,A
54.96,352.22,Aglaia,12.9,A
185.41,95.77,Hirtella,,D
294.75,365.06,Alseis,10.2,A
377.32,356.49,Calophyllum,37.8,A
168.34,17.25,Cordia,72.6,A
441.04,94.66,Eugenia,10.4,A
469.41,176.34,Eugenia,,D
314.62,11.83,Jacaranda,50.7,A
243.9,214.31,Hirtella,12.0,A
426.57,137.12,Palaquium,17.8,A
434.46,170.91,Calophyllum,530.6,A
423.59,30.27,Beilschmiedia,29.0,A
468.82,25.21,Hirtella,22.8,A
345.47,361.59,Trichilia,,D
398.1,99.38,Calophyllum,21.5,A
221.42,84.03,Eugenia,91.9,A
592.59,81.19,Hirtella,34.3,A
268.02,173.3,Faramea,,D
127.34,50.67,Aglaia,26.1,A
91.79,115.06,Drypetes,29.1,A
461.44,147.51,Beilschmiedia,124.4,A
42.94,225.78,Garcinia,78.4,A
76.32,185.85,Protium,11.0,A
429.78,56.02,Inga,,M
386.29,126.02,Ficus,20.8,A
529.57,193.15,Alseis,,D
443.26,54.0,Hirtella,14.8,A
246.63,333.03,Dipteryx,10.2,A
121.69,167.94,Faramea,10.5,A
29.4,119.81,Virola,19.7,A
230.08,269.83,Eugenia,54.3,A
136.27,107.86,Inga,150.2,A
178.99,340.72,Quararibea,14.5,A
413.2,31.99,Licania,15.0,A
235.19,312.59,Faramea,29.3,A
36.49,159.65,Aglaia,31.0,A
478.97,100.5,Drypetes,26.1,A
65.92,323.83,Cordia,26.3,A
244.57,334.47,Beilschmiedia,91.4,A
22.56,264.75,Dipteryx,,M
500.32,146.68,Beilschmiedia,96.7,A
383.09,102.68,Aglaia,36.7,A
168.98,5.69,Anacardium,,D
440.18,170.66,Drypetes,20.4,A
414.62,89.91,Beilschmiedia,34.9,A
424.84,42.46,Aglaia,,D
311.75,238.96,Faramea,21.0,A
360.0,314.84,Hirtella,41.6,A
422.49,92.66,Guarea,167.6,A
2.94,141.19,Garcinia,106.2,A
40.51,335.01,Rinorea,17.3,A
2.86,304.87,Cordia,97.3,A
98.77,364.82,Garcinia,66.7,A
355.72,23.3,Calophyllum,,D
172.84,129.41,Palaquium,56.1,A
334.52,258.56,Eugenia,118.2,A
169.65,334.0,Beilschmiedia,66.6,A
100.66,39.28,Aglaia,145.7,A
244.15,231.07,Knema,20.7,A
555.35,42.09,Alseis,42.6,A
209.85,304.67,Aglaia,10.2,A
131.42,144.74,Calophyllum,69.9,A
69.69,157.84,Aglaia,125.5,A
417.27,64.05,Aglaia,11.5,A
142.57,315.73,Drypetes,11.9,A
233.5,25.15,Faramea,23.9,A
69.34,149.53,Shorea,14.0,A
66.55,227.24,Alseis,25.2,A
320.14,377.16,Hirtella,,D
439.81,49.06,Macaranga,33.3,A
75.32,193.56,Xylopia,31.0,A
86.23,230.88,Dipteryx,21.6,A
545.61,77.86,Knema,79.7,A
321.33,171.76,Dipteryx,14.6,A
505.1,163.9,Ocotea,13.2,A
111.69,286.96,Dipteryx,15.3,A
0.27,157.93,Aglaia,21.3,A
396.27,54.67,Calophyllum,,D
86.43,388.55,Beilschmiedia,,D
82.49,69.95,Nectandra,121.5,A
45.53,194.1,Aglaia,19.9,A
117.91,222.58,Palaquium,14.9,A
524.92,127.02,Aglaia,23.5,A
540.16,117.1,Aglaia,22.9,A
28.17,303.44,Diospyros,12.8,A
543.34,24.48,Licania,27.2,A
35.88,374.66,Beilschmiedia,13.6,A
46.84,112.2,Inga,16.2,A
295.94,26.39,Aglaia,13.4,A
552.34,84.27,Aglaia,13.7,A
566.22,185.46,Rinorea,22.9,A
557.77,87.48,Beilschmiedia,16.0,A
386.26,48.11,Alseis,544.1,A
208.4,347.34,Trichilia,26.7,A
553.98,116.2,Cordia,58.8,A
45.13,167.63,Alseis,38.0,A
204.06,208.8,Garcinia,23.7,A
473.66,142.42,Dipteryx,11.7,A
564.7,162.91,Knema,45.4,A
120.78,308.61,Calophyllum,33.0,A
334.01,363.95,Alseis,272.5,A
335.67,107.17,Knema,,D
435.37,70.13,Aglaia,25.7,A
346.59,68.37,Aglaia,158.9,A
105.81,390.23,Beilschmiedia,54.2,A
131.36,202.65,Guarea,18.0,A
471.21,177.62,Drypetes,13.0,A
255.78,26.78,Faramea,10.5,A
14.25,198.06,Alseis,20.6,A
228.04,117.29,Hirtella,73.6,A
329.46,167.1,Dipteryx,71.7,A
520.76,73.21,Guarea,19.4,A
171.92,142.16,Aglaia,14.2,A
333.1,385.52,Calophyllum,17.7,A
246.56,380.19,Calophyllum,,D
71.69,242.57,Calophyllum,29.4,A
167.41,165.77,Protium,28.8,A
228.55,11.54,Hirtella,16.3,A
517.92,32.66,Faramea,282.0,A
163.51,14.49,Macaranga,16.3,A
361.92,153.96,Jacaranda,12.7,A
122.02,83.93,Alseis,10.7,A
358.62,65.3,Aglaia,,D
123.85,372.57,Quararibea,38.1,A
232.91,75.41,Garcinia,22.7,A
374.41,328.81,Alseis,21.8,A
55.09,140.48,Protium,10.7,A
524.6,190.81,Beilschmiedia,,D
347.67,399.06,Beilschmiedia,,D
141.38,157.28,Calophyllum,43.6,A
46.5,326.3,Drypetes,29.7,A
161.31,119.13,Guarea,14.3,A
15.96,120.31,Alseis,18.2,A
196.07,161.79,Licania,14.9,A
199.67,236.84,Dipteryx,,D
150.19,149.09,Protium,18.1,A
58.46,297.98,Faramea,16.1,A
51.09,200.09,Aglaia,23.6,A
590.22,162.65,Ocotea,10.7,A
395.85,211.16,Calophyllum,10.6,A
178.31,228.29,Drypetes,18.0,A
321.87,104.4,Beilschmiedia,25.5,A
351.8,394.8,Palaquium,10.6,A
112.36,307.61,Drypetes,20.7,A
282.83,332.96,Dipteryx,10.1,A
9.85,164.69,Aglaia,15.1,A
393.38,28.39,Alseis,204.2,A
457.92,188.54,Calophyllum,59.6,A
224.0,131.3,Cordia,44.9,A
504.31,112.7,Eugenia,68.4,A
357.29,228.68,Ocotea,25.3,A
393.79,214.7,Garcinia,33.5,A
236.63,359.23,Trichilia,68.6,A
330.27,256.9,Ocotea,32.7,A
338.4,303.87,Sloanea,31.1,A
73.69,217.05,Macaranga,38.6,A
160.05,183.75,Palaquium,,D
74.66,324.4,Garcinia,10.2,A
65.39,330.93,Aglaia,12.6,A
398.62,72.47,Beilschmiedia,89.7,A
556.21,184.54,Guarea,18.9,A
580.41,94.13,Beilschmiedia,33.4,A
100.49,118.14,Inga,24.5,A
102.05,207.03,Cordia,129.9,A
373.53,228.0,Alseis,63.1,A
301.76,299.48,Calophyllum,40.2,A
362.17,61.96,Inga,32.8,A
271.68,19.07,Dipteryx,282.9,A
147.43,137.61,Beilschmiedia,35.0,A
261.27,163.12,Rinorea,198.0,A
121.19,159.22,Dipteryx,16.3,A
171.53,366.96,Cordia,27.7,A
333.33,364.83,Alseis,103.8,A
225.25,169.97,Licania,65.6,A
248.83,179.49,Alseis,12.9,A
203.32,302.2,Cordia,61.6,A
363.04,220.13,Alseis,67.4,A
147.12,142.8,Beilschmiedia,,M
13.32,55.2,Sloanea,13.4,A
166.86,200.35,Faramea,,M
531.01,40.2,Cordia,29.7,A
376.59,236.95,Beilschmiedia,18.5,A
261.33,24.19,Faramea,28.9,A
301.33,201.7,Inga,10.6,A
147.0,202.1,Macaranga,35.7,A
26.31,315.69,Cordia,,D
206.0,303.07,Faramea,65.3,A
282.43,201.55,Eugenia,13.7,A
234.41,18.06,Faramea,132.5,A
408.55,138.05,Beilschmiedia,24.9,A
396.61,371.96,Tetragastris,62.6,A
164.85,225.65,Quararibea,11.8,A
93.97,118.85,Inga,27.6,A
32.28,137.2,Calophyllum,54.3,A
183.94,225.01,Quararibea,10.1,A
370.52,250.69,Aglaia,19.5,A
377.37,150.21,Dipteryx,150.2,A
103.22,48.78,Rinorea,52.7,A
141.73,249.85,Knema,52.4,A
325.48,252.21,Cecropia,66.9,A
262.73,288.53,Cordia,17.3,A
157.83,231.74,Calophyllum,143.2,A
73.5,98.72,Inga,28.0,A
196.77,231.31,Dipteryx,87.5,A
87.4,291.99,Beilschmiedia,34.0,A
85.73,115.32,Palaquium,95.2,A
3.13,152.71,Garcinia,46.7,A
349.19,264.74,Eugenia,65.5,A
290.06,7.34,Beilschmiedia,22.3,A
391.94,346.28,Aglaia,80.8,A
347.46,348.55,Dipteryx,18.3,A
114.57,215.6,Eugenia,21.1,A
496.11,22.27,Eugenia,72.3,A
103.64,138.64,Drypetes,23.8,A
326.27,157.85,Ocotea,54.9,A
64.99,23.12,Hirtella,172.7,A
360.34,116.52,Nectandra,125.2,A
393.03,47.03,Alseis,340.4,A
48.11,2.75,Garcinia,31.3,A
250.29,396.33,Calophyllum,126.3,A
164.18,285.32,Jacaranda,18.6,A
179.38,226.15,Sloanea,18.8,A
256.84,24.74,Dipteryx,17.5,A
491.95,46.39,Faramea,24.8,A
509.79,87.13,Drypetes,19.6,A
325.53,267.83,Licania,419.7,A
15.91,5.08,Licania,19.0,A
411.74,132.98,Alseis,13.2,A
160.08,196.07,Dipteryx,48.7,A
349.65,144.3,Eugenia,139.9,A
294.04,232.21,Guarea,,D
92.79,36.83,Alseis,19.4,A
346.99,69.28,Drypetes,36.0,A
364.12,332.35,Aglaia,14.7,A
157.59,160.68,Cordia,55.3,A
85.61,308.56,Beilschmiedia,95.1,A
483.07,9.68,Cordia,31.6,A
212.88,275.56,Dipteryx,24.8,A
128.05,368.7,Diospyros,32.5,A
422.63,19.14,Beilschmiedia,83.9,A
232.01,89.64,Dipteryx,199.7,A
308.39,221.49,Jacaranda,32.7,A
19.27,79.29,Beilschmiedia,,D
240.24,187.9,Dipteryx,86.2,A
26.4,201.98,Aglaia,17.2,A
39.13,225.99,Garcinia,173.6,A
93.82,364.8,Calophyllum,13.8,A
505.41,56.25,Drypetes,276.1,A
61.64,222.06,Alseis,46.3,A
466.76,170.14,Jacaranda,10.8,A
116.98,89.31,Cordia,21.9,A
235.1,131.07,Dipteryx,13.9,A
29.12,255.92,Cordia,164.2,A
236.08,332.71,Aglaia,29.0,A
243.09,175.41,Faramea,46.7,A
229.47,190.55,Garcinia,13.9,A
81.68,330.09,Knema,52.5,A
177.4,173.86,Dipteryx,18.4,A
166.91,203.59,Drypetes,,D
274.96,399.73,Ocotea,15.0,A
284.45,329.23,Alseis,160.7,A
13.74,109.69,Shorea,18.9,A
224.42,166.0,Sloanea,11.9,A
150.21,264.38,Alseis,23.8,A
381.77,106.26,Alseis,13.2,A
366.14,31.27,Alseis,22.9,A
351.58,69.29,Dipteryx,362.5,A
52.48,308.5,Alseis,43.7,A
179.46,43.14,Cordia,45.6,A
248.98,125.61,Dipteryx,10.7,A
447.69,30.41,Drypetes,142.0,A
368.61,162.56,Shorea,11.6,A
536.54,58.02,Faramea,36.2,A
282.47,5.17,Beilschmiedia,11.4,A
187.62,114.97,Palaquium,16.9,A
195.13,116.67,Alseis,,D
536.29,172.09,Beilschmiedia,48.7,A
34.1,268.35,Drypetes,21.7,A
358.75,177.09,Faramea,96.9,A
395.76,117.98,Alseis,27.4,A
578.82,73.49,Beilschmiedia,34.4,A
441.16,92.87,Hirtella,11.4,A
159.28,112.37,Dipteryx,18.4,A
542.43,129.83,Tetragastris,25.8,A
481.88,165.3,Beilschmiedia,21.9,A
241.13,343.5,Beilschmiedia,19.0,A
234.98,64.72,Nectandra,10.9,A
58.05,84.93,Licania,55.7,A
178.17,202.64,Cordia,10.1,A
27.78,300.38,Knema,64.2,A
117.66,272.61,Cordia,68.9,A
465.52,18.01,Cordia,92.1,A
105.97,139.42,Calophyllum,42.8,A
80.85,359.36,Beilschmiedia,28.6,A
390.46,44.05,Alseis,11.3,A
229.85,157.97,Licania,18.0,A
411.95,83.93,Garcinia,16.9,A
366.8,157.07,Eugenia,25.9,A
182.64,188.05,Gustavia,23.1,A
418.15,96.87,Dipteryx,47.8,A
206.92,68.45,Calophyllum,21.7,A
19.97,320.39,Faramea,12.0,A
225.41,191.81,Garcinia,252.4,A
97.94,86.25,Alseis,152.6,A
292.39,207.55,Hirtella,118.0,A
274.28,190.13,Faramea,100.3,A
16.65,90.95,Beilschmiedia,65.1,A
417.36,50.15,Eugenia,74.9,A
284.9,299.88,Calophyllum,,M
189.45,191.16,Drypetes,22.3,A
37.98,145.71,Sloanea,12.3,A
61.5,17.33,Anacardium,21.9,A
286.38,266.37,Jacaranda,95.8,A
300.55,280.87,Quararibea,307.5,A
178.31,271.29,Aglaia,21.9,A
297.35,30.53,Eugenia,12.9,A
26.17,72.56,Beilschmiedia,149.3,A
20.12,161.75,Inga,34.8,A
8.78,153.45,Garcinia,,M
55.91,284.71,Knema,43.9,A
9.66,205.24,Alseis,105.3,A
359.62,81.84,Jacaranda,,D
21.99,234.44,Faramea,88.6,A
136.53,341.69,Dipteryx,78.7,A
481.05,116.88,Eugenia,11.7,A
110.05,105.0,Protium,11.9,A
365.16,143.61,Dipteryx,13.0,A
135.45,50.58,Alseis,12.6,A
486.94,198.91,Dipteryx,,D
116.91,308.93,Cordia,,D
347.39,391.08,Beilschmiedia,93.5,A
397.18,98.99,Alseis,16.7,A
242.73,170.3,Alseis,13.7,A
125.76,200.85,Calophyllum,46.7,A
67.61,269.23,Drypetes,12.6,A
24.35,358.91,Beilschmiedia,11.7,A
29.26,46.55,Protium,117.6,A
145.77,115.37,Cordia,156.0,A
387.43,121.39,Cordia,,D
318.34,201.92,Macaranga,27.9,A
126.42,313.74,Drypetes,13.7,A
186.04,326.32,Eugenia,17.2,A
91.85,237.84,Nectandra,36.7,A
471.1,108.1,Macaranga,11.9,A
544.7,112.64,Aglaia,44.5,A
309.13,103.86,Calophyllum,25.2,A
470.94,46.8,Eugenia,12.1,A
14.89,136.05,Xylopia,11.4,A
224.44,248.54,Aglaia,88.8,A
10.84,280.32,Jacaranda,29.6,A
430.83,28.88,Beilschmiedia,25.3,A
258.32,302.35,Aglaia,88.0,A
567.54,58.39,Aglaia,14.1,A
335.0,72.4,Aglaia,75.0,A
380.25,180.74,Faramea,27.4,A
339.52,84.87,Calophyllum,37.2,A
122.12,114.65,Sloanea,27.2,A
283.02,281.13,Dipteryx,288.7,A
284.95,295.94,Dipteryx,16.4,A
457.18,67.52,Beilschmiedia,16.9,A
92.47,201.41,Calophyllum,322.1,A
134.35,137.21,Beilschmiedia,11.6,A
87.98,241.23,Hirtella,23.9,A
400.94,36.17,Drypetes,50.2,A
416.78,36.99,Garcinia,118.1,A
262.66,334.43,Luehea,30.0,A
260.81,274.81,Hirtella,72.1,A
3.97,75.98,Shorea,54.3,A
88.92,62.45,Cordia,11.3,A
9.21,254.05,Faramea,10.1,A
225.99,249.51,Dipteryx,26.4,A
175.93,208.27,Aglaia,12.6,A
83.08,0.6,Calophyllum,92.3,A
166.47,123.77,Hirtella,14.5,A
488.01,49.14,Faramea,229.4,A
360.83,124.25,Nectandra,22.0,A
392.3,161.09,Cordia,11.7,A
310.16,117.98,Protium,249.5,A
204.3,337.36,Aglaia,12.8,A
140.29,374.65,Aglaia,28.7,A
241.65,331.35,Beilschmiedia,16.3,A
170.39,331.54,Beilschmiedia,38.1,A
83.51,277.54,Diospyros,106.9,A
93.34,132.96,Macaranga,23.5,A
397.92,329.97,Aglaia,89.1,A
173.34,241.61,Quararibea,23.6,A
391.6,206.54,Faramea,15.5,A
102.04,160.89,Cordia,49.2,A
330.79,185.19,Dipteryx,11.1,A
195.38,142.71,Dipteryx,26.3,A
387.73,81.35,Beilschmiedia,70.8,A
364.69,235.82,Alseis,16.1,A
225.11,68.42,Garcinia,72.7,A
236.26,192.85,Eugenia,16.4,A
11.23,143.76,Anacardium,25.4,A
418.19,26.05,Beilschmiedia,90.7,A
318.65,177.31,Hirtella,46.4,A
405.32,191.86,Eugenia,19.7,A
420.85,56.21,Guarea,197.2,A
309.07,224.88,Guarea,135.1,A
250.71,173.01,Alseis,15.6,A
305.44,128.36,Inga,23.8,A
341.67,371.51,Trichilia,20.2,A
579.29,113.22,Guarea,20.3,A
166.61,137.93,Hirtella,17.4,A
42.25,256.58,Cordia,20.3,A
422.03,189.72,Hura,213.7,A
262.54,293.55,Aglaia,,D
242.15,287.78,Nectandra,42.5,A
205.32,219.08,Garcinia,11.9,A
56.33,46.37,Dipteryx,45.7,A
337.6,306.85,Guarea,10.4,A
232.36,303.8,Sloanea,28.4,A
217.71,299.57,Aglaia,10.5,A
592.84,112.86,Calophyllum,31.8,A
287.54,340.46,Jacaranda,17.9,A
42.06,121.96,Alseis,25.0,A
289.06,9.04,Beilschmiedia,26.6,A
440.17,72.96,Alseis,,D
146.47,140.49,Alseis,10.3,A
62.94,381.5,Knema,22.5,A
308.88,80.36,Aglaia,15.3,A
38.95,206.47,Aglaia,27.3,A
401.71,49.5,Dipteryx,22.7,A
206.68,225.17,Calophyllum,506.0,A
58.99,350.97,Drypetes,13.2,A
339.25,134.64,Hirtella,68.5,A
144.47,66.03,Alseis,72.9,A
421.03,58.11,Calophyllum,10.5,A
91.59,358.86,Cordia,10.9,A
226.48,220.41,Eugenia,48.2,A
419.43,121.88,Alseis,32.5,A
357.03,318.12,Aglaia,145.1,A
222.51,34.74,Faramea,102.5,A
256.91,311.65,Aglaia,33.7,A
363.11,32.66,Alseis,86.0,A
32.8,165.01,Aglaia,23.6,A
209.27,111.79,Aglaia,31.3,A
402.84,162.1,Ocotea,67.7,A
125.8,368.0,Cordia,,D
338.68,114.81,Beilschmiedia,13.8,A
74.01,210.69,Hirtella,10.0,A
531.81,69.36,Cordia,,D
102.48,258.72,Knema,,D
499.44,124.03,Guarea,30.9,A
177.89,246.18,Cordia,14.1,A
47.45,319.11,Drypetes,16.3,A
223.76,281.87,Cordia,36.5,A
3.26,365.31,Beilschmiedia,15.3,A
266.57,322.84,Aglaia,,D
170.71,289.64,Quararibea,18.3,A
477.54,108.04,Jacaranda,,D
68.98,387.41,Swartzia,122.6,A
196.44,89.83,Knema,78.6,A
344.58,260.31,Ocotea,,D
10.16,353.29,Beilschmiedia,28.8,A
114.18,207.8,Rinorea,160.5,A
307.92,121.52,Calophyllum,10.3,A
247.43,156.33,Licania,,D
180.77,135.74,Palaquium,28.9,A
61.2,233.93,Nectandra,172.3,A
506.74,182.21,Shorea,64.1,A
379.79,37.76,Inga,11.5,A
43.65,244.07,Garcinia,141.7,A
356.18,337.52,Alseis,36.4,A
175.99,205.15,Nectandra,17.0,A
35.47,334.68,Drypetes,22.0,A
56.67,261.21,Hirtella,23.2,A
235.42,140.43,Quararibea,31.7,A
365.49,162.28,Faramea,144.4,A
334.24,134.66,Aglaia,18.4,A
201.36,283.05,Ocotea,39.1,A
224.81,78.6,Garcinia,121.5,A
428.42,68.23,Alseis,64.1,A
315.72,364.08,Alseis,22.0,A
269.77,389.1,Dipteryx,25.1,A
597.24,46.62,Alseis,39.5,A
33.25,396.67,Eugenia,19.3,A
395.53,32.11,Drypetes,280.1,A
126.28,258.49,Dipteryx,22.3,A
86.07,397.11,Dipteryx,11.1,A
496.88,41.16,Drypetes,13.7,A
550.02,58.27,Alseis,20.0,A
74.91,181.65,Alseis,54.9,A
21.91,323.29,Calophyllum,11.2,A
199.69,396.08,Jacaranda,27.1,A
9.34,98.62,Inga,15.4,A
136.51,138.47,Macaranga,50.0,A
98.56,35.72,Rinorea,63.0,A
348.67,331.87,Dipteryx,10.2,A
234.58,157.43,Alseis,27.4,A
134.68,135.06,Beilschmiedia,114.4,A
390.9,244.63,Aglaia,78.6,A
39.63,299.65,Drypetes,60.4,A
406.46,30.16,Alseis,24.2,A
227.83,250.89,Beilschmiedia,26.2,A
402.81,78.26,Garcinia,61.4,A
94.13,352.39,Beilschmiedia,33.7,A
144.35,44.02,Shorea,26.4,A
387.34,137.78,Guarea,14.6,A
235.89,343.46,Jacaranda,171.9,A
245.02,102.14,Knema,124.7,A
394.96,45.87,Macaranga,25.0,A
4.08,354.68,Cordia,12.5,A
223.47,186.91,Alseis,33.7,A
53.69,62.65,Cordia,36.4,A
90.99,264.78,Drypetes,12.2,A
409.11,45.7,Protium,33.4,A
26.41,379.64,Beilschmiedia,76.4,A
249.7,324.33,Cordia,22.6,A
147.14,239.13,Drypetes,10.7,A
562.63,183.77,Faramea,,D
146.36,7.98,Hirtella,15.5,A
249.56,65.01,Faramea,198.0,A
37.57,135.77,Virola,49.0,A
187.67,367.0,Jacaranda,,D
465.37,134.28,Jacaranda,20.6,A
471.18,160.96,Beilschmiedia,99.6,A
402.68,80.17,Cordia,12.6,A
596.51,110.27,Faramea,32.5,A
523.24,189.85,Beilschmiedia,26.8,A
195.62,41.54,Alseis,,D
373.25,85.09,Garcinia,27.6,A
72.83,111.97,Drypetes,11.5,A
112.25,228.37,Palaquium,22.6,A
349.87,206.07,Ocotea,19.2,A
112.32,44.46,Aglaia,13.5,A
122.85,333.02,Aglaia,137.0,A
137.3,96.53,Inga,20.0,A
31.64,73.17,Erythroxylum,27.6,A
44.23,239.23,Aglaia,48.0,A
246.45,0.79,Anacardium,31.9,A
73.78,96.22,Calophyllum,21.6,A
236.05,192.21,Alseis,25.4,A
197.79,129.89,Alseis,18.6,A
256.57,382.75,Jacaranda,21.6,A
404.2,60.05,Aglaia,10.6,A
292.64,256.44,Guarea,30.4,A
152.02,279.65,Cordia,39.5,A
490.78,92.4,Drypetes,12.6,A
46.66,203.2,Protium,79.9,A
244.85,370.48,Alseis,36.4,A
570.25,102.9,Beilschmiedia,48.5,A
22.88,162.0,Dipteryx,156.8,A
328.67,207.83,Inga,41.8,A
359.36,228.17,Garcinia,235.1,A
181.27,136.63,Aglaia,29.5,A
153.79,294.82,Calophyllum,46.6,A
34.34,154.43,Anacardium,185.8,A
313.21,199.39,Inga,10.3,A
33.92,128.42,Protium,10.1,A
185.94,350.96,Faramea,15.3,A
561.34,143.45,Dipteryx,86.7,A
153.08,173.23,Sloanea,194.1,A
161.99,353.07,Eugenia,17.0,A
194.15,297.12,Cordia,10.3,A
439.54,137.06,Beilschmiedia,14.4,A
122.6,20.21,Hirtella,47.8,A
138.25,231.01,Palaquium,201.5,A
472.76,168.18,Beilschmiedia,16.0,A
411.87,115.68,Alseis,30.2,A
349.43,343.97,Eugenia,77.8,A
585.42,79.58,Faramea,466.4,A
530.56,55.75,Hirtella,32.7,A
375.32,263.2,Macaranga,28.4,A
342.75,250.82,Calophyllum,10.8,A
161.0,198.51,Palaquium,218.1,A
68.1,196.95,Calophyllum,140.7,A
321.93,173.13,Nectandra,14.4,A
595.71,81.45,Calophyllum,15.7,A
167.47,319.94,Cordia,20.7,A
148.78,242.84,Aglaia,14.9,A
77.9,264.26,Cordia,12.8,A
170.31,285.48,Jacaranda,27.9,A
301.5,95.27,Ocotea,,D
95.67,272.46,Alseis,16.5,A
328.63,387.02,Calophyllum,32.8,A
5.96,259.41,Eugenia,17.9,A
385.46,339.8,Hura,14.2,A
281.36,352.91,Aglaia,40.3,A
61.37,97.04,Inga,15.4,A
89.56,224.95,Eugenia,28.2,A
62.8,80.27,Jacaranda,61.8,A
201.97,344.68,Aglaia,,D
227.25,104.96,Dipteryx,12.4,A
116.77,100.07,Inga,,D
235.3,384.92,Cordia,14.9,A
194.28,59.69,Shorea,,D
28.38,127.44,Virola,11.7,A
211.65,37.81,Alseis,13.5,A
19.27,281.85,Cordia,68.4,A
145.74,265.34,Knema,12.1,A
543.4,159.22,Dipteryx,24.9,A
223.7,268.51,Aglaia,12.8,A
179.55,119.95,Dipteryx,69.3,A
132.32,119.29,Beilschmiedia,111.0,A
74.2,61.98,Alseis,228.6,A
201.65,74.66,Alseis,360.6,A
592.34,84.72,Ocotea,,D
331.51,222.34,Hirtella,34.1,A
28.91,371.29,Beilschmiedia,78.0,A
163.18,101.6,Aglaia,44.4,A
468.17,31.4,Knema,182.4,A
112.85,295.92,Hirtella,13.5,A
66.37,128.03,Virola,13.5,A
466.58,27.78,Eugenia,15.2,A
131.74,137.19,Nectandra,59.4,A
126.49,109.93,Garcinia,,D
136.01,79.06,Inga,91.9,A
180.29,342.32,Jacaranda,41.3,A
331.06,68.31,Calophyllum,715.2,A
59.8,147.96,Drypetes,34.3,A
304.61,210.01,Faramea,15.0,A
85.95,317.14,Aglaia,10.0,A
131.54,34.38,Cordia,142.0,A
61.16,316.79,Aglaia,86.2,A
287.94,161.33,Beilschmiedia,82.0,A
99.58,277.83,Drypetes,13.6,A
380.71,137.25,Dipteryx,15.4,A
392.91,30.83,Calophyllum,16.9,A
49.65,348.17,Cordia,,D
73.91,82.18,Dipteryx,114.2,A
217.72,136.2,Dipteryx,17.4,A
51.28,299.77,Aglaia,20.3,A
59.98,94.87,Calophyllum,,D
322.2,207.35,Garcinia,27.4,A
12.02,147.66,Aglaia,,D
13.75,336.79,Calophyllum,503.3,A
302.77,394.6,Cupania,75.8,A
28.0,314.24,Calophyllum,,M
397.84,344.09,Knema,172.3,A
23.71,297.25,Swartzia,11.3,A
390.64,229.23,Aglaia,65.1,A
462.5,42.51,Eugenia,27.6,A
198.31,184.11,Aglaia,17.1,A
297.9,22.31,Aglaia,21.8,A
106.48,287.24,Dipteryx,11.2,A
368.01,369.96,Tetragastris,17.6,A
152.61,148.96,Jacaranda,43.1,A
313.02,166.75,Inga,12.3,A
351.27,265.27,Alseis,,D
195.86,367.79,Dipteryx,13.2,A
136.39,97.65,Jacaranda,302.6,A
461.4,176.55,Drypetes,91.6,A
189.53,228.25,Dipteryx,86.0,A
101.38,116.7,Dipteryx,14.0,A
5.9,367.36,Beilschmiedia,16.1,A
110.83,114.88,Alseis,23.3,A
296.08,344.51,Aglaia,23.9,A
319.74,269.76,Guarea,30.0,A
317.44,244.94,Cordia,24.8,A
354.84,318.77,Aglaia,52.9,A
374.72,155.68,Eugenia,35.8,A
565.32,78.85,Aglaia,,D
241.11,180.92,Rinorea,192.4,A
348.17,396.15,Beilschmiedia,10.4,A
424.26,190.69,Eugenia,60.3,A
112.74,286.39,Drypetes,82.8,A
91.54,311.07,Dipteryx,39.5,A
421.33,31.77,Beilschmiedia,103.0,A
230.89,245.24,Cordia,195.4,A
187.75,152.67,Aglaia,10.9,A
210.78,65.97,Protium,56.3,A
389.74,358.9,Licania,22.0,A
101.4,51.83,Knema,35.4,A
227.07,365.31,Cordia,45.6,A
34.09,321.84,Drypetes,55.6,A
158.03,112.28,Gustavia,69.6,A
79.18,269.71,Alseis,37.9,A
116.75,296.61,Macaranga,31.3,A
1.96,369.8,Beilschmiedia,46.0,A
354.61,249.79,Cecropia,12.7,A
350.34,164.47,Cordia,17.7,A
354.65,61.85,Aglaia,50.9,A
384.9,274.37,Guarea,16.2,A
3.75,317.97,Dipteryx,68.6,A
546.31,25.39,Faramea,257.6,A
198.89,281.67,Cordia,143.9,A
125.97,208.75,Cordia,13.7,A
124.46,258.53,Cordia,23.4,A
81.9,173.1,Alseis,417.1,A
415.56,185.84,Dipteryx,119.7,A
367.89,221.81,Macaranga,24.8,A
419.33,33.83,Beilschmiedia,148.5,A
261.24,160.78,Faramea,,D
173.19,352.4,Quararibea,66.8,A
239.12,95.61,Ocotea,249.1,A
53.62,265.76,Faramea,182.5,A
298.07,309.25,Licania,96.0,A
236.86,348.72,Aglaia,21.5,A
128.31,113.55,Inga,25.9,A
92.09,397.46,Diospyros,30.2,A
159.14,193.99,Palaquium,,D
78.23,126.52,Quararibea,15.1,A
152.22,264.87,Alseis,17.0,A
205.96,162.52,Calophyllum,11.5,A
46.06,209.65,Aglaia,12.1,A
144.68,241.48,Cordia,12.9,A
424.9,170.98,Dipteryx,49.9,A
337.09,278.7,Calophyllum,89.3,A
162.75,213.1,Aglaia,93.0,A
597.29,126.8,Dipteryx,,D
436.58,123.1,Beilschmiedia,74.7,A
592.72,80.65,Calophyllum,55.7,A
38.63,213.72,Garcinia,12.7,A
459.48,116.51,Rinorea,33.6,A
242.29,298.0,Jacaranda,15.4,A
67.51,166.34,Drypetes,294.6,A
204.13,251.17,Aglaia,28.4,A
289.39,160.0,Ocotea,30.5,A
44.1,321.69,Garcinia,94.4,A
208.99,110.07,Guarea,156.8,A
154.1,272.67,Alseis,132.2,A
167.98,195.86,Drypetes,12.0,A
87.39,296.87,Beilschmiedia,191.5,A
520.15,54.98,Calophyllum,183.1,A
354.61,12.21,Swartzia,331.9,A
85.53,345.3,Dipteryx,46.3,A
67.78,72.54,Dipteryx,170.7,A
38.98,265.79,Nectandra,38.5,A
376.92,240.18,Guarea,24.9,A
269.23,204.85,Eugenia,20.7,A
201.28,2.69,Calophyllum,51.1,A
111.05,255.13,Dipteryx,19.4,A
52.56,164.51,Alseis,10.3,A
95.36,24.52,Rinorea,17.4,A
124.63,63.72,Sloanea,138.9,A
63.78,69.47,Dipteryx,63.6,A
368.45,267.95,Macaranga,126.9,A
556.48,56.98,Calophyllum,34.0,A
288.46,311.26,Aglaia,,D
366.07,216.78,Alseis,494.5,A
53.84,124.69,Virola,41.0,A
372.75,191.37,Alseis,,D
207.12,259.2,Aglaia,28.5,A
519.29,38.79,Macaranga,11.4,A
284.61,255.03,Dipteryx,175.3,A
202.52,89.72,Ocotea,20.0,A
265.66,259.85,Beilschmiedia,19.8,A
242.19,318.01,Nectandra,46.5,A
186.3,307.4,Eugenia,78.0,A
382.75,71.18,Alseis,75.5,A
339.27,385.93,Alseis,238.8,A
75.2,215.73,Drypetes,12.8,A
77.72,54.86,Alseis,17.1,A
168.91,104.43,Licania,496.1,A
79.34,117.48,Dipteryx,74.6,A
141.37,288.64,Knema,17.9,A
546.21,100.43,Aglaia,115.8,A
108.37,274.74,Knema,12.2,A
35.27,253.9,Dipteryx,28.0,A
307.34,215.48,Jacaranda,63.1,A
366.55,72.64,Aglaia,22.3,A
394.8,159.36,Faramea,134.5,A
384.59,225.08,Macaranga,103.5,A
194.36,299.0,Sloanea,,D
417.99,38.17,Eugenia,18.9,A
491.2,66.53,Beilschmiedia,111.6,A
147.77,177.33,Quararibea,13.9,A
10.83,215.3,Hirtella,12.5,A
257.23,288.48,Ocotea,16.4,A
381.34,395.57,Tetragastris,20.9,A
247.91,339.14,Aglaia,14.7,A
244.17,268.77,Aglaia,47.1,A
66.02,66.36,Alseis,10.8,A
366.47,187.49,Guarea,28.4,A
341.24,39.4,Drypetes,,D
339.56,194.99,Guarea,13.8,A
344.48,162.42,Inga,75.8,A
37.36,245.08,Calophyllum,137.4,A
30.36,80.12,Eugenia,18.6,A
416.34,75.53,Garcinia,24.8,A
329.73,249.28,Eugenia,11.1,A
106.07,18.65,Aglaia,18.2,A
22.47,89.51,Alseis,44.5,A
288.52,4.27,Beilschmiedia,37.0,A
64.81,208.07,Alseis,30.5,A
110.19,394.94,Beilschmiedia,14.2,A
301.67,76.08,Aglaia,59.8,A
429.91,35.78,Eugenia,64.2,A
282.44,366.19,Alseis,13.4,A
377.39,203.71,Alseis,277.1,A
235.57,161.29,Ocotea,33.9,A
510.44,18.48,Swartzia,66.6,A
580.83,91.63,Beilschmiedia,22.8,A
196.38,117.27,Alseis,,D
175.99,353.95,Eugenia,60.4,A
384.81,283.97,Calophyllum,45.5,A
120.27,174.55,Aglaia,19.7,A
320.0,139.97,Calophyllum,,D
78.68,80.15,Aglaia,72.3,A
522.38,172.82,Beilschmiedia,18.6,A
446.69,73.68,Eugenia,26.8,A
46.42,194.51,Aglaia,17.0,A
200.59,259.83,Aglaia,55.5,A
251.84,325.96,Protium,75.0,A
330.8,121.02,Cordia,193.1,A
27.75,163.87,Calophyllum,258.3,A
369.49,359.57,Tetragastris,33.9,A
107.17,274.23,Guarea,56.9,A
579.6,133.63,Faramea,17.0,A
196.62,212.13,Garcinia,125.7,A
22.99,150.82,Cordia,24.5,A
302.08,46.93,Eugenia,28.2,A
80.1,153.57,Cordia,35.0,A
240.45,330.77,Luehea,10.5,A
132.78,147.36,Beilschmiedia,244.0,A
22.37,201.37,Aglaia,46.1,A
242.85,41.64,Faramea,,D
561.56,189.24,Calophyllum,83.1,A
174.76,143.73,Swartzia,24.4,A
58.04,301.81,Aglaia,14.8,A
352.07,385.0,Macaranga,86.9,A
232.47,269.72,Beilschmiedia,14.8,A
210.92,160.21,Hirtella,33.4,A
557.93,137.87,Jacaranda,,D
214.27,166.3,Guarea,35.0,A
246.39,280.18,Alseis,21.6,A
175.75,294.0,Eugenia,90.9,A
395.71,226.45,Ocotea,12.4,A
115.5,193.72,Faramea,10.1,A
339.68,196.55,Inga,22.9,A
189.68,91.46,Cordia,11.3,A
209.74,218.84,Drypetes,33.2,A
479.75,11.71,Cordia,54.4,A
406.57,94.66,Garcinia,22.7,A
6.9,215.33,Aglaia,62.0,A
419.1,52.51,Aglaia,13.7,A
7.15,200.88,Alseis,16.7,A
9.78,87.46,Cordia,28.6,A
330.74,141.2,Alseis,33.9,A
52.64,307.41,Calophyllum,11.3,A
369.78,104.57,Garcinia,18.1,A
27.38,112.7,Aglaia,10.8,A
427.99,156.39,Dipteryx,38.6,A
172.64,342.36,Drypetes,15.9,A
502.21,10.04,Drypetes,16.1,A
107.75,168.58,Hirtella,169.7,A
167.22,379.95,Alseis,484.9,A
95.97,397.69,Quararibea,,M
124.78,317.43,Aglaia,48.0,A
136.48,81.91,Inga,32.8,A
384.41,232.0,Alseis,15.6,A
293.86,193.75,Sloanea,11.9,A
181.29,254.45,Guarea,50.7,A
17.59,163.93,Cordia,20.6,A
352.21,66.97,Aglaia,57.8,A
49.75,130.12,Alseis,163.6,A
23.95,189.1,Aglaia,36.7,A
250.52,271.95,Alseis,15.2,A
180.91,157.84,Dipteryx,21.4,A
379.79,118.06,Alseis,21.1,A
180.9,142.51,Palaquium,15.6,A
137.54,130.81,Drypetes,,D
591.38,54.64,Jacaranda,77.2,A
283.14,276.5,Calophyllum,134.4,A
47.78,40.71,Calophyllum,11.2,A
239.81,367.48,Alseis,74.3,A
178.71,330.31,Beilschmiedia,64.5,A
321.92,210.27,Faramea,105.4,A
433.24,138.07,Beilschmiedia,13.4,A
328.38,105.7,Cecropia,10.2,A
155.89,321.02,Knema,46.4,A
126.24,37.99,Aglaia,10.0,A
97.61,17.11,Alseis,43.4,A
208.77,378.63,Calophyllum,202.0,A
95.25,141.55,Nectandra,24.3,A
387.24,233.95,Aglaia,31.1,A
205.27,157.11,Licania,12.5,A
412.31,181.29,Swartzia,35.7,A
450.76,29.12,Calophyllum,132.9,A
301.58,47.98,Dipteryx,11.7,A
280.65,164.62,Beilschmiedia,30.8,A
284.25,337.27,Aglaia,59.1,A
101.67,70.63,Hirtella,119.5,A
276.04,175.8,Faramea,19.8,A
306.42,167.81,Macaranga,16.5,A
36.94,101.47,Cordia,13.4,A
9.31,375.54,Beilschmiedia,19.7,A
18.24,244.81,Eugenia,66.1,A
241.98,46.77,Protium,15.8,A
308.4,280.13,Cordia,47.4,A
278.75,330.6,Luehea,55.8,A
76.4,167.49,Calophyllum,14.7,A
199.75,227.42,Dipteryx,11.9,A
168.07,128.53,Hirtella,18.7,A
181.36,134.56,Aglaia,17.3,A
396.27,211.83,Faramea,64.7,A
206.24,319.15,Drypetes,20.6,A
441.44,182.39,Dipteryx,209.0,A
153.18,86.68,Jacaranda,36.1,A
172.98,104.61,Protium,,D
99.48,98.53,Alseis,109.3,A
419.68,64.12,Inga,13.3,A
445.44,63.84,Beilschmiedia,18.8,A
191.26,192.88,Hirtella,142.5,A
340.96,34.24,Alseis,14.5,A
202.25,284.1,Jacaranda,,D
3.74,164.07,Aglaia,26.0,A
429.25,94.44,Alseis,10.1,A
367.77,242.86,Calophyllum,28.6,A
345.03,391.45,Beilschmiedia,25.2,A
175.34,198.92,Quararibea,478.0,A
166.4,139.6,Aglaia,24.1,A
72.87,69.48,Aglaia,10.5,A
596.03,193.05,Faramea,,D
283.63,188.49,Calophyllum,10.5,A
263.08,159.85,Faramea,72.0,A
125.3,105.54,Inga,41.9,A
127.4,254.16,Calophyllum,306.7,A
235.69,260.3,Aglaia,148.4,A
220.47,395.22,Cordia,24.9,A
234.39,301.39,Garcinia,113.9,A
134.26,287.74,Cordia,84.8,A
153.52,44.95,Calophyllum,726.0,A
531.92,135.58,Aglaia,28.2,A
289.93,188.6,Trichilia,16.5,A
493.9,20.17,Drypetes,21.0,A
232.99,73.35,Guarea,11.2,A
252.96,193.09,Ocotea,23.9,A
112.44,63.09,Aglaia,119.6,A
40.33,144.11,Macaranga,67.6,A
142.87,54.86,Dipteryx,25.9,A
110.07,162.65,Macaranga,12.1,A
264.48,373.42,Guarea,,D
76.95,354.12,Quararibea,11.3,A
145.75,251.5,Brosimum,10.6,A
311.62,292.51,Calophyllum,38.9,A
176.24,126.08,Cordia,20.4,A
57.75,249.1,Dipteryx,59.0,A
87.7,335.55,Garcinia,24.9,A
213.37,263.75,Faramea,233.7,A
120.14,119.53,Swartzia,11.9,A
35.81,21.95,Hirtella,13.1,A
156.71,253.72,Palaquium,,D
342.95,399.54,Beilschmiedia,224.4,A
169.78,47.89,Jacaranda,163.7,A
223.37,53.74,Cordia,12.7,A
267.96,158.05,Cordia,51.4,A
8.29,362.59,Beilschmiedia,50.0,A
187.45,144.44,Aglaia,17.8,A
457.23,99.24,Shorea,62.1,A
240.48,271.36,Beilschmiedia,32.6,A
482.13,83.08,Calophyllum,215.8,A
24.72,77.08,Beilschmiedia,12.0,A
396.01,91.96,Aglaia,50.1,A
561.4,163.35,Rinorea,25.8,A
31.38,134.03,Inga,67.9,A
26.7,13.81,Guarea,19.4,A
418.05,77.81,Alseis,44.8,A
230.37,276.43,Eugenia,13.6,A
275.16,255.16,Dipteryx,245.5,A
436.75,80.84,Guarea,89.3,A
38.42,215.16,Calophyllum,41.5,A
157.55,280.38,Faramea,11.1,A
310.57,73.86,Cordia,115.8,A
457.85,183.65,Eugenia,56.3,A
441.58,94.26,Jacaranda,12.6,A
64.62,20.15,Garcinia,23.4,A
240.68,384.32,Jacaranda,116.3,A
63.46,151.76,Protium,36.7,A
230.64,278.74,Aglaia,29.1,A
135.47,307.57,Jacaranda,72.4,A
213.88,349.36,Dipteryx,34.3,A
285.9,370.75,Alseis,12.2,A
164.75,358.66,Trichilia,13.5,A
105.63,50.16,Aglaia,54.8,A
357.15,342.82,Alseis,29.9,A
341.19,315.44,Jacaranda,16.9,A
156.74,245.89,Alseis,71.1,A
165.28,123.07,Guarea,13.5,A
100.69,367.21,Cordia,18.3,A
239.91,86.12,Cordia,11.5,A
537.38,66.52,Faramea,,D
423.6,57.4,Inga,18.7,A
220.42,248.45,Ocotea,114.2,A
424.76,139.27,Nectandra,31.7,A
201.17,280.14,Aglaia,12.1,A
177.28,209.39,Faramea,,D
488.43,21.93,Drypetes,76.4,A
397.02,379.08,Tetragastris,97.9,A
411.51,110.25,Aglaia,38.8,A
74.58,324.26,Hirtella,14.5,A
191.82,188.39,Calophyllum,,M
236.84,80.27,Garcinia,,D
33.83,150.67,Guarea,69.2,A
108.41,218.59,Dipteryx,22.0,A
504.46,184.17,Calophyllum,29.0,A
420.2,44.38,Inga,40.6,A
233.0,326.4,Nectandra,71.6,A
320.82,214.18,Shorea,22.8,A
41.23,295.04,Aglaia,39.6,A
58.17,289.75,Rinorea,18.3,A
139.28,137.66,Beilschmiedia,140.2,A
220.24,262.24,Aglaia,19.4,A
241.78,288.31,Guarea,31.4,A
95.03,297.91,Beilschmiedia,43.7,A
167.78,356.22,Alseis,26.2,A
17.5,324.7,Dipteryx,15.9,A
128.13,266.9,Knema,286.2,A
0.95,254.0,Anacardium,134.6,A
283.89,323.4,Aglaia,17.5,A
235.51,317.09,Eugenia,22.0,A
69.42,308.73,Aglaia,44.0,A
6.91,372.0,Beilschmiedia,12.1,A
204.03,135.16,Alseis,20.6,A
95.17,115.11,Calophyllum,32.3,A
230.32,219.16,Eugenia,11.5,A
278.09,208.46,Eugenia,20.0,A
142.09,384.96,Diospyros,96.9,A
410.5,105.06,Beilschmiedia,112.5,A
212.5,353.34,Calophyllum,61.6,A
234.1,35.71,Shorea,10.3,A
366.9,242.15,Garcinia,,D
525.9,114.42,Faramea,21.8,A
592.42,197.95,Faramea,,M
358.85,27.67,Alseis,133.2,A
339.45,165.27,Guarea,101.2,A
546.37,30.55,Faramea,12.9,A
360.24,2.82,Nectandra,14.3,A
481.74,98.48,Calophyllum,11.9,A
474.61,154.82,Beilschmiedia,82.9,A
309.42,119.6,Inga,33.0,A
170.98,313.25,Aglaia,29.8,A
72.44,192.12,Dipteryx,26.5,A
288.78,214.04,Calophyllum,210.6,A
388.73,91.17,Garcinia,19.8,A
577.65,117.01,Tetragastris,12.0,A
23.84,203.23,Dipteryx,10.8,A
131.17,292.76,Dipteryx,,D
436.58,85.62,Calophyllum,13.2,A
16.24,94.64,Alseis,51.6,A
38.8,226.59,Calophyllum,17.3,A
125.28,327.36,Dipteryx,35.2,A
546.47,29.84,Licania,,D
230.64,318.67,Aglaia,35.4,A
24.54,257.19,Anacardium,70.6,A
538.92,178.24,Beilschmiedia,18.4,A
413.61,160.83,Palaquium,16.8,A
278.38,358.24,Aglaia,148.4,A
259.92,0.32,Calophyllum,26.0,A
83.51,324.25,Calophyllum,28.8,A
486.91,141.11,Calophyllum,22.9,A
37.73,131.55,Virola,24.0,A
264.89,4.84,Calophyllum,57.7,A
100.33,337.79,Aglaia,15.2,A
63.77,332.84,Aglaia,10.2,A
153.41,278.72,Dipteryx,22.0,A
77.54,97.37,Cordia,11.2,A
7.28,144.49,Garcinia,37.9,A
208.49,144.62,Hirtella,73.4,A
71.24,22.1,Dipteryx,,D
170.37,302.53,Trichilia,31.1,A
96.63,65.52,Calophyllum,13.2,A
105.02,218.59,Garcinia,14.1,A
426.82,7.78,Calophyllum,25.7,A
44.94,10.69,Nectandra,14.4,A
225.53,237.94,Aglaia,38.8,A
571.14,134.89,Knema,63.1,A
293.43,0.8,Beilschmiedia,10.4,A
59.12,329.39,Aglaia,,D
182.18,309.0,Eugenia,116.4,A
241.37,156.33,Dipteryx,16.0,A
234.16,303.22,Aglaia,107.8,A
480.26,136.82,Beilschmiedia,12.1,A
198.84,372.78,Rinorea,13.5,A
184.35,187.81,Palaquium,30.6,A
317.72,105.93,Aglaia,14.5,A
462.21,165.41,Dipteryx,,D
219.08,303.48,Jacaranda,46.6,A
541.81,53.99,Aglaia,17.7,A
241.13,169.26,Alseis,,D
364.52,56.31,Macaranga,72.1,A
445.3,190.79,Calophyllum,26.3,A
364.58,385.52,Aglaia,111.8,A
589.48,129.07,Faramea,45.3,A
180.5,130.41,Cordia,34.5,A
23.28,376.16,Beilschmiedia,15.3,A
486.02,154.69,Drypetes,21.9,A
419.88,41.16,Eugenia,21.3,A
489.67,86.36,Drypetes,19.4,A
189.19,75.81,Nectandra,26.0,A
166.97,266.02,Jacaranda,12.8,A
101.73,39.74,Aglaia,11.8,A
319.45,231.08,Faramea,44.4,A
360.36,44.72,Calophyllum,55.9,A
173.69,322.14,Calophyllum,764.1,A
75.32,166.48,Hirtella,10.6,A
71.99,50.99,Aglaia,28.0,A
142.42,261.6,Macaranga,36.6,A
262.17,334.65,Luehea,,D
334.27,160.82,Dipteryx,46.4,A
217.62,122.9,Beilschmiedia,108.2,A
217.45,0.03,Hirtella,24.2,A
227.72,87.11,Hirtella,13.9,A
224.68,344.33,Aglaia,51.9,A
142.52,239.49,Alseis,12.4,A
327.68,203.84,Guarea,,D
432.72,48.25,Beilschmiedia,40.0,A
329.55,284.32,Nectandra,,D
426.41,124.45,Aglaia,16.3,A
86.33,297.12,Drypetes,16.4,A
241.11,164.51,Hirtella,12.0,A
64.03,336.27,Rinorea,125.4,A
232.51,189.69,Alseis,57.5,A
597.96,109.16,Alseis,75.5,A
353.06,378.26,Trichilia,519.9,A
170.74,191.07,Alseis,58.1,A
334.99,40.64,Sloanea,204.6,A
48.3,179.72,Dipteryx,,D
386.23,372.58,Alseis,19.9,A
240.87,262.46,Beilschmiedia,102.2,A
378.18,245.96,Beilschmiedia,10.0,A
441.75,74.04,Alseis,136.6,A
26.78,222.65,Macaranga,42.8,A
146.08,125.8,Macaranga,10.5,A
498.43,89.65,Drypetes,12.0,A
115.25,216.29,Cordia,10.0,A
413.9,11.9,Beilschmiedia,54.3,A
431.43,136.68,Beilschmiedia,17.3,A
199.0,286.72,Alseis,97.2,A
166.54,294.91,Drypetes,49.1,A
573.59,70.84,Ocotea,43.2,A
213.08,231.73,Cordia,16.3,A
434.5,51.31,Beilschmiedia,16.5,A
524.57,15.35,Faramea,,D
48.03,184.61,Cordia,146.5,A
127.34,109.01,Garcinia,119.9,A
372.4,47.97,Macaranga,102.6,A
228.53,388.11,Dipteryx,26.4,A
248.55,360.96,Nectandra,17.2,A
159.66,332.41,Eugenia,39.6,A
417.23,182.89,Alseis,86.2,A
164.25,292.23,Faramea,19.1,A
369.05,234.92,Alseis,20.7,A
107.19,252.8,Brosimum,26.5,A
17.74,47.13,Macaranga,282.1,A
62.5,211.69,Alseis,20.6,A
323.43,82.32,Hirtella,93.7,A
33.85,115.08,Alseis,187.7,A
393.81,313.05,Alseis,82.0,A
80.0,25.28,Cordia,184.1,A
323.35,165.37,Dipteryx,60.8,A
127.45,143.46,Protium,16.0,A
531.94,150.63,Aglaia,,D
252.15,241.38,Cordia,13.5,A
227.75,11.65,Faramea,68.0,A
503.81,92.96,Drypetes,14.0,A
155.59,120.5,Shorea,31.7,A
240.41,324.83,Luehea,15.3,A
198.09,273.05,Faramea,85.5,A
553.94,77.76,Faramea,504.5,A
469.55,42.88,Eugenia,143.8,A
209.45,233.86,Dipteryx,81.1,A
93.71,241.49,Calophyllum,40.7,A
541.78,174.08,Beilschmiedia,40.6,A
55.05,89.57,Dipteryx,12.8,A
364.31,396.38,Palaquium,13.0,A
529.43,199.8,Beilschmiedia,14.9,A
391.66,32.82,Protium,66.0,A
68.96,287.51,Swartzia,,D
262.01,252.53,Nectandra,14.1,A
115.57,262.67,Guarea,70.5,A
585.65,45.07,Licania,27.4,A
205.08,74.12,Aglaia,88.7,A
545.87,167.46,Beilschmiedia,,D
27.61,90.85,Beilschmiedia,31.1,A
58.08,357.63,Quararibea,18.1,A
125.58,391.06,Aglaia,19.7,A
366.16,133.12,Cordia,,D
169.74,341.17,Cordia,10.0,A
297.01,316.29,Guarea,15.9,A
136.35,266.47,Brosimum,26.3,A
261.84,247.66,Cordia,28.8,A
8.57,146.83,Dipteryx,,D
168.37,315.54,Alseis,14.9,A
196.95,219.79,Garcinia,26.5,A
43.11,133.95,Jacaranda,,D
31.89,79.01,Drypetes,38.8,A
557.21,101.19,Guarea,19.1,A
380.18,119.06,Hura,13.7,A
70.77,294.24,Aglaia,72.1,A
46.08,168.91,Alseis,11.3,A
5.09,139.43,Garcinia,,D
446.1,193.87,Garcinia,129.6,A
65.09,220.28,Alseis,16.1,A
482.93,22.39,Drypetes,25.4,A
27.32,291.21,Guarea,11.6,A
411.49,182.06,Dipteryx,,D
439.53,153.23,Guarea,28.2,A
227.33,252.49,Dipteryx,21.8,A
282.0,164.34,Cordia,11.8,A
434.81,98.46,Nectandra,60.9,A
554.3,110.64,Macaranga,,D
129.23,6.51,Alseis,49.2,A
544.22,52.49,Guarea,72.0,A
173.98,303.46,Alseis,333.3,A
100.25,236.06,Palaquium,207.2,A
90.95,355.58,Quararibea,322.0,A
109.29,196.55,Jacaranda,11.0,A
31.9,97.75,Calophyllum,12.8,A
441.69,64.67,Macaranga,25.7,A
355.86,23.91,Calophyllum,25.2,A
104.18,222.22,Eugenia,125.7,A
172.48,127.7,Aglaia,45.7,A
246.55,91.61,Cordia,,D
458.42,60.2,Licania,,D
257.31,280.01,Dipteryx,422.2,A
215.07,247.75,Beilschmiedia,69.2,A
54.48,141.0,Virola,67.6,A
278.78,300.75,Aglaia,10.1,A
373.5,253.47,Licania,,D
409.63,74.99,Cordia,142.1,A
542.33,186.46,Dipteryx,34.5,A
46.53,174.24,Macaranga,21.9,A
149.85,223.06,Drypetes,13.0,A
195.89,96.79,Garcinia,15.6,A
230.55,385.19,Cupania,,D
391.95,350.97,Licania,144.8,A
394.56,75.84,Guarea,108.4,A
200.33,37.48,Calophyllum,18.5,A
200.03,219.57,Licania,11.0,A
40.16,391.52,Beilschmiedia,104.4,A
336.32,257.78,Eugenia,84.2,A
317.62,64.11,Hirtella,25.9,A
220.12,85.14,Alseis,29.2,A
144.84,237.31,Quararibea,54.3,A
232.41,348.63,Dipteryx,20.1,A
3.97,349.15,Alseis,,D
175.02,267.6,Alseis,194.2,A
320.73,232.78,Calophyllum,15.3,A
275.46,219.23,Eugenia,60.3,A
86.7,101.12,Guarea,11.4,A
186.83,221.94,Nectandra,34.0,A
163.33,47.07,Macaranga,13.8,A
204.37,238.54,Cordia,10.8,A
264.28,270.48,Jacaranda,15.0,A
367.48,209.24,Alseis,15.3,A
460.11,123.94,Rinorea,96.3,A
536.53,117.42,Aglaia,13.6,A
459.63,150.99,Shorea,40.2,A
396.54,213.1,Dipteryx,,D
40.3,241.74,Eugenia,19.5,A
146.15,15.47,Calophyllum,35.1,A
423.08,47.01,Garcinia,36.6,A
28.27,118.99,Virola,26.7,A
337.67,56.66,Dipteryx,120.2,A
58.22,325.43,Quararibea,,D
389.33,337.17,Aglaia,22.0,A
27.52,227.96,Calophyllum,32.2,A
181.24,305.91,Aglaia,31.7,A
230.85,384.66,Cupania,92.1,A
117.26,180.16,Cordia,27.7,A
32.76,203.92,Aglaia,28.4,A
13.19,317.95,Dipteryx,39.1,A
23.02,328.04,Cordia,22.0,A
4.25,149.79,Aglaia,,D
530.6,78.93,Drypetes,92.2,A
249.05,196.55,Jacaranda,111.8,A
200.81,132.15,Alseis,25.9,A
94.43,391.36,Knema,66.0,A
250.23,227.35,Swartzia,133.6,A
131.82,112.26,Garcinia,119.1,A
363.74,123.47,Cordia,57.4,A
67.56,22.59,Macaranga,11.1,A
291.67,253.1,Calophyllum,10.0,A
127.48,178.12,Aglaia,73.4,A
322.1,184.86,Nectandra,,D
36.16,48.45,Cordia,20.7,A
149.16,121.71,Calophyllum,13.0,A
220.43,260.14,Beilschmiedia,13.7,A
106.26,390.87,Dipteryx,,D
255.56,176.13,Guarea,232.8,A
491.34,36.93,Calophyllum,42.7,A
533.12,20.92,Drypetes,86.5,A
58.12,309.28,Aglaia,,D
225.83,180.1,Quararibea,,D
344.86,279.98,Alseis,31.4,A
34.92,395.31,Sloanea,14.2,A
241.76,122.81,Beilschmiedia,71.7,A
268.82,341.85,Cupania,20.5,A
169.35,116.81,Calophyllum,15.2,A
383.21,393.93,Palaquium,13.3,A
274.89,173.04,Cordia,101.6,A
409.48,53.11,Cordia,46.6,A
203.22,194.78,Quararibea,18.2,A
189.74,181.87,Aglaia,12.1,A
98.05,38.25,Rinorea,32.6,A
100.77,332.83,Garcinia,260.6,A
348.94,116.71,Knema,,D
457.44,167.54,Beilschmiedia,27.4,A
177.76,263.09,Guarea,17.7,A
533.6,82.64,Licania,,D
125.3,232.76,Palaquium,13.7,A
128.41,182.14,Gustavia,53.6,A
59.1,228.26,Alseis,26.1,A
387.05,92.95,Alseis,152.1,A
177.76,125.47,Aglaia,32.1,A
78.2,72.04,Guarea,26.0,A
155.74,142.76,Palaquium,206.6,A
113.33,205.61,Rinorea,13.5,A
8.05,302.19,Drypetes,16.6,A
118.16,336.32,Garcinia,15.4,A
391.34,244.91,Garcinia,57.8,A
205.16,143.0,Palaquium,30.3,A
84.31,348.4,Aglaia,22.1,A
232.38,358.68,Eugenia,13.8,A
545.72,122.35,Cordia,10.9,A
213.24,72.71,Knema,12.3,A
407.09,33.45,Drypetes,26.2,A
231.56,186.48,Alseis,88.5,A
531.88,117.73,Ocotea,10.2,A
444.55,176.51,Drypetes,12.2,A
546.6,113.51,Aglaia,26.4,A
185.83,138.02,Palaquium,32.9,A
102.34,301.66,Beilschmiedia,22.0,A
77.65,114.11,Sloanea,11.6,A
95.22,204.86,Quararibea,14.9,A
181.7,180.8,Cordia,21.5,A
346.38,359.93,Alseis,16.0,A
212.41,330.65,Ocotea,22.0,A
179.0,151.9,Hirtella,24.6,A
528.42,69.67,Calophyllum,,D
120.6,3.92,Alseis,76.4,A
105.48,303.58,Drypetes,,D
268.64,306.84,Guarea,176.9,A
155.97,124.52,Gustavia,30.8,A
170.71,336.72,Beilschmiedia,17.8,A
400.29,72.21,Aglaia,39.5,A
25.7,255.94,Calophyllum,105.4,A
177.72,137.38,Aglaia,11.7,A
114.89,342.67,Cordia,14.5,A
313.46,363.62,Trichilia,21.3,A
242.8,348.43,Aglaia,26.1,A
172.94,118.72,Calophyllum,,M
61.43,337.33,Aglaia,30.8,A
312.85,338.41,Trichilia,71.7,A
7.27,120.72,Garcinia,79.4,A
198.43,205.19,Garcinia,147.2,A
178.63,253.24,Calophyllum,133.9,A
238.1,173.62,Alseis,,D
417.19,51.52,Garcinia,309.8,A
385.43,63.37,Aglaia,82.1,A
224.09,344.72,Dipteryx,156.4,A
37.4,353.29,Aglaia,21.1,A
474.9,169.26,Beilschmiedia,171.3,A
140.91,138.62,Beilschmiedia,10.8,A
289.67,12.09,Beilschmiedia,31.7,A
392.54,329.11,Aglaia,31.1,A
206.82,90.11,Garcinia,12.0,A
289.54,273.18,Calophyllum,,D
367.16,306.1,Licania,260.8,A
76.91,108.63,Dipteryx,15.6,A
167.47,199.21,Palaquium,14.0,A
178.01,201.77,Palaquium,323.6,A
499.11,32.24,Guarea,16.7,A
429.3,156.2,Palaquium,24.7,A
131.24,176.01,Guarea,46.3,A
322.26,202.88,Inga,17.3,A
94.72,354.61,Aglaia,34.0,A
549.35,43.73,Faramea,11.9,A
13.23,203.96,Aglaia,21.6,A
287.15,332.42,Hirtella,13.2,A
212.79,372.33,Dipteryx,29.7,A
130.68,233.04,Protium,14.5,A
191.7,350.21,Garcinia,,D
534.79,49.12,Faramea,13.9,A
438.7,63.53,Alseis,13.7,A
241.93,289.0,Aglaia,55.3,A
294.59,175.83,Trichilia,10.6,A
296.82,266.07,Calophyllum,47.3,A
211.53,375.56,Diospyros,33.3,A
320.07,166.87,Inga,21.5,A
226.13,307.94,Cordia,142.5,A
187.1,310.93,Beilschmiedia,21.4,A
433.53,85.9,Eugenia,18.7,A
376.98,73.84,Alseis,105.8,A
145.13,145.93,Beilschmiedia,20.6,A
12.57,119.63,Garcinia,26.1,A
15.02,197.75,Alseis,11.6,A
534.41,198.57,Alseis,143.5,A
393.22,202.42,Garcinia,,M
83.31,101.11,Palaquium,10.4,A
345.32,61.25,Calophyllum,23.1,A
313.27,315.36,Calophyllum,29.6,A
371.07,97.6,Protium,26.5,A
67.91,315.42,Calophyllum,90.1,A
172.68,232.87,Macaranga,17.5,A
63.05,285.6,Drypetes,64.9,A
507.11,163.66,Calophyllum,14.9,A
467.27,174.9,Beilschmiedia,24.8,A
143.06,271.68,Brosimum,25.6,A
388.09,110.25,Alseis,21.9,A
440.24,21.23,Calophyllum,33.5,A
304.15,34.45,Aglaia,11.5,A
341.92,354.29,Alseis,,D
577.93,99.18,Guarea,11.2,A
392.11,361.51,Alseis,,D
589.91,67.12,Faramea,,D
563.0,105.23,Beilschmiedia,18.8,A
47.53,332.02,Quararibea,32.2,A
510.58,82.36,Faramea,33.2,A
42.98,301.46,Alseis,11.1,A
577.14,124.92,Tetragastris,11.5,A
502.45,188.74,Calophyllum,10.6,A
332.54,357.93,Trichilia,68.1,A
396.64,263.74,Guarea,49.6,A
61.37,43.76,Licania,887.3,A
161.46,322.86,Cordia,,D
92.86,245.59,Garcinia,166.1,A
91.47,256.1,Aglaia,101.5,A
43.04,145.56,Nectandra,11.5,A
343.85,348.35,Aglaia,46.6,A
183.05,302.95,Eugenia,106.7,A
189.46,265.77,Alseis,111.1,A
79.07,163.63,Macaranga,92.5,A
258.83,234.59,Licania,358.7,A
84.95,173.32,Jacaranda,11.6,A
511.01,83.89,Drypetes,23.7,A
116.79,296.81,Aglaia,70.9,A
196.57,110.89,Cordia,41.7,A
59.3,324.17,Garcinia,24.1,A
496.51,12.06,Eugenia,57.8,A
593.38,129.01,Cordia,150.8,A
415.65,138.04,Dipteryx,,D
178.27,307.57,Drypetes,,D
184.84,235.19,Drypetes,10.0,A
554.37,8.66,Licania,781.1,A
245.17,109.02,Beilschmiedia,148.6,A
317.93,310.91,Calophyllum,54.9,A
215.04,254.46,Aglaia,10.4,A
551.33,140.68,Knema,35.8,A
468.98,15.95,Beilschmiedia,114.8,A
183.13,58.01,Hirtella,54.8,A
138.61,247.52,Dipteryx,434.9,A
379.05,63.32,Drypetes,204.2,A
91.94,57.26,Aglaia,,D
343.71,43.07,Drypetes,28.0,A
125.26,123.96,Nectandra,38.0,A
28.98,61.54,Erythroxylum,145.3,A
288.6,158.55,Beilschmiedia,14.2,A
94.87,390.19,Beilschmiedia,81.6,A
178.22,307.59,Drypetes,36.4,A
290.43,197.3,Inga,13.3,A
197.94,296.81,Drypetes,10.1,A
153.13,392.42,Dipteryx,244.4,A
201.68,40.23,Knema,100.0,A
140.33,317.4,Aglaia,106.8,A
395.67,87.42,Beilschmiedia,38.4,A
48.74,147.06,Drypetes,21.0,A
211.72,72.5,Faramea,12.6,A
224.96,91.14,Aglaia,13.5,A
593.02,88.69,Faramea,22.7,A
211.93,348.98,Cordia,109.2,A
232.84,368.14,Jacaranda,193.4,A
7.21,266.46,Sloanea,59.7,A
346.02,217.72,Cordia,,D
34.4,96.83,Xylopia,53.9,A
529.98,152.87,Cordia,127.7,A
181.15,328.93,Trichilia,421.1,A
424.55,39.03,Dipteryx,63.2,A
212.38,63.35,Guarea,,D
536.99,182.85,Alseis,,D
386.6,188.78,Faramea,150.9,A
211.48,13.84,Guarea,,D
429.83,38.39,Eugenia,,M
180.73,69.29,Calophyllum,12.1,A
152.2,305.15,Alseis,25.9,A
21.85,197.55,Aglaia,127.5,A
64.38,214.02,Calophyllum,67.8,A
214.12,126.77,Alseis,110.8,A
465.45,174.6,Eugenia,63.6,A
174.25,211.47,Aglaia,15.8,A
495.76,83.1,Hirtella,20.6,A
31.33,135.45,Inga,113.3,A
510.89,61.31,Guarea,13.7,A
25.0,365.55,Beilschmiedia,10.7,A
205.74,227.96,Aglaia,10.5,A
238.08,215.74,Dipteryx,62.0,A
92.27,338.96,Aglaia,19.2,A
235.82,203.94,Calophyllum,74.0,A
550.79,102.1,Beilschmiedia,155.4,A
124.43,1.27,Alseis,208.8,A
44.49,161.73,Calophyllum,450.7,A
29.79,133.39,Virola,10.3,A
234.47,299.92,Aglaia,10.8,A
151.27,390.45,Dipteryx,14.7,A
426.07,190.72,Cordia,,D
471.47,44.9,Drypetes,149.4,A
234.56,179.26,Alseis,228.7,A
368.18,108.25,Cordia,20.0,A
424.12,175.63,Eugenia,85.7,A
334.6,204.89,Inga,12.2,A
246.57,282.31,Aglaia,21.5,A
491.03,103.98,Cordia,10.1,A
152.13,157.59,Alseis,,D
148.16,137.29,Calophyllum,14.7,A
323.18,197.51,Garcinia,143.5,A
395.58,63.32,Dipteryx,11.3,A
258.97,301.91,Cordia,14.1,A
40.33,201.88,Aglaia,23.3,A
301.79,35.19,Aglaia,,D
77.88,111.21,Inga,134.7,A
191.34,176.02,Faramea,99.7,A
377.59,80.47,Nectandra,11.7,A
57.07,152.34,Virola,10.3,A
259.37,249.13,Beilschmiedia,,D
407.16,148.97,Cordia,32.5,A
122.08,171.44,Nectandra,29.4,A
264.26,283.52,Aglaia,114.9,A
9.34,146.41,Dipteryx,27.9,A
82.92,226.57,Garcinia,24.3,A
307.48,283.54,Aglaia,,D
226.71,354.56,Dipteryx,38.3,A
377.45,74.93,Alseis,,D
95.49,73.87,Aglaia,72.9,A
198.23,334.52,Aglaia,19.5,A
345.25,67.03,Cordia,21.3,A
101.54,158.52,Alseis,12.5,A
170.32,258.51,Cordia,31.1,A
436.3,39.53,Beilschmiedia,32.4,A
246.92,307.8,Cordia,37.2,A
19.09,305.49,Calophyllum,152.0,A
243.65,22.28,Guarea,24.2,A
173.55,232.08,Ocotea,10.6,A
117.99,177.42,Dipteryx,28.0,A
534.1,188.47,Beilschmiedia,37.1,A
343.34,99.72,Cecropia,25.0,A
482.19,113.27,Eugenia,17.6,A
289.5,21.18,Aglaia,20.1,A
382.08,365.17,Aglaia,12.8,A
317.37,200.8,Dipteryx,380.1,A
216.0,230.93,Cordia,58.7,A
335.14,217.81,Faramea,11.0,A
280.68,205.94,Dipteryx,45.4,A
140.38,21.59,Alseis,49.5,A
303.33,189.66,Inga,45.4,A
421.75,102.77,Alseis,125.6,A
38.36,134.75,Cordia,20.0,A
28.73,160.1,Calophyllum,35.4,A
238.36,154.24,Alseis,23.2,A
554.5,106.42,Beilschmiedia,28.9,A
81.44,371.52,Beilschmiedia,10.1,A
16.35,344.8,Alseis,,D
186.48,239.63,Drypetes,57.6,A
92.96,159.76,Jacaranda,295.5,A
361.38,64.7,Aglaia,63.2,A
18.49,354.53,Hirtella,10.7,A
79.71,105.52,Inga,110.5,A
85.05,309.0,Guarea,104.1,A
480.71,129.59,Eugenia,100.0,A
268.18,266.18,Aglaia,11.8,A
279.07,6.15,Beilschmiedia,183.2,A
15.2,202.41,Alseis,15.7,A
185.6,300.62,Eugenia,77.3,A
260.36,323.53,Jacaranda,105.1,A
58.61,220.73,Calophyllum,16.7,A
377.41,111.3,Aglaia,69.2,A
384.58,51.1,Drypetes,,D
166.81,358.67,Alseis,11.8,A
15.53,179.48,Nectandra,61.6,A
252.09,251.06,Protium,28.8,A
93.42,161.83,Cordia,,D
294.32,297.18,Aglaia,50.9,A
254.11,271.51,Aglaia,14.1,A
254.93,243.68,Beilschmiedia,48.4,A
193.52,185.14,Guarea,28.6,A
315.54,100.12,Aglaia,34.6,A
477.54,54.03,Faramea,,D
58.23,223.12,Eugenia,11.8,A
393.29,318.22,Alseis,59.6,A
359.13,387.74,Aglaia,17.7,A
558.14,176.27,Cordia,88.0,A
126.78,144.29,Ocotea,11.7,A
91.77,346.56,Drypetes,10.7,A
226.73,251.75,Calophyllum,91.1,A
400.96,168.4,Ocotea,11.8,A
295.44,33.01,Eugenia,48.4,A
287.83,160.67,Beilschmiedia,,D
29.21,102.77,Alseis,15.6,A
476.98,178.61,Drypetes,13.0,A
57.66,226.65,Eugenia,45.0,A
234.84,193.29,Cordia,25.2,A
125.55,8.8,Alseis,336.7,A
400.3,67.68,Drypetes,10.4,A
300.91,134.42,Aglaia,118.0,A
190.21,309.57,Cordia,58.1,A
407.53,80.8,Drypetes,,D
133.46,340.43,Cordia,20.9,A
37.45,341.19,Drypetes,267.5,A
142.99,15.73,Calophyllum,20.9,A
373.99,302.46,Trichilia,22.0,A
9.79,132.51,Garcinia,,D
301.16,143.48,Inga,77.3,A
11.25,85.01,Beilschmiedia,,D
182.55,162.88,Quararibea,112.0,A
242.31,250.13,Aglaia,12.6,A
219.96,56.09,Cordia,10.2,A
171.1,327.55,Aglaia,15.2,A
27.59,154.83,Dipteryx,26.4,A
52.01,333.77,Garcinia,76.4,A
280.39,298.54,Sloanea,52.6,A
76.3,243.62,Knema,10.5,A
247.54,262.89,Garcinia,22.2,A
406.03,116.92,Aglaia,23.3,A
555.77,51.34,Faramea,25.4,A
438.89,55.57,Beilschmiedia,98.0,A
164.49,104.4,Inga,45.2,A
534.8,21.94,Faramea,366.3,A
453.68,97.56,Calophyllum,10.2,A
346.45,82.09,Aglaia,,D
185.19,139.5,Licania,64.8,A
48.05,167.98,Alseis,137.0,A
347.65,21.05,Jacaranda,10.2,A
327.51,107.72,Beilschmiedia,31.4,A
223.8,194.37,Alseis,66.8,A
239.8,324.33,Guarea,16.9,A
301.62,223.98,Jacaranda,61.6,A
209.14,5.37,Dipteryx,11.9,A
307.46,299.05,Aglaia,10.7,A
34.98,386.39,Dipteryx,18.1,A
166.46,43.83,Dipteryx,89.3,A
207.16,178.66,Calophyllum,18.4,A
401.38,54.71,Inga,11.4,A
425.99,102.44,Aglaia,,M
181.76,338.15,Faramea,,D
119.91,28.27,Rinorea,10.6,A
176.52,336.55,Faramea,21.9,A
106.44,226.79,Aglaia,,D
122.5,209.44,Hirtella,20.3,A
10.53,162.93,Inga,33.0,A
153.42,73.03,Cordia,142.4,A
158.48,146.72,Aglaia,15.2,A
194.95,361.2,Dipteryx,23.3,A
46.83,349.75,Dipteryx,38.4,A
594.12,30.71,Cordia,127.8,A
342.98,310.25,Ocotea,33.8,A
188.19,307.68,Faramea,63.8,A
255.36,285.25,Garcinia,90.8,A
62.24,340.43,Aglaia,,D
111.04,323.51,Guarea,28.3,A
67.22,185.35,Calophyllum,107.7,A
189.89,314.31,Drypetes,,D
537.26,169.83,Beilschmiedia,,D
351.33,79.97,Drypetes,121.1,A
203.63,207.46,Aglaia,,D
62.96,172.26,Alseis,31.9,A
323.66,213.29,Inga,16.1,A
257.08,357.19,Luehea,17.1,A
28.24,96.96,Beilschmiedia,70.5,A
196.9,295.09,Knema,24.2,A
229.14,264.55,Aglaia,21.2,A
590.64,82.69,Alseis,14.9,A
248.43,132.83,Faramea,21.8,A
453.96,192.57,Drypetes,22.1,A
387.45,250.3,Aglaia,,D
325.77,175.11,Inga,12.3,A
458.38,162.64,Drypetes,18.0,A
424.01,46.19,Garcinia,24.7,A
168.87,339.63,Eugenia,11.3,A
169.5,205.18,Palaquium,10.8,A
325.26,340.68,Cordia,75.0,A
118.19,332.81,Guarea,39.4,A
357.18,230.08,Faramea,185.2,A
227.33,208.63,Cordia,22.9,A
1.32,47.13,Dipteryx,41.0,A
194.2,246.71,Aglaia,23.0,A
137.39,131.18,Drypetes,15.3,A
310.66,48.36,Eugenia,46.4,A
226.32,335.98,Aglaia,16.2,A
223.51,236.65,Calophyllum,,D
279.89,193.14,Calophyllum,131.7,A
210.52,257.94,Aglaia,17.6,A
153.89,143.69,Beilschmiedia,19.8,A
251.48,333.74,Beilschmiedia,24.5,A
7.37,253.09,Alseis,,D
183.23,377.63,Cupania,165.4,A
130.73,212.47,Hirtella,41.7,A
234.82,116.7,Beilschmiedia,,D
483.71,117.57,Eugenia,109.6,A
259.14,292.84,Calophyllum,555.6,A
35.44,371.28,Beilschmiedia,147.5,A
98.11,15.7,Rinorea,12.5,A
330.56,391.66,Beilschmiedia,21.0,A
334.93,93.26,Dipteryx,,D
397.61,242.66,Dipteryx,10.9,A
284.53,294.03,Cordia,17.6,A
527.49,72.45,Ocotea,46.1,A
350.92,295.04,Alseis,35.9,A
363.46,259.37,Beilschmiedia,67.3,A
514.38,98.18,Dipteryx,44.1,A
33.53,378.84,Beilschmiedia,160.1,A
406.81,64.23,Inga,,D
287.96,0.93,Beilschmiedia,44.2,A
76.04,305.9,Cordia,23.2,A
154.14,307.92,Alseis,102.0,A
43.13,160.89,Aglaia,16.5,A
284.9,16.66,Aglaia,49.5,A
184.27,143.75,Aglaia,16.2,A
121.65,377.93,Guarea,23.2,A
122.31,112.53,Dipteryx,469.3,A
138.0,98.65,Inga,55.1,A
402.44,85.47,Garcinia,31.3,A
222.62,81.64,Cordia,92.6,A
348.59,165.62,Faramea,12.9,A
401.96,53.39,Alseis,65.9,A
48.54,265.1,Garcinia,26.4,A
56.55,207.89,Aglaia,23.0,A
216.86,256.9,Knema,,D
176.22,59.07,Knema,12.8,A
211.24,359.27,Aglaia,17.0,A
29.37,198.84,Calophyllum,36.6,A
346.18,20.37,Alseis,387.7,A
40.8,224.78,Garcinia,163.6,A
405.02,52.57,Macaranga,82.5,A
574.67,81.32,Aglaia,29.0,A
288.98,29.55,Aglaia,11.2,A
234.16,264.14,Calophyllum,66.0,A
278.14,350.16,Alseis,55.4,A
518.16,141.66,Guarea,19.2,A
419.27,20.82,Beilschmiedia,50.7,A
348.55,38.65,Alseis,29.1,A
203.11,340.75,Eugenia,11.1,A
367.33,31.96,Cordia,84.1,A
27.68,199.61,Aglaia,10.8,A
306.18,27.31,Aglaia,15.2,A
531.55,194.66,Eugenia,22.3,A
92.36,190.81,Quararibea,103.1,A
307.87,179.73,Inga,21.2,A
12.01,304.37,Guarea,54.2,A
152.63,314.35,Aglaia,15.6,A
134.76,136.4,Beilschmiedia,16.9,A
399.53,98.28,Alseis,73.8,A
233.38,336.58,Aglaia,10.5,A
207.98,29.43,Faramea,243.5,A
181.95,224.41,Drypetes,30.7,A
224.23,117.3,Garcinia,22.9,A
330.65,85.81,Aglaia,18.5,A
178.39,201.7,Palaquium,27.8,A
144.27,230.02,Jacaranda,16.6,A
336.18,32.58,Dipteryx,10.4,A
228.84,213.81,Eugenia,60.0,A
40.35,378.76,Guarea,13.1,A
216.5,199.53,Licania,248.2,A
524.71,82.94,Faramea,82.1,A
422.3,6.34,Drypetes,41.4,A
13.03,183.44,Hirtella,14.2,A
47.47,334.41,Knema,39.5,A
190.19,319.45,Cordia,15.6,A
51.49,394.9,Guarea,20.0,A
26.27,124.37,Inga,49.6,A
128.37,296.78,Brosimum,12.3,A
149.32,385.7,Aglaia,,D
269.36,194.19,Cordia,18.0,A
245.0,54.72,Faramea,17.5,A
484.03,198.28,Dipteryx,,D
85.61,189.47,Faramea,17.7,A
185.34,330.33,Eugenia,,D
68.54,215.65,Aglaia,78.0,A
555.2,38.1,Guarea,260.5,A
476.73,40.23,Eugenia,160.0,A
533.65,181.41,Beilschmiedia,64.5,A
358.21,383.33,Aglaia,14.4,A
69.89,122.18,Palaquium,74.5,A
382.24,112.58,Alseis,140.8,A
6.47,166.34,Guarea,24.0,A
378.86,81.49,Alseis,245.8,A
182.5,207.4,Protium,17.5,A
64.51,125.99,Cordia,16.2,A
81.74,94.42,Drypetes,173.1,A
546.42,77.85,Cordia,16.4,A
2.54,379.02,Beilschmiedia,100.0,A
586.25,61.52,Jacaranda,,D
416.81,35.47,Eugenia,65.3,A
556.36,128.39,Aglaia,17.8,A
79.98,294.26,Rinorea,31.8,A
324.28,258.34,Calophyllum,51.8,A
383.1,4.27,Drypetes,105.8,A
365.74,112.82,Dipteryx,201.1,A
45.87,126.27,Virola,43.4,A
236.55,354.94,Eugenia,99.2,A
277.6,202.55,Eugenia,49.9,A
80.87,350.47,Aglaia,27.7,A
80.55,89.6,Cordia,17.7,A
160.37,285.2,Alseis,200.5,A
8.89,90.79,Drypetes,122.1,A
368.78,51.64,Drypetes,76.6,A
172.06,76.12,Dipteryx,,M
195.78,97.03,Swartzia,17.7,A
314.61,46.53,Aglaia,69.0,A
83.29,111.38,Palaquium,435.9,A
231.6,251.85,Aglaia,137.3,A
32.98,326.51,Calophyllum,28.2,A
257.95,399.3,Calophyllum,24.8,A
359.0,34.82,Dipteryx,10.9,A
571.7,137.98,Tetragastris,42.0,A
568.76,49.72,Cordia,15.2,A
391.28,126.63,Nectandra,50.4,A
79.74,6.65,Rinorea,27.7,A
114.59,322.39,Hirtella,14.6,A
17.39,79.29,Beilschmiedia,31.5,A
79.22,86.56,Knema,46.5,A
458.6,182.86,Eugenia,48.4,A
63.11,304.51,Calophyllum,13.8,A
459.5,170.04,Beilschmiedia,151.8,A
177.29,332.92,Beilschmiedia,204.4,A
105.66,347.89,Garcinia,10.8,A
237.06,9.46,Xylopia,12.6,A
541.87,99.34,Aglaia,148.2,A
376.72,386.73,Palaquium,16.4,A
150.17,269.08,Alseis,12.7,A
537.09,58.95,Calophyllum,108.1,A
155.78,227.2,Drypetes,32.3,A
145.3,96.8,Dipteryx,122.8,A
251.46,197.17,Eugenia,17.1,A
581.01,86.98,Aglaia,11.2,A
481.26,116.91,Eugenia,78.0,A
69.62,330.52,Knema,18.0,A
97.54,276.27,Knema,116.2,A
126.07,166.48,Sloanea,26.8,A
349.3,190.48,Cordia,17.6,A
255.96,275.97,Beilschmiedia,81.8,A
267.42,266.19,Aglaia,,D
434.77,81.83,Alseis,,M
249.21,172.38,Eugenia,20.9,A
28.54,146.63,Nectandra,13.4,A
178.01,181.81,Cordia,14.9,A
379.25,393.96,Eugenia,13.4,A
215.55,333.85,Aglaia,127.9,A
303.39,6.12,Garcinia,149.5,A
531.43,145.66,Guarea,91.8,A
328.9,12.59,Dipteryx,61.5,A
33.02,306.6,Alseis,110.9,A
524.58,19.37,Calophyllum,473.7,A
370.64,301.63,Aglaia,11.3,A
433.65,43.36,Calophyllum,181.7,A
191.53,155.71,Dipteryx,302.2,A
371.84,29.44,Nectandra,21.0,A
239.35,302.45,Aglaia,13.4,A
159.52,234.14,Drypetes,134.4,A
199.23,167.24,Aglaia,,M
331.09,103.76,Protium,70.5,A
155.48,16.09,Alseis,29.3,A
424.58,132.54,Beilschmiedia,19.7,A
214.36,251.5,Calophyllum,38.1,A
497.29,118.87,Beilschmiedia,,D
308.02,128.08,Inga,14.6,A
305.37,169.1,Inga,41.7,A
321.21,355.26,Trichilia,76.3,A
100.56,255.95,Garcinia,32.9,A
484.12,83.07,Drypetes,,D
530.54,13.45,Licania,,D
351.66,268.97,Jacaranda,,D
510.79,109.22,Guarea,25.4,A
472.07,34.91,Eugenia,59.3,A
483.88,60.4,Calophyllum,189.6,A
19.75,218.51,Quararibea,69.3,A
72.64,113.68,Cordia,88.9,A
25.49,350.3,Beilschmiedia,23.9,A
146.63,253.32,Alseis,89.2,A
565.18,147.39,Dipteryx,34.4,A
145.46,204.12,Faramea,300.5,A
518.55,106.44,Drypetes,41.8,A
570.27,69.3,Aglaia,47.1,A
176.42,154.23,Ocotea,15.0,A
370.01,224.04,Aglaia,57.1,A
52.59,299.82,Aglaia,,D
17.59,99.83,Cordia,12.0,A
343.01,266.4,Eugenia,132.2,A
182.42,182.96,Dipteryx,63.2,A
115.99,329.91,Garcinia,352.7,A
515.39,112.54,Calophyllum,51.3,A
218.07,293.35,Knema,,D
74.97,328.74,Macaranga,14.6,A
246.56,318.6,Dipteryx,44.2,A
365.84,267.51,Guarea,28.9,A
542.45,110.0,Guarea,10.6,A
598.02,143.31,Guarea,,D
249.87,353.02,Aglaia,19.5,A
338.49,13.58,Garcinia,66.4,A
71.72,375.23,Beilschmiedia,18.1,A
537.04,179.35,Beilschmiedia,,D
77.42,111.57,Protium,10.7,A
576.47,71.91,Alseis,12.4,A
134.94,215.74,Faramea,,D
547.12,48.6,Alseis,12.2,A
192.51,326.28,Aglaia,78.5,A
256.95,8.75,Faramea,468.6,A
481.22,43.21,Licania,12.9,A
321.56,382.85,Beilschmiedia,61.2,A
477.15,91.93,Drypetes,69.4,A
131.85,137.47,Hirtella,11.2,A
181.59,309.14,Faramea,18.2,A
469.03,35.36,Eugenia,15.5,A
216.25,135.08,Calophyllum,14.9,A
470.01,112.46,Guarea,58.8,A
54.64,117.37,Alseis,259.9,A
104.91,218.64,Garcinia,,D
33.26,359.83,Beilschmiedia,125.6,A
232.93,261.4,Ocotea,17.4,A
315.13,193.31,Inga,118.8,A
195.26,318.48,Faramea,36.4,A
294.18,279.96,Hirtella,15.8,A
74.87,172.39,Calophyllum,12.9,A
231.24,46.69,Dipteryx,40.6,A
571.32,62.97,Alseis,18.5,A
306.16,180.91,Calophyllum,789.7,A
480.8,100.38,Drypetes,25.2,A
248.38,282.96,Garcinia,29.4,A
398.7,37.33,Dipteryx,165.0,A
220.44,344.61,Aglaia,24.7,A
404.94,114.65,Aglaia,29.6,A
185.75,292.16,Ocotea,20.1,A
91.29,361.11,Aglaia,42.8,A
595.14,121.44,Faramea,36.8,A
93.33,343.72,Calophyllum,15.4,A
68.83,5.39,Calophyllum,37.1,A
568.25,100.59,Faramea,64.4,A
40.14,235.94,Calophyllum,15.5,A
239.23,256.91,Calophyllum,84.4,A
28.93,251.45,Dipteryx,93.8,A
150.24,208.85,Palaquium,23.0,A
392.72,76.25,Dipteryx,312.0,A
96.73,226.92,Jacaranda,19.8,A
517.31,198.64,Guarea,31.1,A
154.27,399.49,Dipteryx,10.4,A
106.26,121.93,Alseis,10.3,A
19.13,173.76,Inga,25.1,A
400.85,76.51,Guarea,12.4,A
461.24,37.84,Hirtella,11.8,A
328.59,105.22,Guarea,48.0,A
37.76,165.2,Calophyllum,38.6,A
183.24,283.91,Eugenia,24.4,A
16.32,239.28,Garcinia,252.2,A
487.49,130.15,Eugenia,147.0,A
46.74,248.97,Faramea,67.0,A
337.37,63.68,Drypetes,22.3,A
360.87,72.43,Aglaia,119.4,A
420.37,32.28,Eugenia,24.9,A
113.19,251.37,Calophyllum,26.8,A
133.28,188.53,Guarea,81.1,A
117.53,329.48,Garcinia,22.6,A
302.57,384.5,Calophyllum,22.0,A
61.55,82.97,Macaranga,29.8,A
537.16,52.41,Faramea,230.5,A
388.15,125.87,Macaranga,75.9,A
383.53,62.71,Jacaranda,118.0,A
530.13,39.15,Faramea,124.6,A
330.69,329.73,Licania,34.7,A
358.65,222.37,Calophyllum,495.0,A
242.87,1.75,Faramea,57.4,A
557.48,148.68,Guarea,98.5,A
360.7,50.19,Macaranga,156.3,A
156.63,25.86,Alseis,44.0,A
287.47,211.11,Eugenia,12.2,A
350.17,260.24,Aglaia,,D
399.49,116.18,Swartzia,12.6,A
463.66,164.01,Calophyllum,319.4,A
334.72,242.3,Cecropia,232.3,A
398.06,47.55,Swartzia,115.6,A
42.52,237.88,Garcinia,176.8,A
192.72,131.16,Palaquium,49.1,A
221.77,128.51,Ocotea,63.6,A
237.15,359.76,Alseis,187.3,A
384.58,251.79,Nectandra,14.7,A
149.15,102.81,Calophyllum,14.6,A
491.14,65.68,Beilschmiedia,,D
221.69,77.02,Calophyllum,,M
91.66,107.7,Drypetes,66.6,A
34.46,81.44,Beilschmiedia,19.1,A
59.83,62.33,Swartzia,,D
103.11,101.92,Inga,,D
55.69,226.0,Garcinia,135.6,A
93.16,21.22,Hirtella,,D
536.32,1.42,Calophyllum,34.4,A
188.21,2.62,Jacaranda,64.1,A
334.86,171.1,Calophyllum,37.1,A
594.5,95.12,Alseis,36.5,A
32.49,250.98,Dipteryx,,D
151.6,128.65,Beilschmiedia,,D
73.67,158.35,Dipteryx,11.3,A
32.96,76.95,Beilschmiedia,13.6,A
248.37,204.32,Cordia,10.0,A
210.39,216.83,Calophyllum,18.7,A
394.38,176.09,Guarea,41.9,A
304.74,173.94,Knema,17.9,A
194.46,355.81,Eugenia,42.5,A
481.2,31.19,Licania,49.7,A
468.96,199.08,Xylopia,147.1,A
447.21,54.32,Beilschmiedia,18.6,A
149.03,73.14,Guarea,17.8,A
382.14,119.23,Dipteryx,196.9,A
129.96,134.88,Beilschmiedia,11.2,A
52.39,199.0,Aglaia,21.7,A
396.94,311.33,Alseis,17.3,A
11.37,236.7,Cordia,12.5,A
243.01,57.4,Garcinia,23.6,A
205.83,87.45,Alseis,11.0,A
65.43,215.78,Alseis,601.6,A
318.0,74.59,Jacaranda,20.7,A
403.67,42.7,Alseis,20.5,A
234.95,119.19,Beilschmiedia,10.7,A
128.31,187.83,Aglaia,103.2,A
159.43,47.85,Nectandra,14.1,A
374.26,254.33,Beilschmiedia,36.1,A
43.97,225.62,Calophyllum,161.0,A
48.1,91.29,Eugenia,18.5,A
173.28,242.59,Ocotea,13.5,A
574.02,100.92,Aglaia,21.5,A
198.49,183.27,Aglaia,,D
116.38,171.34,Macaranga,87.3,A
203.97,349.68,Trichilia,54.2,A
451.09,154.63,Dipteryx,50.6,A
268.06,229.57,Hirtella,,D
292.96,160.48,Inga,189.3,A
5.39,121.55,Aglaia,147.3,A
148.43,123.13,Gustavia,13.1,A
315.91,313.24,Alseis,97.3,A
181.16,151.27,Shorea,22.4,A
134.5,179.97,Calophyllum,38.1,A
212.69,327.79,Cordia,65.9,A
161.53,185.22,Guarea,11.2,A
547.6,45.24,Alseis,186.5,A
405.96,179.14,Jacaranda,10.3,A
223.69,279.34,Aglaia,18.4,A
274.09,240.15,Cordia,18.6,A
239.44,140.52,Dipteryx,45.9,A
349.91,260.73,Aglaia,22.6,A
393.0,46.61,Inga,14.6,A
214.07,312.97,Aglaia,,D
449.91,76.65,Macaranga,178.1,A
67.2,104.58,Calophyllum,11.5,A
328.67,178.36,Inga,85.1,A
337.31,22.28,Calophyllum,684.0,A
363.36,271.92,Alseis,86.8,A
397.21,328.08,Calophyllum,41.6,A
15.37,133.2,Cordia,10.9,A
366.17,99.08,Dipteryx,61.6,A
593.15,130.78,Faramea,12.4,A
103.37,93.61,Protium,21.5,A
180.9,218.39,Calophyllum,54.9,A
352.12,143.88,Eugenia,55.5,A
218.62,102.1,Aglaia,43.6,A
20.21,362.42,Beilschmiedia,58.3,A
276.3,325.75,Dipteryx,40.0,A
397.89,230.86,Garcinia,182.6,A
175.65,194.67,Alseis,257.1,A
403.08,85.57,Aglaia,17.6,A
33.11,90.5,Cordia,12.1,A
375.95,249.72,Beilschmiedia,266.1,A
485.05,15.02,Drypetes,118.7,A
289.77,341.14,Alseis,83.1,A
235.36,298.55,Faramea,,D
157.86,373.75,Alseis,14.7,A
361.03,239.94,Aglaia,44.5,A
146.11,281.38,Alseis,265.1,A
129.69,102.18,Garcinia,120.4,A
203.27,279.1,Alseis,19.3,A
343.81,72.36,Garcinia,18.2,A
128.47,283.48,Brosimum,36.2,A
151.94,13.49,Alseis,60.2,A
336.41,54.15,Dipteryx,90.4,A
433.59,168.21,Cordia,105.1,A
9.62,193.63,Macaranga,30.5,A
364.34,235.03,Alseis,10.9,A
34.92,368.26,Guarea,46.9,A
466.11,33.1,Eugenia,10.1,A
195.74,304.48,Ocotea,13.7,A
381.04,6.64,Calophyllum,38.4,A
11.09,268.75,Eugenia,58.6,A
361.34,63.03,Aglaia,16.3,A
574.82,42.27,Dipteryx,133.6,A
239.01,236.21,Cordia,21.7,A
174.12,342.15,Beilschmiedia,19.5,A
166.2,265.04,Cordia,,D
484.39,125.56,Eugenia,,D
295.75,240.43,Guarea,15.4,A
44.57,89.35,Drypetes,,D
155.92,257.69,Calophyllum,55.7,A
362.45,112.31,Dipteryx,375.7,A
335.96,236.05,Calophyllum,,D
165.43,317.2,Faramea,14.1,A
7.18,79.59,Licania,14.9,A
573.08,118.91,Calophyllum,437.2,A
129.88,133.08,Guarea,38.6,A
231.12,184.5,Eugenia,69.1,A
151.39,142.76,Quararibea,328.6,A
245.99,132.26,Licania,11.2,A
61.94,281.83,Aglaia,,D
376.03,3.54,Calophyllum,267.5,A
366.56,236.83,Alseis,21.3,A
323.7,235.43,Calophyllum,30.2,A
383.91,295.82,Licania,167.5,A
180.84,28.85,Cordia,113.5,A
347.11,378.12,Hirtella,19.8,A
366.31,131.99,Calophyllum,19.5,A
187.87,299.47,Eugenia,19.9,A
94.03,171.93,Alseis,37.9,A
391.46,273.77,Calophyllum,,D
434.09,18.89,Drypetes,,D
88.17,91.57,Calophyllum,26.5,A
527.75,116.93,Aglaia,10.3,A
133.43,207.72,Guarea,14.4,A
215.85,180.61,Cordia,81.1,A
264.66,326.31,Aglaia,135.1,A
38.62,206.91,Knema,393.5,A
470.13,78.31,Licania,10.9,A
586.4,65.2,Alseis,,D
190.14,326.88,Eugenia,29.3,A
46.71,268.5,Eugenia,22.9,A
74.45,53.98,Aglaia,49.2,A
263.88,206.94,Eugenia,155.0,A
437.43,128.87,Beilschmiedia,14.7,A
189.3,72.46,Dipteryx,58.6,A
129.08,212.11,Quararibea,83.6,A
371.32,71.59,Aglaia,22.1,A
362.55,341.43,Eugenia,39.2,A
221.11,70.29,Hirtella,,D
590.22,57.09,Faramea,126.2,A
173.05,12.38,Alseis,163.0,A
10.62,280.91,Jacaranda,,M
218.58,222.78,Eugenia,42.6,A
566.16,43.58,Aglaia,11.0,A
482.58,176.48,Beilschmiedia,15.7,A
106.23,80.74,Calophyllum,40.8,A
80.35,142.47,Drypetes,13.9,A
407.23,85.79,Beilschmiedia,152.9,A
170.93,251.66,Aglaia,28.6,A
319.32,204.21,Garcinia,34.7,A
118.02,9.97,Licania,16.9,A
406.69,105.18,Dipteryx,50.5,A
206.83,257.4,Beilschmiedia,43.3,A
315.77,110.9,Aglaia,40.4,A
542.72,80.61,Faramea,13.1,A
216.15,131.7,Cordia,100.3,A
123.51,234.26,Garcinia,173.5,A
175.21,361.01,Jacaranda,11.7,A
36.16,259.46,Drypetes,26.8,A
535.8,153.88,Calophyllum,110.1,A
43.08,122.8,Virola,19.7,A
47.83,376.99,Beilschmiedia,144.2,A
112.45,73.46,Knema,,D
52.94,251.9,Cordia,12.0,A
189.98,143.22,Calophyllum,16.2,A
208.18,196.43,Quararibea,140.4,A
359.0,220.59,Eugenia,35.8,A
460.72,86.88,Xylopia,19.4,A
414.9,46.1,Drypetes,10.1,A
242.28,330.58,Aglaia,14.7,A
528.92,128.61,Calophyllum,308.8,A
178.25,226.48,Aglaia,,D
530.75,54.42,Licania,595.4,A
69.24,246.75,Drypetes,13.0,A
486.27,101.81,Jacaranda,19.9,A
336.15,102.97,Aglaia,87.3,A
340.67,395.56,Cupania,21.6,A
267.06,165.01,Cordia,141.3,A
310.77,258.48,Cordia,32.4,A
396.16,75.47,Beilschmiedia,41.4,A
58.22,145.92,Drypetes,13.4,A
106.17,177.09,Aglaia,48.4,A
47.53,377.62,Sloanea,18.1,A
319.5,202.63,Faramea,13.4,A
565.6,78.67,Aglaia,91.8,A
204.2,277.87,Aglaia,81.2,A
299.33,156.07,Hirtella,138.9,A
316.75,42.01,Eugenia,73.7,A
144.12,210.81,Faramea,,D
137.2,385.62,Diospyros,25.9,A
72.49,63.5,Calophyllum,157.2,A
303.05,71.26,Cordia,12.0,A
334.54,148.11,Dipteryx,433.7,A
435.62,14.96,Beilschmiedia,21.5,A
162.59,57.22,Calophyllum,68.1,A
468.07,47.24,Guarea,76.7,A
124.36,198.15,Guarea,26.0,A
564.94,140.71,Tetragastris,77.2,A
406.94,89.67,Beilschmiedia,16.8,A
135.51,220.89,Eugenia,25.7,A
333.68,279.27,Alseis,86.7,A
113.55,268.45,Guarea,19.1,A
110.63,141.62,Dipteryx,22.5,A
319.65,211.03,Dipteryx,,D
481.62,27.89,Eugenia,24.5,A
56.02,146.81,Drypetes,47.0,A
86.04,48.93,Aglaia,127.2,A
123.56,159.81,Calophyllum,412.2,A
124.23,320.43,Knema,14.3,A
240.39,294.57,Calophyllum,613.4,A
134.52,123.07,Dipteryx,10.1,A
210.14,39.55,Faramea,43.4,A
374.97,79.14,Alseis,25.4,A
555.8,177.66,Rinorea,16.9,A
155.05,9.88,Alseis,22.2,A
411.37,33.54,Eugenia,13.8,A
51.88,306.0,Aglaia,13.9,A
146.84,122.51,Calophyllum,20.5,A
194.24,160.26,Aglaia,11.7,A
298.28,15.67,Aglaia,24.0,A
297.44,41.21,Eugenia,19.2,A
407.4,104.0,Beilschmiedia,28.2,A
197.9,337.53,Jacaranda,,D
376.12,243.61,Beilschmiedia,15.6,A
258.77,242.03,Beilschmiedia,,D
336.03,133.88,Ocotea,39.0,A
37.18,281.29,Drypetes,,D
198.75,231.16,Garcinia,16.0,A
390.33,72.02,Alseis,25.4,A
104.06,177.33,Cordia,18.0,A
420.24,21.61,Alseis,543.8,A
29.44,144.42,Aglaia,25.4,A
542.3,132.97,Tetragastris,14.8,A
567.73,25.66,Aglaia,,D
232.51,237.68,Guarea,34.2,A
311.6,64.1,Calophyllum,13.1,A
195.63,302.71,Eugenia,71.0,A
487.2,109.42,Calophyllum,10.0,A
127.78,70.95,Calophyllum,32.0,A
299.54,327.74,Dipteryx,53.4,A
438.26,159.71,Dipteryx,16.8,A
193.39,1.45,Alseis,17.2,A
429.57,116.64,Dipteryx,11.0,A
254.4,297.05,Guarea,12.6,A
230.31,222.84,Dipteryx,11.4,A
315.29,112.43,Beilschmiedia,18.5,A
430.56,73.1,Eugenia,55.8,A
93.01,356.18,Guarea,34.1,A
361.91,250.26,Hirtella,,D
52.01,221.14,Cordia,57.9,A
201.29,179.67,Aglaia,104.0,A
517.91,10.16,Licania,845.4,A
275.45,348.83,Luehea,13.6,A
273.3,320.29,Aglaia,16.5,A
217.23,86.86,Aglaia,19.1,A
186.45,236.93,Aglaia,,D
364.98,205.13,Swartzia,30.5,A
430.7,80.91,Alseis,167.2,A
17.32,159.1,Sloanea,67.1,A
186.64,148.69,Cordia,36.7,A
61.0,163.38,Aglaia,40.1,A
370.74,35.28,Hirtella,,D
94.44,187.29,Hirtella,26.5,A
429.17,149.44,Hirtella,13.3,A
492.14,93.58,Drypetes,18.6,A
372.23,82.8,Aglaia,136.4,A
330.72,7.15,Garcinia,25.4,A
169.66,283.16,Knema,87.8,A
251.82,314.32,Jacaranda,52.4,A
344.7,83.91,Drypetes,14.2,A
393.56,158.42,Palaquium,106.6,A
26.1,108.21,Alseis,17.8,A
430.9,1.26,Guarea,12.5,A
480.74,119.97,Licania,14.2,A
93.99,187.9,Calophyllum,13.3,A
412.14,65.47,Beilschmiedia,10.1,A
238.24,69.35,Hirtella,167.1,A
205.39,205.7,Dipteryx,187.9,A
10.87,81.11,Hirtella,15.6,A
192.04,116.02,Alseis,,M
6.95,141.17,Aglaia,,D
5.88,399.58,Alseis,34.6,A
81.2,281.76,Dipteryx,11.1,A
83.38,380.6,Beilschmiedia,249.1,A
428.68,11.31,Calophyllum,45.6,A
577.57,144.87,Cordia,120.8,A
205.59,197.91,Drypetes,31.0,A
379.5,173.9,Ocotea,25.8,A
74.98,312.76,Rinorea,170.1,A
487.08,108.21,Ocotea,46.8,A
177.45,104.01,Macaranga,16.0,A
491.16,38.27,Faramea,21.0,A
492.16,131.99,Beilschmiedia,172.4,A
397.67,264.39,Dipteryx,13.4,A
298.08,32.74,Calophyllum,10.0,A
162.74,250.54,Drypetes,206.0,A
383.47,105.79,Calophyllum,12.1,A
351.78,366.66,Aglaia,12.0,A
513.19,181.62,Beilschmiedia,185.1,A
327.96,35.89,Calophyllum,322.9,A
144.83,130.82,Beilschmiedia,20.9,A
191.52,213.71,Garcinia,174.4,A
369.44,49.8,Garcinia,22.3,A
439.88,184.24,Drypetes,20.0,A
428.5,66.91,Aglaia,11.7,A
224.28,331.63,Faramea,221.0,A
63.94,358.32,Dipteryx,72.7,A
468.14,34.95,Cordia,24.9,A
272.8,215.66,Eugenia,21.4,A
72.85,161.52,Knema,18.2,A
317.58,201.18,Jacaranda,140.4,A
345.17,343.66,Aglaia,41.4,A
98.15,190.03,Guarea,18.3,A
138.4,102.08,Inga,17.7,A
289.96,220.23,Garcinia,59.3,A
218.69,30.56,Alseis,11.1,A
107.23,234.11,Macaranga,13.9,A
356.44,87.13,Garcinia,31.0,A
231.49,226.45,Knema,66.2,A
386.31,71.9,Drypetes,53.5,A
457.73,64.33,Guarea,16.7,A
332.18,210.89,Hirtella,23.7,A
209.02,202.77,Quararibea,14.0,A
48.27,206.18,Calophyllum,15.5,A
27.8,125.98,Garcinia,,D
184.31,301.67,Alseis,23.8,A
483.17,142.61,Calophyllum,29.7,A
598.17,92.3,Jacaranda,10.8,A
256.59,326.37,Aglaia,62.1,A
254.24,366.03,Luehea,13.0,A
156.79,365.48,Alseis,17.0,A
219.39,268.82,Beilschmiedia,36.6,A
285.32,44.49,Jacaranda,,D
136.41,303.61,Sloanea,,D
505.25,36.51,Faramea,121.7,A
15.78,164.76,Guarea,39.0,A
496.15,78.68,Calophyllum,300.6,A
187.42,186.88,Cordia,39.6,A
311.5,257.35,Jacaranda,335.8,A
35.93,280.32,Hirtella,27.0,A
430.93,26.98,Beilschmiedia,19.9,A
348.37,303.53,Jacaranda,15.0,A
180.97,213.32,Drypetes,,D
492.46,92.77,Licania,28.3,A
274.86,315.39,Aglaia,72.3,A
482.2,75.23,Drypetes,17.0,A
116.95,343.97,Calophyllum,18.1,A
56.23,177.16,Calophyllum,195.2,A
195.96,56.75,Alseis,316.5,A
99.21,392.61,Beilschmiedia,10.5,A
95.45,28.89,Eugenia,28.9,A
232.32,385.7,Cordia,64.0,A
150.5,266.09,Brosimum,79.3,A
554.91,184.95,Faramea,13.9,A
163.7,272.61,Dipteryx,167.6,A
352.65,77.76,Aglaia,23.7,A
20.09,293.43,Drypetes,10.3,A
130.23,324.87,Calophyllum,21.6,A
286.9,266.72,Cordia,32.0,A
233.44,270.64,Aglaia,20.2,A
42.38,139.18,Virola,413.9,A
412.1,185.84,Alseis,18.2,A
151.09,12.81,Nectandra,,D
170.68,133.2,Aglaia,82.5,A
111.64,201.22,Rinorea,16.9,A
192.78,202.55,Aglaia,43.9,A
165.07,127.53,Beilschmiedia,,D
80.12,286.08,Dipteryx,13.3,A
321.78,201.49,Cordia,29.3,A
133.56,119.96,Beilschmiedia,63.6,A
410.5,137.91,Guarea,22.4,A
237.15,137.58,Xylopia,80.9,A
161.03,120.38,Quararibea,12.5,A
597.56,55.01,Alseis,10.1,A
117.73,362.09,Cordia,168.9,A
90.76,379.35,Hirtella,34.1,A
206.84,133.89,Guarea,16.7,A
473.11,4.0,Calophyllum,14.5,A
238.88,359.88,Alseis,,M
406.17,65.81,Aglaia,11.9,A
168.98,132.32,Protium,,D
325.85,362.39,Nectandra,20.7,A
103.11,346.23,Aglaia,,D
397.95,351.57,Dipteryx,456.8,A
253.48,311.18,Cordia,68.6,A
265.77,32.04,Cordia,18.6,A
59.38,345.07,Aglaia,96.5,A
449.06,157.02,Faramea,,M
132.77,126.57,Ocotea,16.5,A
300.11,162.91,Beilschmiedia,40.5,A
413.5,118.22,Aglaia,11.4,A
321.65,112.97,Beilschmiedia,128.7,A
1.5,131.2,Garcinia,29.4,A
68.4,183.45,Cordia,52.0,A
301.49,132.16,Cordia,54.5,A
305.55,57.49,Dipteryx,10.9,A
135.38,377.43,Dipteryx,17.4,A
312.65,287.06,Cordia,10.2,A
243.9,270.99,Beilschmiedia,,D
63.18,119.47,Inga,16.1,A
119.51,134.42,Nectandra,26.4,A
331.87,335.47,Hirtella,192.9,A
448.48,175.0,Xylopia,80.9,A
51.91,372.41,Beilschmiedia,165.2,A
74.28,62.5,Alseis,22.5,A
9.29,354.29,Beilschmiedia,36.3,A
319.4,98.68,Ficus,15.7,A
43.52,272.62,Calophyllum,127.8,A
172.95,129.14,Palaquium,215.7,A
221.79,125.31,Calophyllum,172.8,A
319.75,114.28,Beilschmiedia,223.4,A
156.09,300.99,Brosimum,210.9,A
201.11,336.09,Trichilia,84.4,A
489.06,35.27,Drypetes,21.4,A
92.59,188.52,Dipteryx,22.0,A
252.97,177.34,Alseis,11.9,A
99.72,116.54,Drypetes,130.5,A
155.24,243.74,Guarea,,M
3.41,362.65,Quararibea,28.3,A
570.91,72.81,Beilschmiedia,12.5,A
225.31,315.01,Dipteryx,32.5,A
0.2,368.9,Beilschmiedia,34.0,A
102.93,267.91,Cordia,,M
385.13,230.8,Beilschmiedia,105.2,A
71.88,170.12,Alseis,14.6,A
305.37,239.47,Jacaranda,15.8,A
204.9,256.05,Beilschmiedia,212.2,A
383.28,225.88,Cordia,26.0,A
1.84,304.0,Faramea,12.1,A
57.88,202.21,Nectandra,13.4,A
172.96,202.95,Garcinia,10.6,A
206.21,246.57,Aglaia,32.1,A
137.36,205.95,Faramea,51.4,A
243.58,123.71,Jacaranda,41.1,A
450.96,84.24,Dipteryx,34.0,A
144.26,297.19,Jacaranda,55.0,A
222.55,342.84,Aglaia,153.1,A
148.0,357.9,Cordia,86.4,A
183.04,34.89,Dipteryx,13.1,A
212.79,297.41,Faramea,19.7,A
500.83,60.47,Calophyllum,52.3,A
46.84,82.23,Eugenia,32.8,A
156.37,371.03,Alseis,15.8,A
128.72,244.92,Palaquium,43.2,A
10.8,138.25,Aglaia,18.4,A
382.47,16.04,Cordia,118.4,A
387.82,138.29,Calophyllum,170.0,A
92.72,390.61,Garcinia,11.8,A
126.3,397.93,Cordia,50.1,A
381.16,154.94,Dipteryx,26.7,A
130.86,316.0,Knema,12.8,A
87.25,250.74,Drypetes,163.1,A
437.08,70.24,Macaranga,47.7,A
407.36,79.2,Dipteryx,136.7,A
319.14,148.2,Trichilia,110.3,A
497.63,55.69,Faramea,34.9,A
394.24,107.26,Alseis,25.2,A
393.87,258.49,Aglaia,39.6,A
153.7,200.31,Palaquium,10.7,A
109.46,250.45,Garcinia,23.3,A
301.7,202.84,Dipteryx,60.7,A
227.3,209.11,Cordia,,D
222.26,171.82,Hirtella,24.1,A
147.11,220.25,Drypetes,13.5,A
232.84,50.46,Dipteryx,34.6,A
149.83,61.55,Cordia,63.4,A
414.43,198.49,Aglaia,11.3,A
415.24,44.79,Eugenia,13.9,A
82.98,60.94,Calophyllum,73.1,A
101.42,230.94,Calophyllum,26.9,A
6.62,323.86,Drypetes,10.6,A
54.39,145.33,Virola,23.7,A
281.64,9.48,Xylopia,66.6,A
578.05,96.47,Knema,11.1,A
198.92,273.87,Faramea,12.5,A
160.92,2.05,Cordia,87.7,A
221.23,305.85,Aglaia,65.1,A
45.0,59.22,Erythroxylum,18.1,A
580.99,135.26,Faramea,87.0,A
226.27,206.52,Knema,14.7,A
330.58,224.43,Faramea,11.5,A
375.35,74.22,Garcinia,12.0,A
53.61,151.85,Protium,,D
226.66,375.25,Trichilia,10.8,A
352.14,182.12,Protium,42.2,A
316.41,312.93,Cordia,21.4,A
12.07,95.46,Cordia,39.2,A
130.21,220.14,Cordia,12.5,A
77.6,359.42,Aglaia,41.4,A
345.26,259.8,Ocotea,,D
431.02,150.75,Protium,12.3,A
369.03,247.13,Beilschmiedia,236.7,A
431.15,168.09,Aglaia,12.7,A
217.33,66.27,Knema,21.1,A
346.91,150.36,Faramea,12.9,A
437.66,84.33,Eugenia,17.3,A
146.74,260.0,Alseis,35.4,A
53.44,305.88,Knema,,D
44.09,238.62,Drypetes,27.2,A
276.01,246.22,Beilschmiedia,,D
77.45,235.46,Eugenia,114.5,A
34.45,185.66,Guarea,137.0,A
196.84,89.05,Guarea,15.4,A
295.36,44.08,Dipteryx,23.6,A
425.95,66.46,Calophyllum,,M
61.02,127.27,Shorea,31.1,A
122.97,271.03,Shorea,11.0,A
404.92,138.1,Cordia,10.7,A
569.22,11.11,Licania,16.9,A
227.8,4.89,Calophyllum,14.4,A
44.89,284.04,Knema,41.3,A
154.78,360.55,Alseis,140.6,A
57.32,13.22,Licania,30.6,A
137.27,148.76,Alseis,11.2,A
454.56,66.44,Eugenia,12.0,A
244.44,321.41,Nectandra,10.7,A
293.84,285.79,Diospyros,14.8,A
64.8,254.24,Garcinia,44.0,A
266.44,328.27,Nectandra,10.5,A
92.78,276.25,Calophyllum,12.6,A
381.39,115.16,Alseis,57.7,A
55.8,114.2,Xylopia,,D
326.31,298.5,Dipteryx,21.7,A
128.84,102.68,Dipteryx,28.3,A
202.41,53.62,Alseis,,D
564.2,169.58,Rinorea,12.3,A
305.3,22.13,Hirtella,15.6,A
129.73,365.63,Aglaia,13.5,A
235.92,183.63,Licania,35.8,A
417.49,66.11,Drypetes,119.8,A
244.63,173.27,Alseis,49.8,A
344.96,390.21,Jacaranda,45.8,A
458.66,32.86,Eugenia,84.6,A
356.58,53.47,Ocotea,12.1,A
157.82,13.33,Alseis,42.2,A
198.27,392.84,Hirtella,13.0,A
235.34,139.86,Nectandra,24.5,A
294.09,233.68,Guarea,251.3,A
289.4,264.59,Cordia,15.2,A
244.14,112.96,Beilschmiedia,,D
485.0,115.63,Rinorea,32.8,A
87.06,347.76,Aglaia,11.7,A
189.37,171.27,Cordia,16.9,A
302.33,13.76,Garcinia,181.7,A
427.77,172.87,Palaquium,35.4,A
116.54,380.49,Dipteryx,13.9,A
281.46,228.98,Inga,13.0,A
498.13,82.18,Dipteryx,355.1,A
30.6,165.79,Aglaia,16.1,A
100.41,263.25,Alseis,61.0,A
525.67,40.11,Faramea,62.8,A
243.57,286.39,Jacaranda,24.7,A
245.33,165.09,Alseis,76.0,A
368.27,193.9,Cordia,12.0,A
286.14,274.96,Aglaia,,D
187.14,140.95,Aglaia,108.3,A
261.25,247.14,Beilschmiedia,25.4,A
242.49,363.39,Dipteryx,21.3,A
273.82,367.75,Cordia,45.6,A
189.57,326.13,Drypetes,11.4,A
344.14,277.9,Swartzia,17.8,A
121.07,185.37,Quararibea,10.6,A
198.58,253.15,Jacaranda,20.5,A
423.23,34.35,Drypetes,11.6,A
107.15,203.76,Rinorea,58.0,A
45.04,16.63,Dipteryx,96.8,A
198.78,352.25,Trichilia,41.6,A
147.04,130.67,Beilschmiedia,26.0,A
205.38,399.43,Alseis,300.7,A
291.67,18.9,Aglaia,78.7,A
155.65,4.13,Anacardium,34.5,A
152.82,228.64,Drypetes,30.7,A
12.84,382.97,Alseis,12.6,A
350.01,297.54,Calophyllum,73.3,A
316.08,125.01,Dipteryx,33.7,A
137.82,132.07,Beilschmiedia,14.1,A
131.74,253.22,Dipteryx,108.6,A
91.93,38.2,Calophyllum,229.8,A
582.67,46.81,Guarea,14.3,A
357.36,197.56,Eugenia,59.2,A
76.42,345.77,Hirtella,10.8,A
582.8,99.18,Aglaia,14.3,A
239.86,266.83,Garcinia,,D
52.22,150.74,Drypetes,177.9,A
199.49,229.06,Calophyllum,67.3,A
198.42,214.1,Jacaranda,53.7,A
14.86,143.45,Aglaia,16.1,A
228.49,341.87,Luehea,50.6,A
179.69,363.97,Rinorea,12.6,A
520.25,115.58,Guarea,10.3,A
173.75,146.7,Guarea,96.2,A
369.89,347.58,Dipteryx,33.4,A
103.35,396.75,Guarea,16.7,A
417.85,46.29,Drypetes,12.6,A
465.23,14.3,Beilschmiedia,28.1,A
180.68,329.17,Aglaia,129.9,A
412.45,72.71,Macaranga,17.3,A
273.93,327.51,Shorea,17.7,A
356.59,329.89,Eugenia,,D
93.01,28.93,Eugenia,16.2,A
213.77,263.11,Beilschmiedia,46.9,A
427.0,127.05,Beilschmiedia,,D
151.65,295.06,Calophyllum,12.6,A
39.14,52.73,Erythroxylum,23.3,A
379.73,173.8,Ocotea,,M
179.18,185.09,Calophyllum,86.1,A
284.64,22.71,Calophyllum,13.0,A
335.15,378.63,Alseis,198.5,A
458.38,153.59,Hirtella,19.1,A
131.25,77.48,Sloanea,24.3,A
289.9,38.87,Aglaia,15.7,A
343.51,98.47,Calophyllum,189.1,A
573.53,87.84,Beilschmiedia,114.1,A
141.03,29.17,Dipteryx,,D
136.16,268.19,Alseis,11.2,A
42.09,224.33,Cordia,48.8,A
173.53,310.55,Drypetes,12.9,A
370.98,357.88,Aglaia,107.5,A
409.12,192.79,Ocotea,23.4,A
106.83,292.91,Knema,14.3,A
118.14,327.23,Garcinia,10.1,A
514.32,9.09,Drypetes,61.1,A
448.64,154.31,Ocotea,26.5,A
438.78,60.82,Cordia,11.3,A
173.9,166.04,Calophyllum,13.3,A
137.05,315.3,Hirtella,29.2,A
87.43,311.37,Beilschmiedia,16.1,A
23.3,122.69,Hirtella,10.8,A
166.66,303.15,Alseis,10.2,A
89.6,61.86,Calophyllum,37.7,A
18.88,284.12,Faramea,75.7,A
170.21,313.42,Cordia,23.9,A
378.43,103.29,Alseis,16.2,A
344.13,31.9,Hirtella,38.2,A
117.87,108.15,Hirtella,51.4,A
89.17,275.43,Drypetes,252.3,A
409.37,150.49,Shorea,13.5,A
420.66,60.46,Alseis,13.2,A
138.98,130.06,Drypetes,126.2,A
231.02,10.11,Hirtella,19.2,A
482.55,72.34,Licania,22.7,A
243.33,287.87,Beilschmiedia,14.1,A
567.55,58.72,Aglaia,,D
407.23,107.63,Guarea,38.6,A
246.14,168.04,Alseis,11.6,A
254.19,289.02,Cordia,11.6,A
8.36,131.08,Aglaia,,D
369.43,77.43,Dipteryx,32.5,A
31.02,249.84,Cordia,25.6,A
104.45,320.54,Calophyllum,,D
184.87,297.93,Alseis,10.7,A
36.93,220.97,Calophyllum,21.8,A
491.65,103.33,Drypetes,18.1,A
120.85,300.9,Guarea,,D
12.61,158.17,Inga,60.5,A
59.03,300.28,Drypetes,100.6,A
78.73,204.34,Cordia,134.6,A
172.2,363.48,Rinorea,26.2,A
514.06,147.46,Calophyllum,19.2,A
84.94,225.65,Shorea,60.8,A
468.31,173.49,Eugenia,,D
163.24,359.84,Faramea,,D
88.11,188.7,Knema,15.5,A
486.24,91.48,Beilschmiedia,13.9,A
369.06,45.99,Jacaranda,,D
77.62,226.47,Eugenia,,D
51.14,88.21,Drypetes,,D
246.63,125.14,Beilschmiedia,144.6,A
212.07,187.56,Drypetes,32.5,A
106.73,219.87,Eugenia,,D
406.04,89.4,Beilschmiedia,57.7,A
258.02,384.27,Nectandra,18.2,A
546.17,25.73,Licania,14.7,A
278.58,19.85,Nectandra,13.6,A
88.22,144.38,Drypetes,42.2,A
472.0,184.53,Calophyllum,,M
286.55,293.75,Guarea,20.7,A
366.08,51.31,Jacaranda,103.5,A
77.45,211.02,Cordia,24.8,A
196.78,297.62,Aglaia,110.7,A
436.02,131.89,Calophyllum,12.4,A
305.26,331.55,Guarea,42.3,A
365.04,131.39,Dipteryx,131.2,A
381.64,230.56,Dipteryx,304.4,A
395.55,108.99,Aglaia,115.5,A
120.74,199.21,Macaranga,92.9,A
35.65,349.31,Cordia,12.9,A
444.79,59.43,Beilschmiedia,24.7,A
564.51,121.33,Aglaia,,D
94.83,321.27,Calophyllum,49.2,A
501.12,108.67,Drypetes,13.8,A
84.37,268.37,Macaranga,12.6,A
340.76,13.06,Jacaranda,14.6,A
90.64,379.49,Beilschmiedia,39.6,A
32.62,222.96,Macaranga,18.2,A
58.68,144.01,Drypetes,80.1,A
142.37,273.64,Brosimum,53.4,A
563.08,187.35,Guarea,12.5,A
417.23,44.4,Eugenia,55.0,A
230.45,273.65,Beilschmiedia,68.6,A
534.37,53.13,Licania,214.5,A
81.93,34.78,Aglaia,77.1,A
206.72,127.19,Alseis,77.5,A
113.36,13.23,Guarea,,D
434.4,70.66,Alseis,87.9,A
441.93,62.74,Licania,31.9,A
248.84,145.38,Jacaranda,27.9,A
135.4,148.94,Alseis,81.0,A
409.89,71.2,Garcinia,13.2,A
11.68,94.7,Alseis,11.4,A
480.81,103.41,Ocotea,38.3,A
405.12,62.38,Inga,64.9,A
101.34,231.02,Aglaia,13.0,A
218.62,122.04,Alseis,73.9,A
129.11,129.31,Calophyllum,44.1,A
551.33,124.63,Aglaia,10.9,A
92.52,142.92,Alseis,21.3,A
168.1,226.77,Aglaia,26.7,A
132.6,119.68,Cordia,69.1,A
225.34,172.14,Ocotea,21.5,A
276.38,363.71,Nectandra,15.2,A
51.45,309.83,Aglaia,40.3,A
277.23,213.83,Jacaranda,30.8,A
12.34,7.73,Cordia,163.6,A
377.28,316.82,Calophyllum,18.2,A
97.2,363.41,Beilschmiedia,166.0,A
33.44,155.19,Cordia,11.6,A
459.27,182.69,Protium,86.2,A
88.68,63.6,Knema,26.3,A
164.66,13.33,Alseis,133.9,A
294.54,245.98,Cordia,16.2,A
332.66,232.59,Cecropia,14.8,A
201.92,201.6,Dipteryx,41.0,A
213.85,317.46,Aglaia,78.8,A
453.51,29.25,Hirtella,194.9,A
15.37,286.53,Faramea,,D
437.55,76.84,Alseis,24.5,A
365.01,57.56,Knema,,D
406.82,48.25,Alseis,19.8,A
63.88,190.58,Sloanea,11.4,A
589.19,81.39,Eugenia,16.4,A
138.75,373.29,Aglaia,41.5,A
141.52,173.83,Shorea,84.7,A
93.07,211.3,Dipteryx,,D
573.86,73.02,Faramea,36.5,A
68.46,117.68,Inga,,D
576.68,89.21,Beilschmiedia,12.7,A
91.92,298.07,Beilschmiedia,10.4,A
334.65,65.83,Drypetes,418.6,A
293.57,15.84,Garcinia,74.9,A
31.81,28.67,Dipteryx,68.0,A
78.82,305.87,Aglaia,14.5,A
123.77,43.64,Aglaia,21.7,A
87.29,43.0,Dipteryx,82.7,A
344.54,101.03,Garcinia,,D
265.04,43.45,Nectandra,14.9,A
565.56,86.55,Calophyllum,30.8,A
428.28,124.25,Beilschmiedia,,M
23.18,95.91,Beilschmiedia,164.7,A
594.74,143.4,Licania,433.7,A
29.45,108.41,Dipteryx,19.3,A
115.23,52.43,Calophyllum,,D
361.61,200.21,Faramea,42.9,A
363.29,19.2,Dipteryx,25.8,A
315.88,175.26,Inga,100.1,A
413.12,55.01,Garcinia,17.2,A
595.73,158.57,Faramea,46.1,A
490.6,40.6,Knema,34.3,A
101.76,55.69,Calophyllum,28.0,A
6.19,324.92,Quararibea,14.7,A
83.72,358.01,Beilschmiedia,12.1,A
262.29,18.53,Nectandra,13.5,A
122.61,177.92,Jacaranda,10.2,A
481.19,139.9,Beilschmiedia,30.2,A
371.67,355.81,Hirtella,13.6,A
365.1,323.94,Aglaia,29.9,A
133.09,283.32,Brosimum,150.7,A
111.58,198.53,Faramea,447.8,A
430.09,139.83,Beilschmiedia,110.1,A
238.1,275.92,Alseis,15.4,A
405.13,124.43,Aglaia,77.5,A
256.39,327.96,Hirtella,84.2,A
347.15,55.34,Dipteryx,265.0,A
162.92,372.24,Cupania,14.1,A
124.02,218.96,Palaquium,13.5,A
324.85,300.95,Alseis,12.0,A
241.64,343.11,Beilschmiedia,20.2,A
168.85,282.5,Swartzia,53.9,A
186.06,140.75,Aglaia,21.9,A
396.54,101.16,Alseis,11.5,A
479.98,27.93,Calophyllum,35.1,A
376.75,24.47,Ocotea,10.7,A
388.13,46.27,Aglaia,42.0,A
308.92,90.2,Aglaia,20.2,A
229.74,372.27,Dipteryx,12.3,A
72.17,58.05,Calophyllum,518.2,A
558.32,23.5,Ocotea,13.6,A
129.68,167.92,Calophyllum,91.3,A
350.26,226.81,Eugenia,58.7,A
130.76,131.51,Drypetes,11.7,A
16.45,314.58,Calophyllum,19.9,A
523.77,129.6,Calophyllum,22.3,A
266.13,325.42,Nectandra,,D
103.96,265.14,Brosimum,345.5,A
223.37,232.83,Dipteryx,54.6,A
315.76,88.71,Ocotea,53.5,A
126.01,169.2,Macaranga,88.8,A
568.73,117.63,Tetragastris,10.9,A
333.35,344.64,Hirtella,150.4,A
383.1,335.21,Aglaia,28.9,A
9.52,201.76,Aglaia,45.6,A
254.77,244.54,Shorea,67.7,A
355.84,315.5,Aglaia,19.9,A
382.15,208.78,Cordia,11.6,A
590.56,83.98,Guarea,14.0,A
222.36,298.3,Aglaia,29.8,A
61.04,185.48,Aglaia,28.3,A
30.06,277.37,Faramea,20.7,A
364.84,224.05,Guarea,22.7,A
336.95,382.65,Alseis,515.9,A
78.39,228.4,Dipteryx,113.8,A
247.63,182.96,Garcinia,16.0,A
281.53,270.77,Cordia,,D
12.27,271.51,Nectandra,20.9,A
390.31,29.93,Swartzia,64.8,A
108.36,348.22,Cordia,43.5,A
194.73,352.43,Trichilia,196.1,A
460.82,47.69,Dipteryx,245.6,A
322.33,214.7,Macaranga,63.6,A
21.2,127.49,Aglaia,110.1,A
302.66,230.33,Ocotea,10.1,A
419.96,134.62,Beilschmiedia,36.6,A
348.96,188.97,Ocotea,16.3,A
162.97,196.73,Dipteryx,73.1,A
360.28,24.29,Alseis,53.6,A
260.94,305.49,Dipteryx,14.8,A
18.22,282.72,Cordia,118.9,A
345.82,199.7,Cordia,,D
117.77,239.86,Knema,29.0,A
168.02,177.15,Macaranga,22.8,A
239.67,233.0,Garcinia,63.6,A
137.73,69.79,Calophyllum,26.6,A
559.33,53.27,Calophyllum,,D
594.13,78.08,Eugenia,20.1,A
236.53,279.8,Dipteryx,24.5,A
91.24,320.73,Calophyllum,10.9,A
526.51,185.72,Guarea,12.5,A
249.22,320.18,Aglaia,,D
94.86,302.36,Drypetes,,M
22.45,0.27,Licania,149.0,A
112.28,192.84,Hirtella,165.3,A
148.03,273.37,Alseis,,D
369.18,264.87,Calophyllum,,D
49.74,175.64,Aglaia,63.0,A
54.03,171.63,Aglaia,41.0,A
250.7,333.38,Beilschmiedia,18.4,A
591.49,56.51,Aglaia,14.8,A
19.33,284.09,Cordia,133.0,A
536.02,119.84,Aglaia,22.6,A
308.48,215.7,Inga,109.9,A
290.87,342.25,Alseis,14.4,A
137.9,72.09,Jacaranda,22.6,A
534.23,194.42,Guarea,35.4,A
238.66,282.21,Aglaia,12.3,A
477.44,110.98,Xylopia,30.6,A
323.39,266.22,Faramea,128.8,A
120.6,232.76,Palaquium,50.0,A
429.18,108.63,Dipteryx,85.3,A
428.88,136.02,Beilschmiedia,12.2,A
365.93,382.41,Palaquium,16.1,A
457.18,118.32,Rinorea,168.8,A
160.63,275.37,Faramea,10.6,A
43.87,263.11,Garcinia,125.4,A
158.84,123.35,Dipteryx,45.7,A
83.02,76.74,Sloanea,13.4,A
10.09,173.36,Aglaia,35.0,A
233.04,57.8,Calophyllum,29.0,A
418.65,49.37,Jacaranda,,D
45.7,200.21,Nectandra,51.8,A
127.63,89.88,Calophyllum,264.4,A
398.58,19.43,Drypetes,23.1,A
271.64,247.77,Beilschmiedia,11.7,A
159.63,372.66,Hirtella,198.0,A
297.18,15.9,Aglaia,22.7,A
40.1,211.69,Garcinia,27.4,A
4.58,331.16,Drypetes,371.1,A
185.03,225.49,Macaranga,,D
210.72,78.75,Aglaia,84.9,A
372.1,340.72,Alseis,28.6,A
537.91,105.92,Dipteryx,14.8,A
42.69,219.86,Faramea,120.8,A
231.06,183.36,Eugenia,,D
255.68,258.13,Beilschmiedia,261.6,A
103.86,225.57,Palaquium,,D
583.35,48.75,Aglaia,36.5,A
340.27,81.39,Ficus,68.0,A
416.0,41.31,Alseis,10.5,A
141.82,135.01,Beilschmiedia,34.4,A
250.91,159.29,Anacardium,39.3,A
31.34,253.24,Calophyllum,37.3,A
146.61,266.13,Swartzia,32.5,A
187.32,259.28,Aglaia,76.8,A
194.36,18.43,Dipteryx,424.5,A
109.36,198.1,Calophyllum,144.1,A
204.21,350.85,Faramea,104.0,A
570.15,73.65,Calophyllum,16.6,A
543.38,38.8,Licania,10.8,A
46.82,137.1,Alseis,32.4,A
127.27,81.62,Macaranga,105.2,A
441.1,54.89,Guarea,12.6,A
41.31,298.93,Drypetes,,D
304.88,125.44,Inga,11.4,A
372.93,39.47,Drypetes,33.5,A
156.27,222.44,Alseis,10.3,A
144.77,295.16,Knema,539.1,A
309.02,160.16,Cordia,22.5,A
212.51,34.61,Dipteryx,425.2,A
568.73,152.48,Faramea,12.7,A
417.92,62.12,Inga,19.0,A
42.32,233.65,Eugenia,17.5,A
149.94,396.56,Dipteryx,12.3,A
17.12,350.56,Quararibea,128.5,A
472.13,52.65,Calophyllum,32.4,A
196.58,199.86,Calophyllum,51.0,A
427.51,25.29,Beilschmiedia,,D
222.62,178.8,Protium,13.1,A
556.35,139.92,Tetragastris,24.7,A
444.84,173.55,Eugenia,153.7,A
314.38,195.51,Inga,25.3,A
202.84,135.06,Aglaia,152.7,A
419.33,148.74,Beilschmiedia,11.9,A
160.78,363.71,Eugenia,50.4,A
398.61,156.14,Faramea,14.6,A
204.83,339.52,Eugenia,,D
120.83,145.24,Protium,11.5,A
85.32,372.66,Beilschmiedia,10.8,A
91.92,238.9,Nectandra,10.8,A
310.53,161.15,Inga,62.6,A
92.3,318.71,Garcinia,22.9,A
353.34,19.65,Calophyllum,438.4,A
370.96,228.98,Guarea,32.9,A
245.3,369.92,Cordia,19.8,A
583.55,45.51,Licania,43.1,A
153.5,343.91,Faramea,26.6,A
124.66,212.7,Faramea,14.8,A
386.9,96.08,Alseis,25.8,A
223.2,322.78,Swartzia,37.8,A
382.21,169.45,Swartzia,,M
474.06,61.07,Eugenia,,D
155.89,198.26,Palaquium,38.6,A
374.83,63.47,Inga,188.3,A
287.9,230.4,Faramea,15.0,A
243.71,311.43,Hirtella,18.9,A
201.51,103.23,Aglaia,26.0,A
20.46,138.46,Inga,47.6,A
173.37,381.22,Dipteryx,126.5,A
135.9,319.69,Aglaia,48.6,A
99.96,220.86,Garcinia,23.8,A
208.69,239.71,Aglaia,17.5,A
199.08,17.58,Hirtella,70.5,A
283.73,238.75,Dipteryx,,D
207.36,260.27,Alseis,11.0,A
278.73,286.35,Protium,,D
155.51,166.6,Faramea,18.0,A
18.47,26.91,Licania,21.4,A
10.65,281.25,Guarea,217.5,A
429.79,11.01,Nectandra,28.0,A
92.98,214.79,Drypetes,23.1,A
32.6,379.88,Beilschmiedia,11.5,A
109.69,24.68,Eugenia,50.5,A
119.92,162.26,Licania,,D
103.39,130.98,Drypetes,35.1,A
439.39,153.14,Drypetes,16.5,A
146.17,264.66,Alseis,21.8,A
234.29,181.8,Faramea,40.9,A
27.08,146.25,Drypetes,32.5,A
129.07,113.59,Inga,17.2,A
228.06,387.72,Hirtella,32.2,A
48.83,211.83,Nectandra,,D
333.74,330.47,Dipteryx,95.0,A
203.35,302.92,Aglaia,,M
564.98,131.15,Tetragastris,,D
195.32,152.46,Swartzia,171.0,A
91.01,275.25,Alseis,127.7,A
12.49,187.34,Dipteryx,37.4,A
548.39,34.75,Faramea,11.9,A
213.05,333.88,Hirtella,19.7,A
90.0,367.75,Quararibea,23.6,A
45.39,305.35,Alseis,18.5,A
548.49,53.53,Aglaia,26.9,A
91.18,94.51,Cordia,15.2,A
280.32,377.54,Cordia,193.9,A
134.56,97.02,Cordia,81.3,A
373.22,73.03,Aglaia,,D
572.99,143.36,Tetragastris,15.5,A
235.43,134.02,Cordia,139.5,A
285.22,215.3,Inga,45.0,A
246.1,19.24,Alseis,21.7,A
249.81,84.76,Cordia,64.3,A
496.23,81.11,Beilschmiedia,49.9,A
106.16,58.18,Dipteryx,11.5,A
590.78,89.66,Alseis,46.7,A
365.83,215.45,Eugenia,19.0,A
119.09,324.83,Aglaia,20.4,A
560.32,56.22,Licania,17.3,A
352.69,73.75,Protium,12.1,A
142.95,255.9,Alseis,127.1,A
523.11,102.2,Cordia,154.2,A
242.88,169.73,Alseis,17.6,A
103.41,69.28,Calophyllum,58.9,A
228.98,375.21,Alseis,11.3,A
17.86,140.62,Aglaia,29.9,A
174.23,165.95,Palaquium,398.7,A
150.43,211.4,Faramea,13.4,A
212.82,78.64,Aglaia,86.1,A
259.88,183.34,Jacaranda,,D
326.04,205.79,Inga,38.4,A
36.99,79.73,Dipteryx,13.3,A
302.88,157.51,Cordia,16.0,A
430.56,76.24,Aglaia,54.0,A
479.89,132.04,Drypetes,13.6,A
86.79,165.56,Alseis,338.7,A
449.4,54.54,Beilschmiedia,92.4,A
421.63,113.06,Hirtella,21.3,A
243.64,367.02,Alseis,11.1,A
234.34,75.01,Eugenia,141.8,A
89.96,214.22,Dipteryx,11.6,A
211.15,257.97,Aglaia,13.4,A
42.57,269.94,Drypetes,142.5,A
67.38,168.39,Alseis,13.0,A
479.57,67.16,Drypetes,17.1,A
223.49,245.73,Jacaranda,97.3,A
413.62,199.57,Calophyllum,107.9,A
397.37,247.62,Knema,187.1,A
319.54,69.57,Aglaia,42.8,A
144.79,194.64,Cordia,90.9,A
25.55,368.14,Beilschmiedia,112.8,A
13.5,389.3,Eugenia,17.8,A
78.57,264.93,Alseis,30.5,A
417.33,185.53,Eugenia,17.4,A
171.37,306.13,Aglaia,16.6,A
360.46,334.02,Aglaia,30.2,A
20.68,78.85,Beilschmiedia,14.5,A
218.1,333.6,Aglaia,53.5,A
453.58,104.97,Guarea,14.9,A
11.5,268.03,Knema,10.2,A
167.04,154.08,Gustavia,50.2,A
345.49,31.21,Alseis,,M
360.45,341.38,Licania,111.7,A
117.23,322.79,Jacaranda,11.0,A
272.92,330.57,Aglaia,17.0,A
579.54,147.5,Jacaranda,,D
60.1,175.31,Jacaranda,328.5,A
455.2,174.78,Eugenia,24.3,A
259.07,249.9,Beilschmiedia,65.6,A
478.01,171.65,Nectandra,16.9,A
458.49,183.53,Drypetes,23.0,A
332.3,213.14,Calophyllum,41.0,A
589.28,131.44,Tetragastris,,D
135.21,338.36,Cordia,19.2,A
193.74,242.55,Dipteryx,,D
56.22,204.41,Garcinia,28.3,A
166.05,17.75,Dipteryx,19.4,A
227.07,398.64,Cupania,25.2,A
359.3,52.13,Aglaia,19.4,A
62.83,294.92,Aglaia,13.7,A
93.59,82.88,Jacaranda,261.6,A
226.46,322.5,Aglaia,21.5,A
218.62,278.44,Jacaranda,14.4,A
229.34,59.56,Dipteryx,25.6,A
64.4,314.18,Aglaia,22.1,A
278.81,231.34,Nectandra,32.5,A
122.38,24.3,Cordia,25.5,A
233.05,368.44,Eugenia,108.2,A
322.36,303.84,Cordia,14.3,A
69.58,157.46,Calophyllum,11.8,A
242.7,334.33,Beilschmiedia,12.0,A
242.49,327.98,Eugenia,21.4,A
227.89,145.39,Calophyllum,26.2,A
28.3,90.79,Macaranga,13.6,A
69.42,334.99,Aglaia,19.9,A
547.21,57.75,Faramea,427.7,A
165.55,250.43,Drypetes,15.6,A
142.27,393.17,Aglaia,22.5,A
98.66,251.36,Guarea,14.2,A
394.72,245.64,Calophyllum,,D
194.14,68.23,Sloanea,30.1,A
187.81,175.03,Calophyllum,65.0,A
93.42,389.02,Beilschmiedia,59.5,A
7.32,377.99,Eugenia,39.6,A
387.41,282.92,Cordia,13.6,A
434.39,187.64,Hirtella,12.3,A
198.63,176.63,Dipteryx,15.8,A
347.23,349.94,Eugenia,121.5,A
161.95,49.4,Hirtella,16.1,A
406.29,39.57,Eugenia,67.0,A
188.16,34.49,Faramea,12.1,A
224.55,245.87,Beilschmiedia,65.8,A
537.57,193.18,Alseis,53.7,A
419.46,197.38,Aglaia,56.1,A
576.31,107.41,Guarea,14.5,A
380.3,309.74,Aglaia,34.8,A
22.14,250.8,Faramea,16.8,A
208.01,331.45,Dipteryx,113.0,A
161.03,341.07,Knema,23.5,A
569.48,147.43,Hirtella,10.2,A
187.66,180.43,Aglaia,16.3,A
106.71,59.71,Hirtella,29.9,A
158.08,27.29,Calophyllum,12.4,A
124.65,70.63,Aglaia,49.1,A
575.72,101.52,Beilschmiedia,43.1,A
170.59,290.0,Cordia,15.4,A
18.05,301.99,Drypetes,135.4,A
423.83,54.51,Calophyllum,17.8,A
70.26,216.99,Dipteryx,17.5,A
370.55,340.15,Alseis,105.1,A
482.86,36.37,Licania,,D
483.26,94.08,Beilschmiedia,51.0,A
192.57,204.28,Guarea,10.2,A
179.94,273.27,Hirtella,15.6,A
476.34,17.17,Ocotea,32.9,A
278.64,208.94,Eugenia,,D
211.31,209.17,Drypetes,10.8,A
106.6,290.56,Quararibea,200.1,A
378.09,55.59,Hirtella,22.3,A
236.26,255.33,Cordia,13.1,A
551.96,93.12,Beilschmiedia,25.2,A
379.08,308.19,Aglaia,83.6,A
166.05,326.48,Faramea,11.1,A
207.31,124.28,Aglaia,10.8,A
524.77,82.5,Knema,315.4,A
140.02,148.56,Macaranga,110.7,A
158.46,339.1,Drypetes,372.0,A
59.69,126.55,Drypetes,167.6,A
249.03,289.34,Aglaia,24.0,A
542.73,34.22,Licania,15.3,A
324.12,328.14,Cordia,18.3,A
514.62,61.73,Drypetes,38.7,A
236.27,177.5,Cordia,49.2,A
36.88,347.78,Calophyllum,31.6,A
123.35,279.69,Cordia,12.2,A
307.3,164.22,Inga,21.7,A
95.78,178.8,Cordia,34.2,A
141.26,155.23,Alseis,30.8,A
56.8,280.49,Swartzia,101.3,A
268.71,252.25,Beilschmiedia,,D
288.47,315.15,Aglaia,18.6,A
53.09,118.03,Dipteryx,27.6,A
208.05,338.75,Aglaia,49.9,A
369.3,332.47,Dipteryx,86.2,A
265.47,327.18,Cordia,18.9,A
201.0,259.45,Aglaia,134.7,A
169.57,354.54,Eugenia,14.9,A
24.78,103.18,Drypetes,13.2,A
449.65,136.5,Guarea,11.7,A
316.83,337.11,Trichilia,68.0,A
177.58,59.49,Dipteryx,43.6,A
96.07,298.15,Aglaia,94.6,A
24.14,22.72,Licania,182.5,A
201.16,128.23,Alseis,21.5,A
204.4,171.23,Licania,83.7,A
459.05,12.32,Beilschmiedia,13.4,A
23.69,291.48,Drypetes,13.9,A
277.33,305.29,Macaranga,223.9,A
177.49,140.98,Aglaia,34.5,A
67.4,212.91,Aglaia,12.7,A
371.35,224.6,Hirtella,12.4,A
305.54,204.54,Ocotea,53.7,A
435.68,184.28,Aglaia,27.8,A
232.74,273.67,Hirtella,16.0,A
171.11,131.63,Aglaia,15.9,A
435.0,188.34,Calophyllum,14.1,A
5.11,25.37,Licania,121.7,A
538.18,24.37,Licania,10.0,A
37.46,175.19,Aglaia,10.4,A
136.91,124.51,Jacaranda,212.3,A
417.67,115.02,Alseis,171.4,A
266.28,243.07,Beilschmiedia,17.6,A
338.94,173.75,Protium,13.6,A
102.76,381.4,Garcinia,240.9,A
324.01,20.4,Aglaia,,M
64.47,166.77,Hirtella,,D
343.9,106.8,Cecropia,106.6,A
177.49,175.54,Guarea,23.2,A
453.2,71.8,Xylopia,,D
97.62,167.7,Gustavia,10.8,A
464.2,177.72,Eugenia,40.5,A
242.41,23.88,Alseis,158.9,A
363.77,51.62,Drypetes,111.9,A
365.03,97.29,Aglaia,28.0,A
242.6,146.94,Calophyllum,11.5,A
113.2,230.95,Aglaia,11.8,A
12.49,141.61,Inga,12.0,A
142.08,130.08,Beilschmiedia,85.1,A
147.0,309.82,Drypetes,12.0,A
106.68,214.5,Palaquium,70.4,A
32.18,9.32,Licania,12.7,A
587.62,9.71,Faramea,34.1,A
429.41,56.32,Inga,14.1,A
214.89,0.45,Calophyllum,29.9,A
432.3,73.28,Eugenia,14.0,A
153.54,126.45,Protium,10.1,A
66.75,57.32,Alseis,50.1,A
407.67,22.23,Dipteryx,25.9,A
593.67,74.75,Knema,23.5,A
167.68,360.31,Ocotea,80.5,A
244.21,186.9,Rinorea,38.0,A
421.48,59.35,Aglaia,,D
287.63,5.06,Beilschmiedia,143.9,A
424.93,84.29,Guarea,,D
111.82,309.63,Dipteryx,18.3,A
167.08,137.5,Beilschmiedia,59.6,A
312.2,194.81,Macaranga,23.5,A
157.41,133.15,Beilschmiedia,,D
217.8,261.06,Beilschmiedia,10.1,A
139.6,248.33,Knema,15.6,A
536.46,38.55,Guarea,32.6,A
103.57,85.85,Inga,13.1,A
42.36,225.95,Garcinia,,D
507.74,25.36,Drypetes,,D
274.75,19.84,Aglaia,17.8,A
108.17,311.48,Drypetes,12.3,A
83.97,267.78,Knema,14.0,A
207.55,349.64,Aglaia,18.7,A
64.4,222.91,Alseis,,D
197.15,192.4,Aglaia,48.4,A
125.44,252.63,Palaquium,17.8,A
146.65,299.56,Aglaia,10.6,A
135.09,97.18,Garcinia,16.8,A
428.41,14.43,Inga,19.6,A
351.81,37.34,Calophyllum,51.0,A
226.74,271.16,Hirtella,66.5,A
423.61,53.37,Inga,124.5,A
212.2,183.45,Aglaia,30.2,A
69.43,321.18,Dipteryx,13.5,A
83.71,348.39,Aglaia,,D
137.74,135.4,Beilschmiedia,175.3,A
380.09,241.61,Beilschmiedia,27.0,A
509.9,65.25,Licania,60.0,A
485.55,162.82,Beilschmiedia,37.3,A
26.44,192.43,Aglaia,22.7,A
344.38,34.25,Calophyllum,309.9,A
163.29,189.4,Cordia,44.5,A
100.83,29.21,Eugenia,38.5,A
207.79,219.17,Aglaia,28.8,A
176.47,209.03,Faramea,12.0,A
59.69,341.87,Cordia,119.4,A
205.96,391.74,Hirtella,26.8,A
222.34,299.13,Aglaia,,M
117.72,265.01,Calophyllum,,D
498.32,134.99,Beilschmiedia,94.1,A
310.19,102.77,Knema,15.7,A
54.17,383.77,Guarea,110.5,A
309.94,141.19,Ocotea,12.4,A
416.7,103.77,Aglaia,,D
346.15,83.42,Dipteryx,17.1,A
94.95,309.57,Hirtella,125.4,A
291.57,245.49,Dipteryx,,M
99.69,113.79,Drypetes,13.4,A
213.14,262.72,Aglaia,99.8,A
488.41,90.12,Jacaranda,12.3,A
313.83,153.94,Inga,16.2,A
369.63,133.66,Calophyllum,415.9,A
494.79,86.57,Beilschmiedia,16.8,A
41.8,232.9,Dipteryx,44.0,A
24.9,269.18,Faramea,25.1,A
377.53,62.17,Inga,30.9,A
498.16,22.29,Drypetes,36.7,A
557.05,71.72,Swartzia,100.3,A
240.51,268.51,Aglaia,17.7,A
341.94,157.44,Calophyllum,35.5,A
331.71,38.39,Xylopia,10.1,A
317.75,33.02,Cordia,12.9,A
560.3,76.58,Aglaia,147.6,A
532.36,143.96,Tetragastris,76.8,A
41.71,362.82,Beilschmiedia,10.3,A
131.98,105.73,Inga,27.2,A
85.78,147.07,Alseis,253.0,A
324.95,157.74,Faramea,40.9,A
599.77,46.2,Guarea,12.4,A
573.11,94.41,Beilschmiedia,12.3,A
547.72,101.48,Beilschmiedia,62.9,A
166.14,157.05,Aglaia,61.9,A
224.55,329.99,Calophyllum,79.0,A
183.19,344.81,Eugenia,18.4,A
157.94,143.05,Calophyllum,11.6,A
196.67,208.48,Calophyllum,75.9,A
343.81,71.53,Aglaia,11.6,A
205.88,200.67,Cordia,34.5,A
245.8,333.05,Aglaia,35.5,A
112.61,135.91,Knema,29.7,A
201.89,50.58,Cordia,10.6,A
297.38,34.0,Aglaia,,D
230.83,218.45,Eugenia,,D
109.71,28.95,Alseis,39.6,A
482.45,98.02,Cordia,14.6,A
193.72,284.28,Cordia,47.0,A
11.09,277.82,Faramea,37.5,A
64.03,141.11,Calophyllum,66.4,A
284.15,364.33,Dipteryx,12.4,A
168.63,308.88,Alseis,53.1,A
113.54,184.02,Aglaia,16.5,A
380.17,202.0,Calophyllum,110.7,A
138.24,258.72,Cordia,83.1,A
377.04,363.79,Tetragastris,71.6,A
81.79,239.58,Garcinia,30.5,A
245.19,353.9,Alseis,55.8,A
345.71,214.2,Faramea,613.0,A
232.15,51.12,Faramea,276.7,A
468.63,173.55,Beilschmiedia,15.6,A
25.44,178.65,Nectandra,,D
0.67,68.06,Licania,688.7,A
124.75,143.21,Cordia,79.8,A
307.95,167.59,Jacaranda,385.2,A
131.12,65.01,Macaranga,10.4,A
509.37,47.09,Faramea,80.5,A
92.87,110.36,Inga,,D
181.16,138.44,Palaquium,34.2,A
362.47,260.55,Guarea,,D
146.05,252.08,Alseis,13.0,A
127.39,91.83,Garcinia,142.7,A
563.97,108.22,Aglaia,16.8,A
72.93,152.61,Drypetes,13.0,A
320.37,120.98,Beilschmiedia,32.7,A
453.31,22.85,Licania,10.2,A
401.04,34.31,Drypetes,37.0,A
430.18,8.5,Beilschmiedia,11.4,A
523.04,2.09,Faramea,11.1,A
584.5,108.14,Alseis,176.2,A
101.43,241.18,Garcinia,21.9,A
541.16,158.89,Beilschmiedia,165.8,A
87.74,124.36,Calophyllum,158.8,A
149.66,252.21,Alseis,13.0,A
349.75,73.01,Cordia,81.8,A
43.0,96.89,Eugenia,29.4,A
228.45,42.19,Dipteryx,159.7,A
317.39,328.44,Licania,11.8,A
24.22,227.78,Guarea,281.9,A
205.54,90.36,Aglaia,,D
582.91,146.92,Faramea,17.4,A
18.43,287.89,Calophyllum,18.0,A
468.69,53.09,Eugenia,18.2,A
389.71,210.84,Dipteryx,,M
195.31,109.8,Sloanea,17.1,A
242.74,183.82,Sloanea,16.5,A
87.53,227.14,Knema,27.9,A
354.73,176.2,Swartzia,37.3,A
44.39,331.86,Garcinia,16.5,A
350.68,113.54,Cecropia,18.3,A
536.39,195.27,Alseis,10.0,A
592.83,84.12,Aglaia,114.0,A
273.68,152.1,Ocotea,13.8,A
237.79,23.08,Alseis,572.4,A
211.94,3.86,Macaranga,48.1,A
266.39,197.6,Calophyllum,14.5,A
23.61,77.0,Xylopia,66.8,A
328.38,59.37,Calophyllum,320.0,A
31.55,166.75,Alseis,,D
328.32,316.37,Cordia,23.1,A
233.09,185.45,Rinorea,40.3,A
539.5,96.46,Aglaia,27.9,A
92.66,111.1,Inga,28.1,A
508.73,24.95,Drypetes,46.8,A
44.22,343.14,Knema,13.5,A
379.64,38.99,Inga,15.9,A
295.37,39.63,Eugenia,29.9,A
16.76,126.63,Aglaia,51.7,A
364.02,223.05,Alseis,152.0,A
167.61,30.0,Alseis,15.6,A
203.16,250.03,Aglaia,25.9,A
466.4,53.21,Eugenia,37.7,A
154.02,235.87,Aglaia,,M
584.3,81.12,Beilschmiedia,21.0,A
289.88,167.28,Beilschmiedia,26.4,A
339.97,94.77,Cecropia,10.3,A
120.16,234.49,Palaquium,15.2,A
64.05,346.26,Quararibea,13.4,A
127.2,183.16,Quararibea,11.8,A
60.97,261.43,Cordia,13.5,A
221.83,271.33,Aglaia,12.3,A
131.19,130.33,Beilschmiedia,18.7,A
85.77,79.35,Inga,72.9,A
255.49,291.89,Garcinia,23.0,A
225.68,74.64,Hirtella,106.0,A
267.48,39.66,Guarea,10.2,A
309.96,205.1,Inga,57.9,A
337.16,211.58,Faramea,10.4,A
508.42,133.27,Drypetes,30.5,A
295.26,376.81,Cupania,51.2,A
375.39,1.78,Calophyllum,,D
33.95,133.86,Garcinia,,D
154.51,299.42,Knema,87.6,A
58.83,327.95,Garcinia,11.2,A
595.69,184.25,Faramea,15.6,A
375.58,97.44,Alseis,37.8,A
506.35,74.04,Guarea,368.6,A
380.98,239.14,Garcinia,18.6,A
175.93,2.42,Calophyllum,49.3,A
283.77,215.67,Guarea,,D
244.84,124.11,Beilschmiedia,16.8,A
364.21,166.26,Eugenia,16.6,A
580.48,63.73,Licania,28.1,A
26.58,307.42,Calophyllum,338.0,A
536.82,99.65,Aglaia,11.7,A
390.85,154.82,Faramea,77.0,A
390.25,355.9,Jacaranda,25.6,A
126.66,322.76,Aglaia,119.2,A
78.01,28.04,Licania,44.2,A
155.72,147.38,Alseis,16.4,A
416.97,24.86,Beilschmiedia,27.1,A
225.53,72.64,Garcinia,42.8,A
469.89,56.86,Eugenia,34.9,A
428.49,71.06,Inga,10.1,A
368.61,82.39,Drypetes,130.4,A
345.36,375.84,Alseis,,D
195.22,338.94,Hirtella,51.1,A
106.28,90.49,Shorea,71.1,A
186.03,248.68,Dipteryx,10.2,A
101.78,20.3,Rinorea,22.5,A
152.24,226.32,Aglaia,109.5,A
483.72,126.29,Macaranga,81.0,A
161.81,347.77,Guarea,23.7,A
314.16,292.64,Aglaia,,D
279.01,200.33,Inga,34.4,A
535.05,3.47,Faramea,15.1,A
175.17,155.98,Aglaia,25.7,A
128.9,149.89,Dipteryx,140.6,A
234.43,387.77,Cordia,12.3,A
208.13,394.34,Trichilia,14.0,A
444.27,172.35,Dipteryx,,D
176.68,196.8,Drypetes,11.6,A
65.16,219.93,Alseis,281.2,A
421.35,70.69,Inga,10.3,A
340.7,51.93,Aglaia,39.9,A
423.36,175.93,Shorea,13.9,A
3.98,319.24,Faramea,52.4,A
584.96,12.74,Faramea,17.1,A
563.85,42.37,Faramea,14.5,A
569.3,105.12,Dipteryx,229.9,A
358.35,370.27,Palaquium,27.5,A
240.05,24.59,Alseis,20.1,A
77.14,348.26,Aglaia,33.0,A
305.16,9.73,Aglaia,,D
76.2,376.8,Quararibea,221.6,A
66.43,273.17,Cordia,23.5,A
19.17,359.19,Drypetes,10.0,A
372.09,334.34,Licania,48.2,A
221.29,71.81,Guarea,54.7,A
311.83,318.48,Cordia,,D
252.37,252.71,Beilschmiedia,14.1,A
257.81,298.77,Aglaia,122.8,A
352.74,357.85,Alseis,20.9,A
283.15,38.61,Aglaia,92.3,A
453.17,173.56,Cordia,11.6,A
257.67,3.08,Calophyllum,17.7,A
221.66,352.25,Aglaia,16.7,A
509.11,11.22,Knema,12.2,A
494.78,107.1,Hirtella,14.6,A
46.22,121.0,Alseis,15.5,A
243.34,316.03,Dipteryx,33.5,A
500.69,19.68,Calophyllum,137.3,A
206.19,244.7,Calophyllum,182.4,A
140.9,128.85,Gustavia,23.0,A
185.94,19.66,Cordia,36.9,A
284.35,44.52,Aglaia,16.5,A
50.17,270.22,Calophyllum,15.6,A
76.34,228.56,Aglaia,126.4,A
416.03,188.29,Eugenia,,D
318.03,124.3,Faramea,112.9,A
115.14,280.78,Brosimum,17.8,A
204.84,44.52,Alseis,20.1,A
8.81,140.88,Garcinia,78.7,A
147.38,228.01,Cordia,17.8,A
209.89,329.43,Dipteryx,37.1,A
61.9,306.66,Garcinia,28.9,A
18.97,348.42,Hirtella,63.2,A
142.5,247.2,Calophyllum,60.1,A
430.4,44.62,Eugenia,15.8,A
230.59,331.59,Aglaia,44.4,A
123.3,187.56,Aglaia,13.1,A
472.52,50.0,Eugenia,14.2,A
539.47,156.96,Beilschmiedia,28.1,A
569.33,93.13,Knema,,M
103.68,69.59,Calophyllum,,M
304.09,9.64,Aglaia,21.5,A
398.68,47.11,Swartzia,,D
519.19,90.92,Drypetes,24.9,A
326.65,261.62,Macaranga,31.4,A
33.82,376.74,Diospyros,52.3,A
194.4,10.15,Knema,50.2,A
458.35,57.1,Beilschmiedia,16.9,A
165.74,330.7,Aglaia,158.0,A
248.85,163.64,Alseis,131.5,A
437.67,64.52,Beilschmiedia,,D
239.89,244.74,Dipteryx,63.3,A
71.3,85.9,Inga,12.4,A
164.82,10.02,Ocotea,25.9,A
129.91,232.57,Palaquium,12.0,A
244.0,8.23,Faramea,87.3,A
234.62,319.86,Dipteryx,37.7,A
8.25,206.42,Alseis,25.5,A
264.7,289.31,Guarea,36.5,A
76.37,330.47,Garcinia,11.7,A
45.51,255.08,Drypetes,301.8,A
14.12,157.1,Garcinia,117.2,A
97.08,19.46,Rinorea,,D
585.48,40.73,Alseis,103.9,A
59.88,356.76,Guarea,46.6,A
84.63,313.03,Calophyllum,544.8,A
399.16,200.36,Dipteryx,12.4,A
105.35,193.08,Cordia,12.7,A
555.49,104.53,Aglaia,20.6,A
7.11,7.43,Guarea,15.9,A
172.33,177.8,Cordia,82.0,A
406.51,64.21,Inga,10.4,A
259.61,301.43,Cordia,,D
181.46,189.69,Jacaranda,,D
46.32,203.22,Aglaia,11.2,A
224.43,66.14,Eugenia,88.6,A
61.79,126.46,Dipteryx,31.5,A
364.87,228.24,Alseis,17.3,A
499.34,13.87,Knema,34.1,A
425.52,127.93,Hirtella,11.4,A
254.98,214.98,Garcinia,22.6,A
69.61,127.01,Cordia,,M
377.23,110.78,Alseis,15.1,A
242.9,320.04,Beilschmiedia,82.0,A
50.89,90.35,Drypetes,133.2,A
106.38,288.62,Sloanea,26.7,A
520.59,165.34,Knema,18.8,A
56.25,127.29,Drypetes,42.9,A
175.82,142.31,Calophyllum,43.6,A
358.29,219.33,Faramea,12.2,A
89.42,216.36,Faramea,652.5,A
390.11,359.73,Alseis,20.9,A
513.5,40.53,Faramea,102.6,A
10.38,235.72,Protium,11.1,A
331.61,39.15,Xylopia,,D
354.71,278.69,Licania,90.8,A
263.42,339.55,Dipteryx,12.7,A
168.76,213.83,Alseis,13.9,A
302.02,55.5,Calophyllum,26.1,A
352.64,350.6,Tetragastris,12.1,A
166.3,120.02,Quararibea,14.2,A
42.85,374.35,Cordia,128.3,A
424.27,144.05,Beilschmiedia,16.5,A
303.59,135.45,Inga,32.1,A
429.68,12.44,Swartzia,12.7,A
320.96,131.16,Aglaia,33.8,A
174.12,32.63,Shorea,28.2,A
135.67,81.2,Shorea,16.1,A
485.62,127.93,Beilschmiedia,12.8,A
306.55,148.08,Inga,36.6,A
162.33,190.75,Palaquium,10.8,A
147.55,211.33,Swartzia,226.7,A
556.98,45.06,Licania,17.5,A
497.53,6.48,Drypetes,10.6,A
148.34,132.33,Dipteryx,72.3,A
400.98,86.77,Garcinia,12.4,A
229.53,87.57,Knema,54.8,A
403.14,117.93,Macaranga,,D
207.68,83.58,Alseis,41.6,A
394.57,41.93,Inga,,M
263.59,332.16,Calophyllum,584.1,A
43.37,109.27,Inga,20.8,A
90.44,283.51,Cordia,24.2,A
457.29,173.84,Drypetes,66.5,A
263.01,247.25,Beilschmiedia,43.8,A
243.39,73.25,Cordia,23.0,A
473.69,119.22,Cordia,,D
159.68,234.78,Cordia,68.9,A
208.78,260.99,Aglaia,18.0,A
20.36,82.27,Beilschmiedia,11.0,A
391.83,201.27,Calophyllum,,D
139.47,389.89,Aglaia,,D
185.49,6.56,Alseis,40.8,A
39.6,307.51,Alseis,236.0,A
93.02,278.29,Swartzia,123.6,A
295.0,269.27,Dipteryx,14.7,A
164.21,234.72,Drypetes,29.8,A
46.54,363.05,Beilschmiedia,12.7,A
162.16,221.4,Aglaia,18.4,A
43.58,189.55,Macaranga,70.0,A
202.91,134.43,Gustavia,47.0,A
366.32,220.08,Faramea,534.0,A
150.2,70.35,Cordia,68.1,A
212.09,257.51,Faramea,62.1,A
76.34,117.05,Palaquium,174.9,A
177.83,373.81,Cupania,10.5,A
16.66,64.14,Dipteryx,50.7,A
253.27,293.22,Aglaia,25.5,A
169.42,154.29,Calophyllum,15.8,A
188.07,347.57,Aglaia,64.1,A
362.93,338.62,Alseis,40.5,A
257.0,184.12,Dipteryx,192.3,A
46.02,231.33,Cordia,38.6,A
339.85,28.46,Alseis,172.2,A
424.83,173.87,Aglaia,88.3,A
126.68,227.96,Aglaia,29.4,A
175.98,309.44,Dipteryx,235.1,A
103.77,261.88,Alseis,,D
156.62,356.5,Eugenia,,D
191.47,358.0,Aglaia,25.4,A
531.13,179.95,Beilschmiedia,143.0,A
355.13,220.87,Shorea,24.0,A
200.54,29.46,Shorea,60.5,A
43.43,232.45,Eugenia,37.6,A
412.43,60.15,Inga,39.6,A
82.01,318.06,Calophyllum,65.9,A
405.8,151.56,Calophyllum,501.5,A
50.76,238.02,Faramea,48.6,A
85.23,55.9,Alseis,307.6,A
52.38,240.53,Garcinia,102.0,A
382.03,224.14,Eugenia,11.8,A
50.87,105.45,Dipteryx,18.0,A
376.86,272.49,Guarea,14.4,A
184.67,356.59,Calophyllum,45.2,A
325.73,100.8,Beilschmiedia,15.7,A
186.04,346.47,Faramea,26.4,A
66.64,377.73,Beilschmiedia,48.0,A
440.2,83.22,Eugenia,23.2,A
140.6,141.18,Aglaia,49.5,A
109.43,42.7,Eugenia,12.0,A
491.63,93.41,Jacaranda,13.0,A
238.32,342.11,Aglaia,42.2,A
557.19,105.59,Aglaia,15.2,A
124.75,66.69,Protium,14.2,A
73.96,273.54,Sloanea,37.1,A
303.89,0.14,Garcinia,27.4,A
396.72,382.72,Cordia,,D
155.18,378.39,Cordia,175.4,A
410.88,94.04,Garcinia,259.0,A
100.77,255.42,Calophyllum,18.2,A
31.25,362.93,Hirtella,70.7,A
34.3,281.47,Faramea,366.1,A
235.42,21.68,Alseis,,D
489.64,7.21,Cordia,,D
541.21,146.43,Tetragastris,27.2,A
126.09,242.38,Cordia,42.5,A
127.76,230.16,Palaquium,18.1,A
342.99,359.33,Ocotea,112.5,A
259.3,25.74,Alseis,14.4,A
488.74,137.68,Rinorea,14.8,A
177.83,46.14,Protium,,D
496.9,6.28,Drypetes,25.2,A
25.07,273.78,Cordia,23.6,A
486.68,73.0,Drypetes,79.1,A
389.49,225.24,Eugenia,,M
17.58,97.77,Alseis,44.1,A
398.06,224.29,Eugenia,22.2,A
130.83,57.91,Alseis,17.2,A
460.22,23.04,Eugenia,11.0,A
23.53,380.03,Cordia,76.4,A
134.21,229.67,Ocotea,18.9,A
129.91,102.8,Inga,35.6,A
38.11,50.9,Cordia,23.2,A
205.89,212.7,Garcinia,14.6,A
434.76,92.54,Hura,67.8,A
86.85,359.37,Beilschmiedia,11.8,A
316.12,126.8,Inga,,D
378.92,108.02,Protium,21.5,A
316.48,164.45,Inga,20.4,A
201.21,214.54,Aglaia,,D
132.14,188.96,Quararibea,460.6,A
103.04,97.02,Dipteryx,12.6,A
10.88,230.51,Nectandra,15.7,A
269.32,163.38,Jacaranda,23.0,A
213.75,25.29,Calophyllum,43.4,A
201.08,274.73,Alseis,43.4,A
209.08,181.8,Calophyllum,146.4,A
520.97,85.08,Faramea,181.0,A
496.66,25.88,Eugenia,83.9,A
420.25,91.99,Macaranga,250.1,A
122.21,117.57,Calophyllum,18.1,A
278.33,16.61,Beilschmiedia,29.4,A
18.09,123.29,Dipteryx,31.4,A
579.33,92.6,Aglaia,11.3,A
347.9,66.02,Ocotea,23.0,A
152.89,96.25,Calophyllum,10.7,A
113.48,148.9,Xylopia,17.6,A
518.97,128.58,Aglaia,32.8,A
313.54,141.33,Macaranga,224.8,A
256.22,9.13,Ocotea,15.5,A
376.95,212.83,Alseis,38.5,A
247.74,130.3,Beilschmiedia,40.0,A
407.7,26.59,Inga,74.9,A
429.97,80.56,Eugenia,23.6,A
234.29,281.6,Aglaia,11.5,A
208.36,306.6,Faramea,204.7,A
569.4,86.08,Beilschmiedia,74.4,A
206.56,293.11,Faramea,98.4,A
149.06,51.3,Jacaranda,47.9,A
399.1,86.13,Garcinia,74.8,A
227.05,22.13,Calophyllum,84.0,A
92.34,262.87,Alseis,28.2,A
155.84,365.2,Aglaia,142.1,A
323.22,36.12,Aglaia,112.2,A
35.19,92.35,Drypetes,15.0,A
134.74,370.17,Cordia,11.1,A
213.82,259.79,Aglaia,12.1,A
104.37,102.35,Palaquium,22.2,A
389.61,25.23,Calophyllum,28.5,A
94.79,234.7,Aglaia,30.2,A
319.54,92.11,Knema,28.2,A
367.18,150.29,Eugenia,17.4,A
305.86,165.48,Knema,113.4,A
490.17,6.83,Cordia,,D
458.69,115.42,Swartzia,,D
177.63,203.18,Alseis,31.3,A
22.28,209.6,Garcinia,42.8,A
414.85,82.02,Aglaia,52.3,A
96.56,258.27,Garcinia,133.8,A
185.26,117.52,Alseis,110.8,A
532.35,177.3,Beilschmiedia,16.2,A
356.89,90.25,Knema,91.1,A
358.24,236.32,Eugenia,111.8,A
239.4,252.42,Garcinia,,D
120.75,281.38,Knema,311.7,A
356.34,97.79,Dipteryx,29.3,A
218.79,201.07,Eugenia,,D
44.36,372.96,Beilschmiedia,22.0,A
256.14,195.4,Garcinia,21.0,A
195.33,309.8,Eugenia,44.7,A
407.73,23.4,Inga,14.0,A
23.96,245.97,Faramea,37.6,A
308.58,379.76,Cupania,23.3,A
579.31,77.08,Eugenia,106.5,A
146.75,142.96,Cordia,19.9,A
83.18,200.11,Cordia,74.3,A
341.99,93.23,Dipteryx,318.5,A
339.44,75.53,Aglaia,13.4,A
6.44,26.53,Dipteryx,12.4,A
360.65,243.66,Cecropia,17.8,A
488.02,138.05,Beilschmiedia,11.9,A
164.17,390.79,Cupania,172.2,A
75.47,50.85,Licania,22.6,A
206.43,237.72,Aglaia,130.6,A
245.41,333.85,Beilschmiedia,32.5,A
341.7,240.22,Faramea,89.6,A
330.52,9.54,Dipteryx,297.5,A
178.08,218.36,Jacaranda,10.5,A
76.24,301.37,Diospyros,55.0,A
183.35,255.22,Cordia,44.9,A
31.43,136.86,Virola,342.2,A
516.79,144.08,Dipteryx,238.6,A
215.48,229.08,Garcinia,,D
412.75,87.5,Aglaia,20.2,A
215.82,252.13,Beilschmiedia,40.1,A
385.34,306.72,Licania,121.0,A
54.83,299.63,Knema,28.1,A
398.05,41.32,Drypetes,11.1,A
490.38,21.0,Eugenia,10.2,A
159.44,239.7,Drypetes,11.5,A
374.42,89.66,Alseis,31.2,A
530.39,87.62,Knema,33.4,A
94.8,33.74,Dipteryx,223.7,A
185.97,167.95,Cordia,29.9,A
425.16,156.49,Cordia,15.2,A
7.96,310.98,Drypetes,23.7,A
371.82,134.33,Eugenia,157.4,A
164.06,338.07,Eugenia,30.1,A
129.48,255.44,Cordia,10.9,A
263.05,317.71,Aglaia,,D
308.6,99.72,Beilschmiedia,86.1,A
107.56,295.27,Drypetes,,D
213.08,236.71,Guarea,13.0,A
37.3,226.0,Garcinia,12.8,A
85.07,159.68,Sloanea,17.3,A
188.58,41.27,Protium,18.3,A
205.16,338.89,Cordia,,D
67.39,299.97,Beilschmiedia,25.9,A
482.24,98.73,Dipteryx,13.0,A
416.7,95.29,Calophyllum,12.4,A
183.66,317.08,Sloanea,84.1,A
102.56,166.52,Alseis,14.8,A
19.76,139.14,Drypetes,152.0,A
290.63,170.36,Beilschmiedia,50.2,A
20.8,195.46,Knema,13.8,A
6.33,238.09,Dipteryx,108.2,A
186.04,183.62,Alseis,77.2,A
189.11,73.01,Hirtella,,D
183.17,342.07,Rinorea,78.0,A
80.22,349.29,Cordia,16.4,A
282.97,332.89,Dipteryx,43.2,A
183.38,362.63,Jacaranda,17.2,A
377.98,132.14,Hirtella,10.6,A
514.68,150.42,Aglaia,12.6,A
415.48,44.0,Inga,12.4,A
215.87,258.23,Drypetes,15.1,A
132.41,184.84,Dipteryx,313.7,A
271.31,224.18,Beilschmiedia,18.6,A
507.94,153.45,Aglaia,11.0,A
493.12,67.65,Beilschmiedia,118.1,A
220.05,254.92,Beilschmiedia,178.8,A
226.47,83.2,Alseis,23.5,A
338.16,83.57,Cordia,15.4,A
45.41,324.85,Aglaia,10.7,A
117.29,208.94,Cordia,45.9,A
178.28,203.96,Aglaia,36.5,A
392.13,66.66,Inga,27.1,A
297.08,162.32,Beilschmiedia,29.5,A
137.88,393.25,Aglaia,20.8,A
34.79,293.42,Drypetes,22.3,A
128.97,20.58,Jacaranda,36.2,A
272.51,31.98,Faramea,57.7,A
31.59,387.53,Jacaranda,15.0,A
362.92,178.25,Faramea,21.7,A
522.07,126.36,Guarea,13.1,A
433.13,185.23,Aglaia,19.2,A
394.11,142.05,Palaquium,25.4,A
60.64,42.17,Alseis,20.0,A
246.1,178.47,Eugenia,14.3,A
283.0,185.4,Faramea,56.3,A
206.55,13.45,Protium,18.5,A
105.35,117.34,Inga,16.2,A
447.43,180.11,Guarea,10.4,A
278.11,229.08,Cordia,10.1,A
461.44,91.98,Calophyllum,38.1,A
469.3,82.66,Calophyllum,747.1,A
92.03,264.54,Macaranga,14.7,A
50.26,137.62,Virola,16.5,A
523.58,97.88,Aglaia,54.1,A
424.92,194.87,Alseis,17.8,A
304.19,258.36,Ocotea,74.1,A
272.52,175.7,Faramea,71.3,A
28.31,56.01,Hirtella,20.1,A
224.01,37.21,Anacardium,11.8,A
264.74,265.75,Aglaia,147.1,A
222.67,98.93,Garcinia,,D
9.84,255.96,Alseis,161.7,A
174.1,152.61,Aglaia,55.2,A
405.05,87.75,Garcinia,36.3,A
287.53,181.9,Faramea,186.8,A
365.04,245.1,Garcinia,87.7,A
443.66,20.85,Ocotea,,D
124.82,17.85,Alseis,14.1,A
16.69,306.1,Faramea,11.4,A
579.22,46.84,Faramea,27.2,A
273.41,259.08,Dipteryx,84.3,A
147.29,30.31,Dipteryx,116.4,A
578.62,179.87,Faramea,388.8,A
185.83,248.69,Dipteryx,,D
213.35,275.36,Alseis,11.6,A
564.66,78.04,Faramea,133.4,A
128.97,83.63,Protium,14.0,A
477.57,107.87,Jacaranda,12.9,A
188.19,142.3,Dipteryx,195.4,A
560.38,111.44,Jacaranda,20.7,A
213.3,228.38,Garcinia,,D
535.5,177.78,Beilschmiedia,18.3,A
103.54,221.71,Eugenia,18.8,A
379.73,27.62,Macaranga,31.2,A
16.7,344.35,Alseis,17.4,A
385.14,244.52,Garcinia,56.9,A
202.34,118.36,Alseis,19.8,A
161.81,364.42,Eugenia,145.9,A
363.82,202.24,Eugenia,19.5,A
251.99,156.88,Rinorea,38.5,A
236.6,272.71,Beilschmiedia,99.7,A
162.38,52.46,Guarea,74.2,A
77.5,315.18,Aglaia,17.3,A
124.98,206.89,Rinorea,10.3,A
328.64,136.89,Aglaia,,D
267.47,211.2,Cordia,46.0,A
83.66,211.73,Anacardium,17.2,A
503.13,109.16,Dipteryx,,D
170.88,264.18,Rinorea,14.5,A
328.53,132.81,Calophyllum,32.2,A
296.21,266.94,Jacaranda,18.4,A
362.81,229.83,Cordia,80.8,A
181.75,140.22,Aglaia,19.7,A
159.62,145.94,Alseis,16.5,A
299.07,296.18,Aglaia,20.7,A
45.73,6.75,Garcinia,35.4,A
127.03,149.14,Guarea,33.8,A
352.83,52.75,Drypetes,55.2,A
395.34,34.06,Drypetes,14.7,A
426.38,57.48,Beilschmiedia,12.4,A
376.62,118.32,Alseis,370.0,A
457.63,160.34,Drypetes,63.6,A
344.63,139.97,Nectandra,58.9,A
140.76,336.62,Swartzia,25.3,A
206.42,362.8,Cupania,,D
278.98,155.68,Cordia,21.7,A
153.52,327.64,Quararibea,46.3,A
550.67,127.8,Tetragastris,10.1,A
231.76,101.17,Dipteryx,198.7,A
180.92,111.95,Cordia,14.2,A
361.27,85.36,Hirtella,136.6,A
33.98,136.04,Alseis,219.6,A
153.66,350.48,Eugenia,50.8,A
187.08,287.39,Eugenia,,D
554.18,96.97,Beilschmiedia,92.9,A
321.09,361.92,Aglaia,16.3,A
19.55,200.16,Alseis,15.2,A
225.45,175.8,Dipteryx,18.2,A
357.65,41.9,Inga,11.0,A
244.29,34.4,Faramea,32.8,A
138.02,116.94,Aglaia,47.7,A
154.01,16.22,Alseis,,D
200.58,260.02,Aglaia,,D
199.68,175.56,Cordia,23.8,A
70.03,322.12,Cordia,27.7,A
196.73,178.27,Aglaia,,D
265.71,333.07,Luehea,68.7,A
388.61,180.68,Faramea,33.4,A
332.68,259.5,Eugenia,73.5,A
412.74,149.13,Palaquium,242.2,A
394.39,122.52,Ficus,15.7,A
484.98,83.87,Drypetes,12.5,A
85.05,48.38,Aglaia,30.7,A
98.85,50.6,Calophyllum,33.1,A
32.49,263.57,Faramea,109.4,A
129.47,197.68,Aglaia,17.7,A
473.86,159.14,Drypetes,22.5,A
382.58,68.68,Alseis,11.2,A
47.79,228.2,Drypetes,94.2,A
293.13,160.66,Beilschmiedia,26.1,A
536.42,177.71,Beilschmiedia,21.0,A
45.92,366.35,Beilschmiedia,111.9,A
597.61,36.39,Licania,19.5,A
60.61,160.58,Nectandra,37.3,A
470.97,105.47,Licania,33.2,A
564.48,131.48,Tetragastris,38.5,A
182.48,308.21,Faramea,46.5,A
489.28,124.98,Eugenia,,D
167.23,365.54,Alseis,66.6,A
43.2,142.38,Virola,58.2,A
251.93,160.68,Alseis,24.0,A
329.15,94.65,Cecropia,16.4,A
154.09,120.67,Cordia,10.1,A
331.49,349.77,Calophyllum,37.3,A
102.27,299.64,Drypetes,280.3,A
239.79,171.59,Alseis,16.6,A
235.61,21.77,Alseis,,D
390.28,108.39,Alseis,28.9,A
186.57,366.07,Aglaia,14.6,A
548.73,2.19,Faramea,151.1,A
374.66,215.22,Alseis,23.4,A
382.02,81.09,Aglaia,,D
289.93,370.59,Alseis,15.2,A
197.35,102.08,Garcinia,43.1,A
508.27,20.93,Drypetes,18.5,A
463.8,187.03,Eugenia,14.1,A
2.29,251.27,Calophyllum,10.1,A
121.37,22.61,Alseis,67.2,A
204.58,95.48,Aglaia,16.9,A
50.09,137.68,Cordia,45.0,A
221.39,181.52,Licania,226.7,A
37.96,319.49,Alseis,218.5,A
500.61,48.93,Calophyllum,28.1,A
272.72,201.0,Eugenia,77.9,A
552.0,50.71,Aglaia,10.5,A
93.72,256.6,Cordia,73.7,A
384.67,349.26,Aglaia,52.0,A
57.63,246.29,Faramea,58.9,A
64.78,95.98,Calophyllum,19.9,A
42.98,233.63,Drypetes,24.4,A
340.25,204.85,Jacaranda,323.6,A
111.41,49.4,Sloanea,15.3,A
200.23,365.9,Trichilia,,D
118.54,114.61,Drypetes,,D
331.6,250.23,Eugenia,12.5,A
60.86,65.58,Shorea,24.1,A
148.48,92.46,Xylopia,10.8,A
47.34,125.59,Virola,204.4,A
48.32,347.27,Garcinia,,D
350.71,47.04,Drypetes,14.5,A
321.07,238.44,Faramea,,D
206.71,195.76,Quararibea,10.0,A
42.63,297.59,Drypetes,169.1,A
37.31,233.17,Garcinia,10.9,A
218.02,44.16,Faramea,,D
75.26,208.66,Eugenia,11.5,A
315.12,32.25,Aglaia,37.2,A
115.55,215.03,Hirtella,70.7,A
385.39,77.9,Aglaia,23.0,A
486.75,94.89,Licania,11.6,A
234.28,294.51,Aglaia,47.4,A
85.74,398.81,Garcinia,14.9,A
538.43,175.29,Beilschmiedia,20.5,A
306.89,56.05,Dipteryx,24.6,A
584.98,83.02,Beilschmiedia,,D
134.11,237.56,Palaquium,48.5,A
190.22,296.01,Faramea,,D
237.89,261.4,Garcinia,,M
48.68,214.74,Eugenia,51.3,A
358.35,58.64,Drypetes,38.2,A
167.87,270.82,Rinorea,,D
80.04,209.17,Eugenia,,D
466.19,33.81,Eugenia,123.9,A
62.86,28.0,Licania,10.0,A
237.29,148.88,Alseis,17.6,A
162.08,327.47,Beilschmiedia,48.0,A
74.31,152.09,Drypetes,43.9,A
143.21,245.82,Drypetes,21.2,A
199.63,334.08,Garcinia,13.0,A
535.44,49.43,Licania,194.3,A
214.95,20.36,Protium,13.4,A
560.85,17.03,Faramea,61.4,A
256.56,18.81,Knema,79.7,A
565.65,16.24,Licania,60.8,A
584.19,134.25,Faramea,15.2,A
177.11,316.75,Drypetes,16.6,A
189.13,280.47,Cordia,19.4,A
306.03,25.99,Jacaranda,171.2,A
60.52,353.99,Aglaia,87.7,A
214.25,265.05,Beilschmiedia,15.5,A
137.2,229.65,Drypetes,120.4,A
562.9,77.79,Beilschmiedia,63.4,A
63.74,54.0,Erythroxylum,21.2,A
54.09,148.57,Calophyllum,46.0,A
377.59,370.16,Tetragastris,28.3,A
236.25,230.84,Licania,112.3,A
132.21,105.8,Inga,,D
253.78,246.19,Beilschmiedia,,D
229.72,363.39,Eugenia,44.1,A
531.33,141.58,Guarea,37.8,A
194.95,354.67,Aglaia,110.8,A
379.84,190.47,Calophyllum,41.1,A
351.52,81.81,Garcinia,20.8,A
483.03,68.59,Guarea,332.5,A
455.97,54.37,Eugenia,80.5,A
130.65,140.42,Dipteryx,28.0,A
92.74,255.16,Aglaia,24.1,A
109.42,350.4,Cordia,12.0,A
211.61,375.93,Cordia,19.7,A
46.88,155.94,Drypetes,,D
560.54,105.59,Aglaia,20.7,A
7.86,106.2,Alseis,24.8,A
517.17,14.34,Cordia,16.1,A
411.0,30.38,Calophyllum,94.1,A
493.68,179.7,Cordia,23.1,A
29.71,73.28,Drypetes,67.6,A
150.32,292.29,Brosimum,26.8,A
234.57,164.46,Alseis,48.1,A
243.45,320.16,Beilschmiedia,,D
17.48,333.86,Cordia,68.8,A
149.46,389.83,Swartzia,35.3,A
8.91,131.79,Garcinia,10.5,A
194.81,328.54,Trichilia,15.2,A
383.91,243.71,Cordia,15.1,A
174.23,205.66,Calophyllum,18.5,A
5.51,259.71,Alseis,212.8,A
172.91,107.04,Protium,43.5,A
277.8,311.39,Cordia,41.7,A
366.54,219.49,Garcinia,62.6,A
144.48,211.37,Quararibea,64.2,A
449.91,49.82,Beilschmiedia,207.8,A
254.47,224.2,Garcinia,89.5,A
358.85,118.87,Macaranga,153.8,A
189.23,139.18,Nectandra,45.2,A
95.6,101.95,Calophyllum,11.6,A
245.15,164.24,Hirtella,,D
557.94,91.32,Beilschmiedia,88.5,A
91.4,257.76,Hirtella,49.5,A
4.01,52.77,Licania,171.4,A
541.36,55.17,Alseis,122.4,A
458.25,177.77,Sloanea,44.2,A
91.79,291.46,Calophyllum,21.0,A
418.98,44.72,Dipteryx,14.4,A
454.63,14.9,Beilschmiedia,67.6,A
348.03,154.31,Dipteryx,383.9,A
391.18,32.77,Calophyllum,18.8,A
540.92,108.48,Aglaia,26.9,A
191.57,11.1,Dipteryx,11.4,A
240.71,303.25,Aglaia,34.0,A
362.22,59.08,Calophyllum,,D
282.38,199.98,Faramea,43.7,A
17.29,70.19,Protium,25.5,A
31.07,257.82,Jacaranda,25.3,A
443.13,93.8,Cordia,17.8,A
251.01,181.42,Garcinia,10.0,A
59.97,204.83,Alseis,14.2,A
37.83,84.74,Drypetes,,D
242.78,185.72,Calophyllum,908.4,A
86.95,355.85,Beilschmiedia,40.8,A
59.41,302.46,Alseis,290.5,A
170.79,11.72,Guarea,11.8,A
542.09,160.67,Knema,25.5,A
530.53,137.93,Guarea,17.2,A
35.47,172.06,Alseis,16.9,A
466.8,158.83,Jacaranda,11.5,A
435.58,81.19,Eugenia,23.3,A
359.92,208.56,Jacaranda,25.5,A
449.91,91.98,Alseis,110.2,A
445.22,108.57,Cordia,63.0,A
527.41,188.69,Alseis,50.4,A
285.85,24.15,Aglaia,124.9,A
517.27,164.17,Shorea,,M
424.06,13.48,Calophyllum,769.2,A
580.87,159.0,Dipteryx,348.4,A
222.31,133.98,Alseis,45.4,A
562.1,93.48,Dipteryx,67.0,A
171.6,332.96,Beilschmiedia,69.3,A
563.02,94.5,Beilschmiedia,15.2,A
341.91,220.19,Faramea,612.8,A
325.81,378.99,Aglaia,10.2,A
369.03,48.32,Calophyllum,283.7,A
481.55,1.44,Calophyllum,38.6,A
173.47,324.72,Calophyllum,11.1,A
416.38,183.97,Eugenia,29.8,A
564.31,82.75,Guarea,169.6,A
41.8,163.06,Aglaia,,D
337.95,376.33,Aglaia,13.8,A
39.13,138.46,Calophyllum,128.0,A
84.3,288.73,Drypetes,17.4,A
91.17,396.66,Beilschmiedia,,D
204.1,52.63,Alseis,29.0,A
259.87,13.14,Dipteryx,294.1,A
53.81,304.1,Aglaia,32.1,A
2.53,145.89,Aglaia,15.3,A
104.65,387.09,Beilschmiedia,50.5,A
460.16,179.72,Eugenia,71.7,A
401.66,82.28,Garcinia,146.6,A
66.43,261.04,Calophyllum,85.3,A
309.7,216.6,Faramea,72.1,A
53.36,53.98,Aglaia,48.2,A
233.1,190.72,Faramea,98.0,A
312.27,126.03,Calophyllum,154.0,A
59.16,59.09,Licania,11.3,A
114.24,207.34,Rinorea,44.7,A
63.39,394.94,Quararibea,21.5,A
249.37,166.23,Alseis,18.6,A
70.68,172.03,Guarea,11.4,A
500.44,76.52,Beilschmiedia,67.9,A
327.22,302.89,Calophyllum,42.0,A
234.14,42.96,Faramea,76.9,A
242.26,329.75,Cordia,41.5,A
164.72,231.94,Aglaia,21.5,A
204.16,102.84,Aglaia,73.4,A
224.17,96.83,Aglaia,34.0,A
242.23,109.84,Hirtella,18.5,A
6.37,150.0,Inga,13.2,A
163.56,136.8,Aglaia,26.1,A
323.98,136.64,Alseis,11.9,A
392.18,104.27,Alseis,,D
329.35,141.28,Alseis,75.3,A
313.45,215.36,Inga,,M
298.84,348.31,Aglaia,72.6,A
225.7,24.77,Jacaranda,25.7,A
81.55,294.87,Swartzia,65.4,A
96.4,327.32,Guarea,40.2,A
363.8,265.0,Licania,10.0,A
30.88,133.79,Inga,25.2,A
458.86,124.18,Rinorea,10.0,A
17.69,80.18,Beilschmiedia,18.2,A
240.59,282.54,Jacaranda,,D
143.58,124.56,Protium,101.5,A
339.27,387.31,Dipteryx,20.4,A
228.18,142.94,Calophyllum,11.6,A
342.2,15.17,Ocotea,12.8,A
457.75,155.19,Beilschmiedia,13.3,A
2.3,217.07,Protium,20.2,A
250.58,153.16,Calophyllum,37.7,A
382.94,66.34,Garcinia,18.0,A
48.87,154.87,Aglaia,23.3,A
97.62,244.8,Cordia,12.4,A
362.51,373.25,Calophyllum,21.4,A
23.05,269.79,Faramea,10.9,A
8.62,357.8,Beilschmiedia,14.8,A
31.74,339.65,Diospyros,15.6,A
153.64,290.63,Alseis,,D
379.79,354.73,Hirtella,23.7,A
358.44,242.99,Garcinia,18.5,A
398.74,51.58,Garcinia,143.0,A
14.38,177.56,Knema,60.8,A
51.05,130.44,Alseis,,D
410.89,80.77,Beilschmiedia,13.8,A
241.42,275.19,Alseis,34.6,A
406.97,75.42,Aglaia,29.1,A
173.26,365.0,Calophyllum,48.2,A
232.55,364.17,Trichilia,74.0,A
82.48,366.21,Beilschmiedia,23.4,A
154.23,170.43,Faramea,19.6,A
184.77,112.68,Palaquium,17.9,A
116.65,47.69,Aglaia,,D
43.32,186.81,Aglaia,22.6,A
141.61,14.3,Cordia,80.9,A
227.51,360.11,Hirtella,10.6,A
151.45,217.03,Alseis,266.1,A
114.44,127.52,Protium,132.7,A
342.13,191.31,Inga,16.1,A
299.07,3.36,Beilschmiedia,17.5,A
329.07,383.87,Beilschmiedia,27.3,A
173.07,307.86,Eugenia,75.0,A
265.77,290.95,Aglaia,93.2,A
313.51,189.28,Garcinia,67.9,A
209.63,46.03,Cordia,92.9,A
181.89,307.44,Drypetes,14.0,A
361.39,103.0,Hirtella,14.6,A
206.72,223.07,Aglaia,30.4,A
372.98,72.98,Aglaia,63.7,A
158.33,26.55,Alseis,56.7,A
154.02,130.18,Beilschmiedia,15.7,A
101.2,195.18,Guarea,11.7,A
110.23,80.92,Hirtella,47.6,A
244.55,130.61,Calophyllum,35.8,A
103.3,216.88,Aglaia,109.7,A
5.98,11.89,Licania,67.5,A
49.49,251.17,Garcinia,20.0,A
170.11,253.14,Brosimum,14.1,A
415.59,82.0,Beilschmiedia,165.4,A
222.23,178.99,Hirtella,,D
488.61,87.42,Beilschmiedia,36.4,A
380.45,74.11,Drypetes,46.0,A
115.85,140.29,Drypetes,47.8,A
153.14,171.83,Dipteryx,13.8,A
215.27,141.73,Alseis,145.5,A
356.31,56.32,Aglaia,10.5,A
335.63,367.79,Dipteryx,48.3,A
12.52,194.11,Alseis,37.7,A
177.83,22.83,Macaranga,36.4,A
155.45,271.03,Knema,336.4,A
446.48,58.94,Macaranga,17.5,A
93.29,359.61,Beilschmiedia,20.7,A
68.21,221.72,Drypetes,60.5,A
22.9,287.24,Faramea,60.2,A
42.66,162.73,Aglaia,11.6,A
65.16,293.77,Rinorea,30.6,A
24.65,88.13,Alseis,10.7,A
313.88,311.53,Alseis,10.7,A
89.73,375.58,Beilschmiedia,28.7,A
247.02,169.06,Cordia,10.7,A
149.34,375.03,Alseis,168.8,A
171.82,34.26,Nectandra,21.6,A
265.1,256.42,Dipteryx,21.3,A
85.49,75.99,Alseis,35.4,A
59.4,128.58,Virola,26.1,A
261.3,235.03,Beilschmiedia,15.1,A
566.62,64.11,Cordia,135.6,A
560.1,149.64,Tetragastris,64.5,A
171.77,202.11,Cordia,12.2,A
547.14,30.43,Licania,17.3,A
389.85,128.59,Hirtella,144.4,A
151.75,277.17,Guarea,71.7,A
152.55,125.76,Aglaia,61.1,A
64.25,39.3,Nectandra,62.1,A
333.93,233.5,Faramea,17.2,A
156.65,50.87,Protium,11.3,A
104.13,343.07,Garcinia,38.6,A
222.02,112.57,Aglaia,103.3,A
346.67,212.92,Faramea,257.0,A
160.82,138.98,Calophyllum,22.1,A
278.76,220.14,Macaranga,12.1,A
51.86,83.28,Eugenia,37.7,A
196.49,158.27,Aglaia,26.2,A
227.84,243.54,Aglaia,22.6,A
52.58,199.18,Alseis,26.1,A
282.38,167.49,Cordia,98.6,A
426.51,120.61,Guarea,124.8,A
88.97,177.8,Nectandra,27.9,A
201.75,194.59,Cordia,98.1,A
53.67,363.15,Quararibea,21.3,A
286.01,312.09,Dipteryx,101.3,A
220.44,58.17,Garcinia,23.9,A
526.03,166.23,Aglaia,89.8,A
234.8,151.22,Swartzia,226.3,A
116.72,307.34,Drypetes,51.3,A
374.12,242.48,Alseis,,M
75.94,77.81,Sloanea,38.2,A
72.44,313.77,Aglaia,13.4,A
502.03,72.41,Faramea,,D
119.19,49.13,Calophyllum,32.6,A
287.37,166.88,Beilschmiedia,35.5,A
161.03,312.95,Aglaia,56.2,A
240.79,119.96,Dipteryx,11.4,A
434.43,58.14,Alseis,11.5,A
405.18,192.29,Calophyllum,87.4,A
64.26,313.98,Aglaia,,D
527.15,55.82,Faramea,16.5,A
109.44,107.93,Hirtella,10.7,A
33.9,36.63,Dipteryx,67.5,A
524.98,194.59,Alseis,,D
261.42,231.02,Beilschmiedia,125.4,A
349.25,163.91,Macaranga,87.3,A
288.74,184.26,Guarea,13.6,A
93.11,20.23,Hirtella,84.1,A
125.06,161.81,Calophyllum,259.8,A
91.46,160.55,Macaranga,20.4,A
206.05,325.99,Garcinia,310.8,A
126.59,51.63,Cordia,,D
141.07,271.61,Anacardium,20.5,A
294.64,370.11,Alseis,66.2,A
200.31,154.42,Cordia,73.2,A
44.9,129.77,Hirtella,37.4,A
50.91,325.97,Garcinia,45.3,A
330.66,115.39,Beilschmiedia,22.2,A
396.8,324.78,Licania,15.5,A
72.93,298.65,Beilschmiedia,18.2,A
122.25,271.55,Cordia,34.6,A
79.24,49.06,Calophyllum,146.6,A
243.84,169.27,Alseis,50.1,A
40.56,299.33,Faramea,20.6,A
214.37,188.07,Alseis,585.4,A
424.12,164.7,Guarea,13.9,A
537.51,66.03,Faramea,10.3,A
316.37,85.82,Calophyllum,12.1,A
192.32,2.1,Alseis,11.5,A
96.7,306.15,Beilschmiedia,90.1,A
36.77,230.42,Garcinia,10.8,A
326.83,390.58,Dipteryx,32.8,A
354.63,310.66,Trichilia,21.4,A
285.3,8.06,Beilschmiedia,30.2,A
229.69,228.75,Calophyllum,44.7,A
410.11,90.0,Garcinia,107.4,A
160.98,144.89,Alseis,38.4,A
316.16,117.52,Dipteryx,12.4,A
491.51,82.2,Beilschmiedia,31.0,A
307.06,263.78,Cordia,19.4,A
434.52,157.71,Guarea,,D
252.01,13.49,Faramea,12.5,A
301.74,292.82,Aglaia,13.8,A
106.43,362.68,Dipteryx,152.8,A
590.32,171.69,Cordia,14.8,A
79.28,193.73,Cordia,,D
63.36,28.07,Licania,,M
311.85,190.12,Inga,,D
329.97,195.01,Inga,26.6,A
269.82,29.04,Alseis,139.7,A
416.93,109.5,Aglaia,10.8,A
125.49,116.01,Cordia,,D
367.85,90.96,Alseis,13.5,A
202.51,99.38,Cordia,26.2,A
51.95,375.99,Cordia,13.1,A
367.84,85.64,Aglaia,,D
420.47,13.79,Beilschmiedia,21.2,A
294.52,196.54,Faramea,110.2,A
23.4,294.86,Cordia,11.3,A
383.53,59.62,Inga,15.7,A
577.4,87.86,Alseis,520.8,A
375.49,345.18,Ocotea,,D
101.41,279.41,Garcinia,11.1,A
85.11,226.19,Aglaia,22.8,A
407.32,38.2,Drypetes,27.7,A
320.29,106.92,Beilschmiedia,55.9,A
512.99,59.36,Licania,57.0,A
134.1,91.48,Dipteryx,26.8,A
128.65,77.86,Dipteryx,218.2,A
341.14,228.21,Protium,22.8,A
170.56,18.34,Alseis,49.6,A
514.61,54.82,Cordia,52.0,A
72.74,123.76,Nectandra,41.4,A
317.92,104.26,Beilschmiedia,14.0,A
395.56,371.92,Tetragastris,24.3,A
234.77,78.79,Hirtella,85.7,A
28.64,294.3,Drypetes,47.8,A
293.22,235.9,Cordia,182.2,A
122.35,152.63,Quararibea,41.0,A
298.03,21.79,Aglaia,12.0,A
255.34,323.1,Beilschmiedia,11.0,A
420.79,54.94,Calophyllum,17.3,A
377.75,239.5,Beilschmiedia,,D
89.52,124.68,Palaquium,14.6,A
21.74,114.64,Alseis,462.9,A
559.88,82.11,Beilschmiedia,12.1,A
351.96,221.25,Garcinia,11.5,A
308.73,118.04,Nectandra,13.9,A
452.07,131.18,Rinorea,31.0,A
315.31,248.82,Hirtella,13.9,A
443.24,53.67,Beilschmiedia,15.1,A
535.77,136.81,Aglaia,26.8,A
336.14,366.14,Cordia,57.1,A
259.42,161.95,Guarea,148.6,A
361.4,118.77,Cordia,63.2,A
348.87,286.27,Alseis,37.9,A
39.51,326.92,Drypetes,15.5,A
244.11,329.26,Hirtella,24.6,A
163.29,231.69,Dipteryx,15.9,A
397.76,9.59,Alseis,32.8,A
178.96,245.36,Drypetes,303.4,A
19.22,57.93,Licania,54.3,A
174.78,198.91,Palaquium,61.3,A
14.35,177.54,Knema,,D
114.38,64.17,Dipteryx,114.7,A
337.63,221.68,Sloanea,10.1,A
419.82,140.42,Beilschmiedia,,D
359.81,171.05,Jacaranda,10.6,A
385.11,93.1,Hirtella,118.9,A
93.47,221.28,Aglaia,29.3,A
593.24,17.92,Faramea,204.0,A
94.2,397.22,Beilschmiedia,15.9,A
394.85,61.8,Drypetes,17.9,A
282.07,293.0,Aglaia,53.3,A
191.62,127.24,Alseis,13.7,A
332.94,10.71,Hirtella,22.8,A
35.56,353.19,Drypetes,11.1,A
140.39,141.03,Beilschmiedia,47.0,A
452.07,149.34,Cordia,32.4,A
492.75,26.51,Eugenia,15.2,A
71.59,44.19,Cordia,12.0,A
15.92,269.13,Drypetes,127.2,A
144.11,235.69,Drypetes,14.7,A
409.12,156.32,Guarea,33.4,A
106.86,90.41,Macaranga,29.5,A
25.52,150.64,Inga,,D
388.37,168.71,Dipteryx,13.5,A
364.06,55.21,Drypetes,16.7,A
217.44,53.75,Hirtella,15.6,A
162.89,140.1,Palaquium,96.9,A
47.91,129.89,Alseis,45.9,A
146.02,192.8,Quararibea,26.8,A
263.4,175.03,Rinorea,,D
581.9,122.66,Calophyllum,46.2,A
287.34,33.33,Aglaia,14.3,A
128.1,253.19,Palaquium,11.5,A
553.47,157.95,Knema,10.1,A
239.18,282.17,Garcinia,26.8,A
376.33,52.11,Drypetes,13.4,A
286.22,204.01,Inga,10.2,A
572.56,118.09,Faramea,25.6,A
49.59,136.01,Virola,25.9,A
186.5,218.74,Drypetes,13.4,A
31.98,355.71,Dipteryx,10.4,A
82.93,295.95,Beilschmiedia,11.9,A
450.77,88.54,Cordia,86.9,A
354.01,41.08,Alseis,12.9,A
33.27,217.86,Drypetes,10.2,A
286.73,344.83,Aglaia,43.7,A
402.21,194.82,Hirtella,11.5,A
99.38,259.66,Garcinia,76.3,A
498.55,4.11,Eugenia,51.6,A
223.39,277.9,Aglaia,29.4,A
172.85,384.56,Ocotea,86.1,A
223.75,115.14,Aglaia,36.4,A
376.77,338.95,Guarea,267.0,A
145.49,47.01,Xylopia,31.3,A
34.47,244.8,Calophyllum,12.1,A
132.93,225.06,Knema,785.3,A
311.88,315.65,Aglaia,11.5,A
258.45,27.11,Aglaia,18.4,A
85.78,171.45,Cordia,55.6,A
212.32,63.67,Guarea,13.8,A
166.12,214.29,Calophyllum,20.0,A
322.7,275.86,Calophyllum,,M
325.54,211.31,Jacaranda,31.9,A
219.07,42.04,Cordia,82.6,A
149.35,203.19,Shorea,124.5,A
577.06,5.27,Licania,37.0,A
112.47,320.56,Calophyllum,103.3,A
168.18,345.58,Eugenia,26.8,A
142.55,109.62,Inga,10.0,A
410.74,121.45,Aglaia,25.2,A
56.9,190.64,Aglaia,32.6,A
492.86,184.79,Faramea,24.7,A
207.04,119.67,Alseis,11.1,A
154.24,223.26,Guarea,109.2,A
12.45,108.4,Nectandra,23.1,A
552.03,85.39,Calophyllum,110.4,A
356.93,139.24,Guarea,12.2,A
161.26,161.48,Protium,48.6,A
332.02,129.25,Alseis,10.2,A
273.93,25.09,Faramea,40.0,A
206.27,347.9,Aglaia,77.9,A
302.83,5.71,Jacaranda,18.5,A
354.6,222.64,Eugenia,75.5,A
246.44,19.34,Alseis,,M
8.16,93.78,Beilschmiedia,52.2,A
511.96,115.94,Guarea,15.7,A
0.78,337.43,Faramea,21.8,A
242.98,344.75,Calophyllum,44.4,A
391.46,371.28,Tetragastris,35.6,A
55.41,306.46,Sloanea,47.0,A
418.65,36.6,Eugenia,32.9,A
55.6,332.25,Calophyllum,17.4,A
164.39,117.16,Inga,13.2,A
52.22,225.56,Nectandra,120.4,A
296.04,23.51,Calophyllum,165.5,A
217.32,202.44,Drypetes,14.7,A
547.14,89.14,Licania,44.3,A
387.79,334.99,Cordia,18.0,A
169.67,374.66,Guarea,22.9,A
2.03,97.17,Cordia,10.5,A
529.28,198.39,Eugenia,141.0,A
503.16,124.59,Guarea,17.6,A
105.95,35.52,Rinorea,,D
118.03,49.13,Alseis,25.8,A
332.75,396.73,Beilschmiedia,28.3,A
259.19,167.27,Calophyllum,96.3,A
43.53,202.07,Cordia,55.1,A
301.13,84.42,Calophyllum,488.6,A
355.58,351.69,Knema,246.7,A
64.81,242.75,Sloanea,85.4,A
135.14,254.25,Alseis,147.2,A
197.05,325.3,Aglaia,23.0,A
45.6,295.18,Aglaia,47.8,A
37.85,280.93,Nectandra,57.6,A
285.05,358.1,Aglaia,157.6,A
175.97,86.78,Calophyllum,55.1,A
58.03,8.89,Garcinia,35.1,A
499.73,190.34,Ocotea,22.3,A
174.67,206.8,Garcinia,74.4,A
421.69,56.33,Guarea,,M
480.29,42.23,Sloanea,14.2,A
199.15,40.2,Macaranga,39.5,A
191.68,224.0,Aglaia,41.7,A
261.46,225.14,Garcinia,,D
43.71,382.73,Quararibea,34.9,A
516.44,183.63,Calophyllum,149.2,A
138.4,385.61,Alseis,206.9,A
348.65,398.7,Beilschmiedia,74.6,A
400.67,128.1,Aglaia,17.3,A
81.44,180.34,Alseis,169.2,A
156.37,397.35,Sloanea,25.1,A
50.31,44.08,Dipteryx,47.4,A
133.26,287.06,Dipteryx,13.4,A
182.16,276.21,Dipteryx,334.2,A
266.85,337.56,Aglaia,101.1,A
535.75,96.98,Knema,281.3,A
404.29,125.24,Ocotea,32.8,A
275.63,213.16,Inga,61.4,A
488.85,36.14,Eugenia,12.6,A
507.32,59.51,Licania,31.7,A
208.52,42.06,Alseis,56.8,A
238.12,130.35,Beilschmiedia,117.4,A
168.7,325.99,Knema,356.2,A
74.58,64.61,Dipteryx,95.2,A
231.85,172.99,Dipteryx,26.3,A
341.71,320.41,Dipteryx,88.9,A
476.4,83.8,Guarea,11.0,A
90.47,216.37,Eugenia,23.0,A
136.94,242.97,Knema,272.9,A
307.64,241.24,Cordia,17.4,A
588.83,85.49,Eugenia,13.8,A
161.55,66.66,Dipteryx,16.6,A
59.89,61.76,Swartzia,139.3,A
14.62,317.67,Drypetes,,D
190.89,295.32,Calophyllum,14.8,A
353.74,105.4,Ocotea,36.7,A
323.13,276.71,Calophyllum,17.6,A
536.23,112.46,Dipteryx,277.9,A
114.71,168.84,Aglaia,115.6,A
264.39,392.2,Calophyllum,25.1,A
290.92,343.76,Jacaranda,,D
240.19,227.53,Garcinia,137.0,A
537.81,151.64,Tetragastris,46.4,A
318.96,113.78,Beilschmiedia,15.1,A
367.43,376.52,Aglaia,101.5,A
86.37,36.62,Rinorea,12.1,A
378.34,132.11,Hirtella,,D
56.56,219.03,Alseis,55.2,A
207.32,348.49,Faramea,86.8,A
203.73,115.28,Licania,69.7,A
25.54,147.38,Macaranga,19.2,A
550.15,86.06,Knema,306.5,A
103.25,224.94,Macaranga,18.2,A
328.02,392.19,Beilschmiedia,20.5,A
191.0,206.82,Aglaia,45.3,A
94.21,315.14,Knema,29.8,A
363.56,46.21,Hirtella,22.0,A
499.49,14.26,Eugenia,16.8,A
200.05,226.8,Aglaia,13.9,A
222.98,174.82,Jacaranda,28.7,A
198.97,244.72,Macaranga,14.4,A
510.03,149.97,Calophyllum,265.3,A
286.88,331.01,Alseis,260.3,A
49.81,211.79,Nectandra,13.8,A
149.96,145.7,Aglaia,13.8,A
231.43,385.87,Eugenia,12.8,A
312.66,22.28,Xylopia,43.6,A
95.75,76.19,Inga,33.1,A
275.87,275.13,Aglaia,,D
410.8,83.99,Aglaia,93.7,A
48.18,154.26,Anacardium,18.5,A
483.62,130.58,Beilschmiedia,11.4,A
83.84,383.05,Cordia,26.8,A
153.84,221.29,Drypetes,43.9,A
258.29,151.05,Jacaranda,44.2,A
322.5,55.0,Calophyllum,36.2,A
515.3,12.39,Ocotea,30.3,A
129.25,259.93,Jacaranda,15.5,A
330.22,354.68,Sloanea,25.6,A
85.08,252.29,Jacaranda,39.7,A
304.15,274.76,Calophyllum,15.2,A
240.83,180.29,Eugenia,65.9,A
178.85,340.14,Shorea,109.2,A
574.81,74.32,Aglaia,10.4,A
54.22,262.15,Jacaranda,13.0,A
15.09,129.77,Sloanea,47.9,A
320.05,314.62,Alseis,159.8,A
108.58,214.28,Eugenia,62.2,A
375.39,252.09,Hirtella,27.9,A
341.37,36.15,Alseis,67.6,A
288.97,158.43,Beilschmiedia,,D
226.69,42.05,Faramea,112.6,A
195.72,208.58,Garcinia,13.4,A
320.41,117.7,Calophyllum,233.4,A
200.59,169.95,Knema,10.8,A
504.4,18.55,Cordia,19.6,A
113.24,205.41,Rinorea,13.6,A
234.31,240.72,Nectandra,14.9,A
11.69,372.06,Beilschmiedia,20.1,A
508.83,16.88,Drypetes,28.5,A
397.38,98.55,Garcinia,59.7,A
574.2,80.91,Eugenia,113.0,A
472.76,157.63,Drypetes,28.7,A
505.34,30.18,Faramea,16.9,A
137.36,106.12,Inga,108.7,A
172.12,257.14,Cordia,24.4,A
367.4,184.74,Hirtella,102.1,A
125.33,264.02,Brosimum,,D
458.11,115.49,Calophyllum,21.4,A
201.0,351.03,Aglaia,16.8,A
12.29,131.94,Garcinia,29.4,A
424.68,45.56,Aglaia,33.1,A
21.59,250.75,Alseis,14.7,A
546.22,76.83,Guarea,10.6,A
190.17,167.29,Aglaia,41.4,A
140.44,287.71,Hirtella,16.4,A
466.94,120.59,Eugenia,20.1,A
131.46,369.33,Dipteryx,120.3,A
104.26,231.05,Garcinia,31.3,A
55.7,127.14,Drypetes,21.7,A
228.91,226.26,Nectandra,13.4,A
93.19,253.78,Cordia,42.7,A
544.75,49.02,Macaranga,65.4,A
423.8,148.81,Beilschmiedia,18.9,A
247.76,159.52,Macaranga,22.3,A
236.18,87.92,Cordia,15.7,A
40.51,194.24,Guarea,16.0,A
91.86,121.32,Protium,47.6,A
237.37,317.55,Aglaia,32.8,A
399.34,149.22,Palaquium,25.3,A
377.76,311.96,Calophyllum,20.0,A
116.93,286.4,Calophyllum,,D
389.17,62.49,Garcinia,16.3,A
53.55,397.26,Quararibea,212.4,A
200.61,322.57,Aglaia,95.1,A
513.88,30.88,Licania,40.1,A
266.9,236.51,Beilschmiedia,20.9,A
444.73,37.61,Licania,228.9,A
27.91,132.36,Aglaia,148.0,A
375.86,234.26,Garcinia,10.6,A
419.67,182.13,Eugenia,15.1,A
455.75,143.2,Hirtella,30.3,A
27.36,385.23,Cordia,42.9,A
405.89,89.89,Calophyllum,49.3,A
97.47,121.69,Palaquium,17.2,A
362.22,110.81,Macaranga,52.7,A
423.72,118.14,Aglaia,10.9,A
108.54,230.9,Cordia,96.5,A
405.2,65.09,Inga,138.7,A
60.61,244.12,Eugenia,,D
75.97,311.41,Drypetes,194.3,A
417.27,21.64,Nectandra,27.2,A
117.23,221.55,Palaquium,509.0,A
28.82,330.99,Quararibea,55.7,A
202.8,342.41,Jacaranda,63.8,A
247.45,358.08,Aglaia,31.5,A
82.83,293.92,Quararibea,12.4,A
176.69,33.1,Alseis,20.5,A
330.18,375.89,Alseis,54.7,A
233.81,86.85,Eugenia,32.7,A
445.92,6.79,Beilschmiedia,260.9,A
263.9,373.09,Guarea,12.1,A
50.03,357.47,Aglaia,43.9,A
273.09,223.22,Calophyllum,15.0,A
242.23,119.5,Beilschmiedia,50.5,A
343.5,361.64,Alseis,82.0,A
256.51,171.58,Alseis,56.0,A
427.68,56.15,Beilschmiedia,43.0,A
249.47,300.21,Aglaia,123.6,A
454.77,151.55,Drypetes,23.4,A
226.81,280.44,Eugenia,53.4,A
346.71,340.07,Dipteryx,,D
2.31,208.2,Alseis,191.1,A
227.0,132.27,Dipteryx,15.8,A
543.11,30.39,Faramea,,D
330.73,279.15,Jacaranda,,D
46.57,209.26,Aglaia,,M
487.8,119.99,Calophyllum,20.0,A
309.76,270.69,Faramea,265.0,A
111.72,210.59,Eugenia,34.2,A
479.31,184.79,Knema,15.9,A
309.64,7.04,Aglaia,10.1,A
68.8,86.88,Cordia,12.3,A
393.94,379.37,Alseis,97.1,A
295.45,344.43,Aglaia,38.6,A
532.26,149.53,Aglaia,23.8,A
100.13,123.25,Alseis,10.3,A
94.4,226.06,Quararibea,32.8,A
536.18,44.9,Faramea,208.7,A
203.79,222.43,Aglaia,139.9,A
173.82,337.91,Beilschmiedia,44.3,A
29.98,214.7,Garcinia,63.6,A
374.11,140.04,Swartzia,385.4,A
227.36,72.38,Cordia,17.8,A
328.15,304.65,Faramea,,D
465.74,3.92,Beilschmiedia,39.4,A
104.2,230.8,Aglaia,14.0,A
257.76,245.85,Beilschmiedia,17.4,A
323.76,184.59,Inga,151.7,A
525.7,104.77,Drypetes,21.7,A
341.78,388.82,Alseis,451.0,A
141.49,89.98,Inga,17.8,A
81.34,293.52,Beilschmiedia,,D
303.58,19.48,Garcinia,63.3,A
108.13,262.62,Brosimum,25.9,A
97.29,250.41,Cordia,40.4,A
146.21,273.6,Brosimum,18.9,A
524.2,61.4,Ocotea,,D
456.32,168.85,Beilschmiedia,38.8,A
426.17,30.36,Drypetes,27.0,A
91.52,255.02,Garcinia,,D
436.88,60.12,Inga,121.1,A
148.17,259.71,Alseis,220.9,A
85.31,113.48,Calophyllum,35.9,A
578.59,125.09,Tetragastris,68.7,A
22.48,94.21,Alseis,29.6,A
291.59,326.45,Cordia,14.0,A
95.8,398.34,Quararibea,48.6,A
44.68,64.75,Cordia,46.5,A
104.59,80.68,Hirtella,28.0,A
246.19,129.97,Beilschmiedia,56.2,A
224.05,323.66,Aglaia,30.4,A
229.78,60.93,Hirtella,39.8,A
123.67,91.78,Inga,12.7,A
329.71,284.75,Nectandra,22.0,A
375.34,71.0,Alseis,13.5,A
196.76,263.18,Alseis,12.1,A
393.68,202.03,Garcinia,87.3,A
255.69,371.32,Cordia,39.7,A
383.82,46.08,Aglaia,17.7,A
407.16,93.18,Garcinia,118.7,A
119.28,253.61,Palaquium,67.0,A
209.04,56.06,Garcinia,241.8,A
378.38,245.03,Aglaia,20.3,A
574.68,79.98,Aglaia,55.3,A
10.92,207.7,Hirtella,11.3,A
311.81,82.48,Aglaia,27.4,A
168.24,159.12,Cordia,14.4,A
497.95,95.86,Drypetes,188.4,A
360.02,51.04,Calophyllum,158.4,A
298.23,191.3,Inga,30.9,A
444.81,172.08,Drypetes,21.5,A
17.91,246.32,Anacardium,12.6,A
94.74,273.66,Alseis,22.1,A
95.05,275.35,Aglaia,32.1,A
54.08,341.11,Rinorea,14.5,A
218.77,325.91,Cordia,13.6,A
462.99,7.78,Beilschmiedia,70.0,A
300.85,99.92,Aglaia,147.5,A
215.63,94.25,Hirtella,16.6,A
376.23,83.94,Alseis,30.5,A
51.42,114.36,Alseis,399.3,A
46.98,128.78,Alseis,,D
162.55,280.55,Alseis,24.1,A
252.26,321.13,Ocotea,87.4,A
325.2,118.05,Cecropia,94.5,A
391.12,346.0,Aglaia,16.8,A
105.63,190.07,Cordia,26.5,A
23.47,292.51,Faramea,31.7,A
6.66,168.38,Inga,26.4,A
68.13,333.02,Drypetes,25.8,A
208.97,240.98,Beilschmiedia,30.2,A
113.62,103.19,Garcinia,,D
485.18,5.39,Cordia,49.1,A
234.29,375.42,Dipteryx,50.0,A
173.0,251.66,Knema,12.9,A
82.99,83.93,Protium,,D
167.43,347.71,Eugenia,26.4,A
95.16,198.76,Calophyllum,58.8,A
43.09,141.96,Cordia,11.4,A
576.19,39.46,Faramea,33.5,A
101.63,255.92,Cordia,121.7,A
210.18,78.13,Faramea,91.4,A
134.14,90.87,Guarea,17.3,A
577.94,86.88,Alseis,,D
53.38,88.49,Drypetes,21.6,A
592.29,174.04,Faramea,61.3,A
232.59,268.32,Beilschmiedia,12.2,A
134.39,124.23,Beilschmiedia,38.0,A
533.56,163.81,Beilschmiedia,11.4,A
165.08,119.4,Beilschmiedia,12.7,A
389.82,181.54,Calophyllum,91.2,A
49.94,266.4,Drypetes,,M
133.19,113.1,Inga,83.7,A
119.99,102.53,Garcinia,119.6,A
244.07,264.09,Calophyllum,15.3,A
285.08,300.51,Calophyllum,30.8,A
120.8,200.86,Drypetes,10.1,A
183.02,305.12,Drypetes,63.9,A
72.33,101.98,Inga,10.2,A
411.57,90.86,Beilschmiedia,46.8,A
337.76,83.32,Jacaranda,25.6,A
488.68,96.53,Dipteryx,253.3,A
258.6,356.96,Dipteryx,13.8,A
11.11,58.01,Protium,10.5,A
530.67,181.06,Beilschmiedia,11.0,A
162.03,183.67,Dipteryx,33.5,A
180.64,273.03,Dipteryx,13.6,A
235.5,253.52,Beilschmiedia,65.3,A
232.75,75.25,Garcinia,,D
177.2,176.1,Hirtella,20.4,A
6.15,188.35,Guarea,53.5,A
148.48,136.35,Beilschmiedia,12.7,A
246.25,15.43,Alseis,164.3,A
376.93,238.21,Aglaia,71.9,A
252.04,42.23,Cordia,46.0,A
255.63,337.07,Protium,33.4,A
202.02,329.52,Faramea,264.1,A
389.71,306.27,Calophyllum,12.0,A
182.38,367.8,Cupania,22.1,A
199.19,162.92,Hirtella,27.4,A
173.85,340.74,Faramea,261.5,A
79.28,112.18,Dipteryx,,D
163.01,222.74,Aglaia,,D
37.55,58.93,Erythroxylum,11.5,A
247.79,373.66,Aglaia,127.7,A
330.47,93.93,Ficus,27.0,A
295.33,13.81,Beilschmiedia,46.5,A
98.44,82.57,Drypetes,40.7,A
433.99,40.09,Aglaia,61.3,A
205.81,295.07,Aglaia,97.9,A
192.2,290.4,Cordia,,D
238.79,343.61,Aglaia,12.9,A
190.52,274.06,Faramea,,D
149.47,81.13,Inga,16.1,A
438.83,16.83,Macaranga,18.8,A
539.14,115.24,Calophyllum,13.8,A
76.95,110.92,Palaquium,11.0,A
206.61,167.19,Dipteryx,,D
83.71,354.76,Aglaia,82.6,A
388.77,162.52,Faramea,33.2,A
232.87,364.45,Trichilia,,D
102.75,29.55,Shorea,,D
366.31,132.5,Cordia,12.3,A
136.25,6.17,Alseis,235.0,A
232.02,17.89,Alseis,53.9,A
239.57,345.7,Alseis,45.4,A
45.82,373.04,Beilschmiedia,182.9,A
5.24,192.05,Dipteryx,28.3,A
263.28,10.8,Faramea,61.6,A
190.84,132.27,Aglaia,39.1,A
306.55,136.64,Hirtella,10.7,A
434.19,38.91,Inga,12.4,A
104.42,132.21,Alseis,,D
141.34,263.03,Calophyllum,52.6,A
236.12,180.11,Garcinia,12.4,A
305.27,320.66,Alseis,367.0,A
314.35,142.84,Knema,526.7,A
206.67,168.02,Dipteryx,97.8,A
546.86,97.75,Beilschmiedia,,D
251.45,316.45,Trichilia,13.1,A
194.23,107.56,Knema,12.3,A
254.43,333.28,Beilschmiedia,107.4,A
293.19,195.03,Inga,66.4,A
120.57,230.81,Cordia,40.5,A
149.01,72.29,Inga,12.5,A
243.86,261.88,Aglaia,69.8,A
507.05,49.74,Licania,22.9,A
362.48,253.21,Ocotea,11.1,A
305.89,53.47,Cordia,10.0,A
535.59,171.55,Beilschmiedia,79.4,A
81.96,345.12,Aglaia,53.1,A
386.46,366.24,Alseis,23.4,A
583.35,118.45,Cordia,11.7,A
167.39,347.58,Beilschmiedia,13.6,A
94.93,318.24,Beilschmiedia,26.7,A
306.81,154.77,Inga,219.1,A
181.43,270.74,Calophyllum,34.2,A
247.11,132.7,Calophyllum,34.1,A
494.3,34.01,Guarea,10.4,A
151.41,386.88,Alseis,16.9,A
250.9,21.07,Alseis,61.2,A
147.59,245.42,Alseis,20.1,A
195.47,145.24,Aglaia,,D
258.52,325.28,Aglaia,11.7,A
155.96,152.89,Alseis,20.2,A
379.06,267.15,Beilschmiedia,42.3,A
562.05,55.38,Aglaia,10.3,A
411.19,107.55,Alseis,150.2,A
182.77,192.43,Ocotea,17.0,A
243.15,175.85,Alseis,90.3,A
112.85,234.7,Calophyllum,13.3,A
472.36,110.53,Eugenia,12.5,A
127.68,197.77,Faramea,62.1,A
114.46,76.58,Alseis,160.8,A
268.52,212.96,Garcinia,66.6,A
420.25,35.69,Beilschmiedia,100.5,A
366.83,398.34,Guarea,16.4,A
511.82,104.15,Knema,22.8,A
20.05,271.93,Faramea,41.3,A
29.88,116.73,Cordia,27.6,A
385.41,235.61,Guarea,27.3,A
73.63,362.75,Aglaia,10.6,A
164.51,227.1,Cordia,21.3,A
480.05,19.51,Calophyllum,88.4,A
250.61,241.87,Calophyllum,54.2,A
9.12,369.14,Beilschmiedia,95.8,A
36.32,80.51,Beilschmiedia,29.3,A
58.63,212.19,Aglaia,34.1,A
379.05,235.62,Garcinia,21.9,A
140.71,246.24,Palaquium,89.7,A
46.17,302.45,Knema,20.8,A
17.46,267.53,Calophyllum,128.7,A
318.0,108.08,Beilschmiedia,73.4,A
572.58,78.77,Faramea,14.9,A
322.03,313.17,Trichilia,31.6,A
56.2,250.91,Hirtella,77.1,A
237.14,365.06,Alseis,252.9,A
114.65,374.84,Diospyros,30.3,A
146.91,121.6,Beilschmiedia,260.1,A
172.05,286.7,Faramea,13.9,A
68.32,79.61,Inga,99.0,A
96.3,111.57,Inga,16.7,A
431.96,187.36,Jacaranda,70.1,A
509.2,52.07,Guarea,254.0,A
416.69,17.22,Beilschmiedia,48.3,A
126.87,212.38,Faramea,84.8,A
319.86,367.04,Calophyllum,,D
362.65,302.16,Licania,181.8,A
45.04,305.91,Aglaia,58.2,A
204.01,226.58,Garcinia,12.1,A
57.53,290.21,Calophyllum,55.1,A
252.66,399.17,Dipteryx,29.8,A
356.92,220.58,Shorea,,D
68.17,16.9,Cordia,17.8,A
388.07,14.94,Ficus,65.8,A
164.99,166.3,Dipteryx,40.9,A
337.29,171.57,Dipteryx,35.3,A
69.69,305.88,Drypetes,31.9,A
248.86,204.34,Garcinia,74.9,A
11.51,49.04,Drypetes,22.9,A
322.87,114.47,Cecropia,91.3,A
7.0,16.99,Hirtella,11.4,A
34.09,281.33,Faramea,,D
590.83,186.6,Faramea,50.5,A
85.56,78.85,Cordia,13.5,A
212.72,104.43,Dipteryx,112.3,A
115.76,242.1,Hirtella,33.5,A
7.0,172.15,Inga,59.2,A
33.75,215.55,Drypetes,82.6,A
572.15,48.06,Macaranga,274.2,A
344.92,243.08,Cecropia,80.7,A
334.62,115.9,Aglaia,14.7,A
423.71,52.1,Macaranga,14.3,A
200.2,14.66,Alseis,,M
563.36,101.41,Beilschmiedia,32.9,A
197.83,199.54,Garcinia,20.0,A
179.68,200.33,Palaquium,16.2,A
191.06,151.78,Dipteryx,57.2,A
109.86,21.23,Alseis,,D
112.45,25.64,Alseis,51.1,A
415.7,75.66,Guarea,142.5,A
348.84,219.44,Eugenia,26.9,A
423.95,49.78,Eugenia,26.6,A
256.43,331.46,Luehea,132.2,A
196.65,211.18,Calophyllum,17.0,A
485.69,81.12,Beilschmiedia,152.1,A
425.31,50.54,Inga,,D
380.51,223.63,Alseis,132.2,A
127.99,130.62,Beilschmiedia,186.9,A
79.81,189.26,Nectandra,,M
580.08,5.37,Licania,10.6,A
526.5,164.46,Calophyllum,560.3,A
396.32,212.1,Dipteryx,39.1,A
594.5,62.72,Aglaia,12.6,A
415.6,124.93,Beilschmiedia,40.6,A
443.8,14.49,Beilschmiedia,24.9,A
319.3,108.23,Aglaia,10.7,A
421.33,85.13,Garcinia,12.4,A
270.05,201.96,Eugenia,11.4,A
185.14,147.67,Cordia,110.1,A
398.46,21.45,Guarea,219.9,A
158.32,25.19,Alseis,64.9,A
197.11,199.04,Drypetes,10.6,A
179.03,311.13,Aglaia,12.4,A
15.72,99.34,Alseis,240.5,A
145.45,240.8,Jacaranda,13.2,A
5.01,255.01,Alseis,11.2,A
170.77,318.23,Beilschmiedia,,D
192.38,309.39,Aglaia,106.6,A
326.33,130.72,Alseis,25.1,A
202.92,227.51,Aglaia,16.8,A
184.91,296.24,Drypetes,10.5,A
270.0,13.37,Dipteryx,104.0,A
54.71,36.99,Cordia,42.2,A
27.34,183.1,Dipteryx,61.4,A
511.24,39.65,Calophyllum,34.6,A
357.54,247.47,Dipteryx,204.0,A
78.66,27.73,Hirtella,84.1,A
79.26,194.22,Knema,15.0,A
522.91,21.88,Licania,33.7,A
408.41,49.9,Drypetes,65.6,A
129.82,132.23,Beilschmiedia,75.9,A
316.49,50.24,Eugenia,78.2,A
483.51,111.49,Eugenia,,D
73.39,218.16,Drypetes,17.0,A
142.44,105.29,Calophyllum,862.5,A
106.86,235.13,Aglaia,105.0,A
274.37,158.2,Anacardium,12.7,A
19.35,134.48,Inga,46.4,A
213.39,349.23,Calophyllum,,D
126.71,38.14,Alseis,26.4,A
16.38,135.25,Garcinia,311.1,A
63.63,259.11,Nectandra,37.1,A
431.35,36.95,Beilschmiedia,,D
583.29,78.12,Eugenia,102.5,A
496.98,118.86,Beilschmiedia,59.6,A
284.27,351.32,Hirtella,19.7,A
235.56,184.0,Knema,22.8,A
162.3,270.36,Quararibea,154.6,A
161.07,304.85,Alseis,374.8,A
201.09,300.79,Trichilia,144.4,A
159.56,300.48,Quararibea,29.9,A
252.72,311.35,Cordia,15.7,A
81.27,68.23,Aglaia,20.9,A
135.67,142.02,Calophyllum,,D
139.32,52.76,Protium,35.5,A
373.15,321.43,Licania,19.2,A
27.6,59.71,Erythroxylum,201.7,A
18.21,394.73,Alseis,50.4,A
115.98,87.96,Inga,33.4,A
479.62,113.01,Eugenia,107.8,A
154.85,32.44,Dipteryx,11.2,A
161.68,25.49,Alseis,,D
44.79,332.89,Calophyllum,,D
280.8,262.61,Dipteryx,16.0,A
365.4,223.22,Alseis,25.6,A
397.94,232.69,Eugenia,14.0,A
421.54,197.39,Hura,16.8,A
305.64,1.76,Aglaia,16.1,A
149.25,2.8,Alseis,210.1,A
145.44,356.46,Eugenia,17.4,A
416.4,57.12,Inga,10.4,A
230.74,92.02,Eugenia,55.7,A
472.55,175.27,Beilschmiedia,36.6,A
26.17,139.99,Jacaranda,14.9,A
350.25,342.84,Jacaranda,19.0,A
512.53,50.65,Guarea,24.0,A
30.02,399.67,Diospyros,131.1,A
471.33,170.39,Drypetes,,D
538.56,52.87,Macaranga,26.5,A
88.2,80.05,Cordia,16.7,A
219.19,264.17,Nectandra,,D
301.17,137.62,Cordia,19.2,A
426.7,62.14,Alseis,15.7,A
107.55,383.4,Garcinia,10.2,A
207.95,320.99,Aglaia,58.8,A
251.35,313.76,Nectandra,12.3,A
344.26,247.1,Eugenia,137.3,A
167.72,196.58,Guarea,60.4,A
536.22,113.63,Aglaia,72.6,A
314.18,299.11,Aglaia,17.4,A
206.73,389.14,Calophyllum,10.5,A
446.63,28.15,Licania,41.1,A
556.9,100.46,Beilschmiedia,12.8,A
454.89,23.56,Cordia,11.2,A
305.44,105.64,Beilschmiedia,15.6,A
481.49,23.94,Guarea,18.7,A
127.93,320.56,Knema,19.6,A
160.36,360.64,Alseis,269.0,A
175.41,153.35,Aglaia,27.6,A
180.97,318.06,Faramea,443.4,A
39.93,10.39,Licania,16.1,A
121.41,229.08,Macaranga,228.9,A
486.92,84.43,Beilschmiedia,10.3,A
557.89,38.34,Knema,11.7,A
135.58,36.3,Shorea,22.4,A
78.2,64.7,Dipteryx,29.9,A
219.26,304.2,Aglaia,14.0,A
189.47,52.4,Protium,10.2,A
129.24,206.2,Faramea,23.9,A
133.03,298.06,Sloanea,14.7,A
433.35,6.26,Beilschmiedia,,M
167.92,254.66,Knema,31.6,A
155.65,147.05,Alseis,34.1,A
506.47,180.96,Calophyllum,92.0,A
395.79,121.37,Macaranga,12.5,A
93.33,168.96,Guarea,10.9,A
426.47,98.3,Jacaranda,18.0,A
128.42,7.58,Calophyllum,10.7,A
67.07,270.54,Drypetes,34.6,A
268.85,220.89,Garcinia,19.6,A
518.34,42.73,Macaranga,11.8,A
66.74,336.09,Garcinia,12.8,A
381.31,127.93,Macaranga,55.7,A
359.05,335.71,Dipteryx,127.4,A
144.63,257.12,Rinorea,43.7,A
154.53,115.12,Inga,74.1,A
346.01,376.38,Aglaia,13.9,A
573.76,49.3,Aglaia,155.0,A
322.56,296.45,Jacaranda,11.1,A
215.43,315.54,Aglaia,103.6,A
125.39,270.76,Cordia,133.2,A
156.16,246.0,Guarea,95.7,A
114.42,50.29,Dipteryx,10.9,A
258.08,271.78,Macaranga,45.3,A
41.83,88.76,Eugenia,65.4,A
454.97,183.82,Eugenia,42.9,A
342.48,367.06,Alseis,19.2,A
352.84,35.52,Calophyllum,28.8,A
241.83,173.25,Alseis,277.1,A
44.25,117.07,Cordia,21.7,A
360.2,76.81,Jacaranda,23.5,A
50.19,302.19,Drypetes,148.5,A
0.92,139.24,Inga,16.7,A
306.28,266.65,Jacaranda,12.7,A
51.93,129.95,Dipteryx,145.4,A
270.01,211.91,Sloanea,86.6,A
239.83,123.65,Aglaia,15.8,A
298.58,277.51,Guarea,28.4,A
524.54,23.36,Drypetes,398.3,A
377.95,82.75,Dipteryx,15.3,A
103.52,342.48,Cordia,41.4,A
359.44,380.34,Palaquium,72.7,A
415.16,171.0,Faramea,25.7,A
332.35,83.04,Calophyllum,617.5,A
346.66,374.92,Aglaia,14.1,A
544.56,158.38,Beilschmiedia,11.5,A
268.12,192.44,Eugenia,12.7,A
218.34,259.15,Beilschmiedia,65.8,A
425.46,108.86,Swartzia,36.7,A
171.23,75.87,Calophyllum,27.1,A
42.06,144.35,Virola,11.7,A
70.87,302.74,Dipteryx,14.3,A
77.04,311.57,Drypetes,25.4,A
21.15,76.27,Drypetes,140.5,A
181.09,22.78,Alseis,14.5,A
430.23,39.36,Garcinia,,D
111.21,74.68,Calophyllum,39.6,A
512.89,58.75,Cordia,12.4,A
196.2,186.56,Guarea,13.0,A
529.45,107.59,Shorea,,D
390.9,16.07,Guarea,,D
3.96,140.33,Aglaia,75.4,A
85.8,239.61,Aglaia,20.8,A
301.48,216.52,Inga,25.4,A
312.19,71.43,Aglaia,11.0,A
176.65,364.7,Rinorea,19.6,A
33.11,305.33,Drypetes,22.6,A
418.64,16.45,Dipteryx,84.0,A
228.57,181.11,Alseis,45.9,A
68.46,122.14,Inga,,D
174.19,130.1,Nectandra,48.4,A
424.77,137.52,Beilschmiedia,21.3,A
34.3,358.14,Cordia,16.5,A
486.9,140.11,Beilschmiedia,108.8,A
366.39,277.64,Cordia,12.8,A
234.93,278.91,Alseis,79.0,A
12.29,95.12,Calophyllum,24.9,A
268.41,205.08,Macaranga,43.9,A
163.91,325.6,Dipteryx,10.5,A
55.02,308.92,Alseis,32.6,A
464.22,118.11,Dipteryx,54.5,A
518.66,145.53,Aglaia,74.7,A
69.09,55.26,Alseis,92.3,A
384.75,12.47,Alseis,27.6,A
149.98,319.8,Calophyllum,12.0,A
157.71,98.89,Inga,13.7,A
545.54,125.74,Aglaia,21.2,A
75.32,375.21,Knema,20.5,A
228.87,92.02,Eugenia,36.7,A
435.33,83.78,Alseis,18.6,A
154.07,244.31,Nectandra,31.4,A
549.27,73.45,Faramea,187.8,A
37.66,214.63,Sloanea,98.2,A
419.28,34.56,Ocotea,26.2,A
232.25,344.55,Eugenia,15.4,A
242.47,166.45,Licania,88.9,A
344.46,121.07,Knema,49.9,A
365.01,170.79,Faramea,15.5,A
315.91,294.82,Alseis,21.9,A
82.77,37.69,Rinorea,24.1,A
397.59,54.33,Aglaia,49.1,A
109.65,254.51,Calophyllum,13.4,A
339.91,126.81,Cordia,193.7,A
565.98,53.53,Calophyllum,38.6,A
287.89,1.59,Beilschmiedia,29.7,A
567.27,171.63,Rinorea,14.8,A
18.57,350.62,Alseis,120.1,A
194.79,86.59,Calophyllum,316.3,A
469.12,16.05,Dipteryx,143.2,A
423.69,41.96,Eugenia,,D
502.42,14.08,Cordia,57.3,A
463.99,137.43,Guarea,36.4,A
154.75,260.95,Calophyllum,93.8,A
149.29,212.84,Palaquium,17.3,A
17.14,220.16,Calophyllum,27.3,A
500.13,91.26,Beilschmiedia,20.0,A
47.59,173.03,Aglaia,22.7,A
418.65,78.06,Beilschmiedia,206.2,A
87.56,91.14,Calophyllum,58.5,A
414.09,91.79,Beilschmiedia,39.7,A
39.18,217.47,Garcinia,311.2,A
375.31,67.46,Garcinia,18.3,A
117.05,384.41,Beilschmiedia,20.4,A
363.87,385.58,Tetragastris,11.2,A
381.5,255.36,Cordia,66.7,A
154.23,394.79,Dipteryx,39.2,A
350.03,269.61,Ocotea,17.0,A
204.11,80.98,Jacaranda,351.5,A
21.48,391.7,Alseis,116.2,A
345.52,166.13,Ocotea,11.5,A
322.79,250.04,Faramea,69.9,A
162.88,223.53,Calophyllum,62.2,A
252.04,204.94,Calophyllum,465.9,A
340.05,241.56,Hirtella,21.4,A
215.12,246.9,Beilschmiedia,64.3,A
408.69,98.47,Garcinia,127.0,A
398.97,332.4,Alseis,19.4,A
40.75,166.6,Calophyllum,261.2,A
211.99,42.15,Dipteryx,15.5,A
247.13,204.93,Garcinia,94.7,A
52.84,275.13,Eugenia,31.7,A
305.4,175.23,Trichilia,13.2,A
19.86,117.23,Alseis,,D
331.66,385.69,Alseis,23.2,A
430.33,148.16,Drypetes,13.3,A
5.29,233.38,Cordia,35.7,A
153.68,365.7,Cupania,125.3,A
209.22,186.06,Hirtella,137.2,A
48.5,313.85,Faramea,101.3,A
88.68,246.66,Aglaia,12.1,A
8.86,293.22,Dipteryx,33.1,A
344.27,13.8,Garcinia,15.3,A
171.12,217.86,Shorea,11.6,A
238.99,336.77,Beilschmiedia,33.1,A
47.2,71.11,Erythroxylum,13.1,A
373.59,246.84,Aglaia,26.0,A
231.55,281.52,Beilschmiedia,16.9,A
485.99,83.07,Beilschmiedia,14.9,A
379.39,398.66,Palaquium,17.3,A
123.38,285.58,Brosimum,,D
296.02,164.13,Beilschmiedia,258.4,A
151.2,107.39,Inga,22.3,A
244.67,146.44,Licania,35.6,A
367.43,321.92,Cordia,81.6,A
151.83,1.66,Dipteryx,23.4,A
379.02,354.05,Tetragastris,10.2,A
203.22,134.63,Alseis,,D
148.08,208.35,Aglaia,10.9,A
103.42,398.0,Beilschmiedia,33.7,A
477.42,97.76,Calophyllum,199.8,A
88.71,241.53,Cordia,22.2,A
311.98,212.21,Hirtella,35.9,A
186.9,113.11,Alseis,117.6,A
188.42,201.17,Drypetes,29.6,A
122.23,94.21,Inga,,D
486.6,149.6,Beilschmiedia,37.9,A
304.18,210.29,Cordia,69.9,A
119.2,194.66,Quararibea,50.3,A
119.21,236.12,Dipteryx,89.2,A
115.66,31.84,Aglaia,128.9,A
287.06,31.57,Aglaia,96.0,A
361.15,224.44,Aglaia,56.5,A
88.6,108.39,Palaquium,524.3,A
95.55,310.92,Beilschmiedia,13.3,A
37.75,95.94,Eugenia,23.9,A
373.13,191.25,Alseis,41.2,A
536.26,116.51,Calophyllum,,D
67.11,223.63,Alseis,34.9,A
237.82,61.69,Faramea,185.0,A
81.93,251.49,Drypetes,19.4,A
431.64,64.39,Alseis,15.8,A
422.25,128.65,Cordia,67.9,A
109.49,214.9,Faramea,90.1,A
236.7,112.1,Jacaranda,,D
230.69,284.75,Beilschmiedia,12.9,A
163.72,137.04,Beilschmiedia,17.2,A
339.45,394.14,Beilschmiedia,,M
117.17,314.46,Dipteryx,146.0,A
37.06,280.95,Drypetes,19.6,A
177.22,74.96,Cordia,30.8,A
117.51,74.33,Ocotea,17.4,A
94.06,179.94,Calophyllum,,D
295.51,329.6,Dipteryx,25.2,A
67.1,146.15,Drypetes,23.0,A
343.95,19.86,Garcinia,15.4,A
382.69,245.71,Beilschmiedia,12.1,A
251.11,364.02,Alseis,20.4,A
74.72,159.21,Dipteryx,,D
486.42,83.42,Beilschmiedia,76.2,A
550.58,106.05,Beilschmiedia,186.2,A
33.6,45.27,Hirtella,24.1,A
53.66,361.07,Cordia,14.0,A
267.53,331.17,Jacaranda,12.1,A
324.26,191.95,Inga,10.2,A
410.76,185.12,Calophyllum,10.4,A
443.31,132.15,Drypetes,18.2,A
104.16,53.49,Dipteryx,70.2,A
25.53,339.17,Faramea,21.8,A
310.21,315.06,Alseis,69.3,A
455.81,57.17,Calophyllum,60.2,A
80.49,46.43,Aglaia,15.1,A
108.64,34.01,Aglaia,62.0,A
103.76,262.01,Alseis,343.9,A
145.8,385.71,Alseis,29.5,A
184.89,123.12,Quararibea,437.5,A
94.27,127.13,Inga,28.3,A
149.0,99.37,Cordia,71.3,A
537.81,26.0,Faramea,400.1,A
439.13,82.46,Alseis,15.2,A
278.21,324.0,Alseis,334.4,A
168.5,343.27,Beilschmiedia,40.1,A
366.78,157.1,Eugenia,33.4,A
334.59,248.34,Eugenia,16.7,A
583.78,75.76,Alseis,,D
569.19,63.42,Guarea,10.5,A
322.39,143.21,Trichilia,86.8,A
115.35,117.67,Alseis,102.0,A
259.72,388.15,Hirtella,21.5,A
248.74,329.96,Beilschmiedia,50.6,A
48.39,12.54,Garcinia,16.7,A
31.26,224.12,Cordia,11.1,A
192.92,156.34,Calophyllum,,D
68.68,358.19,Cordia,16.0,A
164.46,234.85,Drypetes,69.2,A
305.61,124.99,Jacaranda,54.6,A
434.45,161.23,Cordia,23.9,A
238.4,45.2,Garcinia,13.6,A
85.47,166.32,Calophyllum,,D
160.19,151.43,Dipteryx,340.0,A
308.31,286.19,Cordia,17.2,A
580.87,113.61,Faramea,31.4,A
70.51,176.42,Alseis,36.0,A
259.98,287.33,Aglaia,70.3,A
339.0,232.82,Cordia,35.5,A
421.53,70.46,Inga,,D
590.52,66.55,Eugenia,59.3,A
277.55,334.02,Alseis,,D
52.4,139.04,Knema,62.5,A
477.12,123.57,Swartzia,24.9,A
226.69,331.42,Luehea,,D
49.99,247.06,Quararibea,11.5,A
86.27,35.45,Calophyllum,25.2,A
187.19,263.09,Cordia,42.5,A
77.29,296.45,Rinorea,29.2,A
513.25,136.51,Dipteryx,23.9,A
138.88,391.45,Alseis,170.0,A
229.93,180.5,Cordia,85.7,A
281.73,326.06,Nectandra,30.8,A
314.93,22.24,Hirtella,44.9,A
42.79,122.3,Drypetes,,D
314.63,200.76,Faramea,97.9,A
395.19,80.72,Garcinia,222.7,A
372.57,88.79,Ocotea,,D
57.93,322.79,Garcinia,71.5,A
124.2,183.24,Aglaia,11.5,A
150.61,45.33,Calophyllum,,D
17.48,134.64,Inga,38.1,A
147.73,280.45,Diospyros,79.2,A
300.66,323.26,Dipteryx,10.7,A
237.93,117.98,Beilschmiedia,13.8,A
470.62,168.51,Dipteryx,41.3,A
196.08,295.42,Dipteryx,12.6,A
135.75,202.45,Cordia,16.6,A
160.63,14.98,Alseis,30.7,A
494.78,3.5,Drypetes,12.1,A
172.88,115.41,Calophyllum,,D
545.56,169.71,Beilschmiedia,71.3,A
113.05,240.69,Brosimum,66.7,A
175.24,367.86,Alseis,10.7,A
106.67,351.52,Quararibea,204.8,A
529.27,144.54,Dipteryx,41.4,A
47.98,369.09,Cordia,22.9,A
212.3,186.46,Aglaia,39.6,A
475.95,159.34,Beilschmiedia,20.9,A
424.28,77.61,Aglaia,137.1,A
286.93,28.3,Aglaia,11.8,A
168.66,121.28,Aglaia,19.8,A
99.26,238.91,Macaranga,17.2,A
318.32,215.91,Protium,25.1,A
212.08,75.63,Dipteryx,12.0,A
195.61,205.43,Licania,37.4,A
139.17,135.29,Beilschmiedia,13.0,A
372.5,319.29,Aglaia,16.0,A
104.5,167.32,Calophyllum,309.6,A
419.33,122.71,Aglaia,23.3,A
83.14,106.28,Inga,14.4,A
397.05,105.5,Alseis,,D
76.25,260.37,Alseis,358.5,A
99.84,329.67,Calophyllum,113.6,A
311.21,206.38,Inga,,D
69.01,265.14,Cordia,113.4,A
414.85,195.24,Guarea,,D
181.02,209.19,Palaquium,,D
306.8,27.13,Aglaia,,D
398.11,227.68,Calophyllum,21.1,A
206.21,295.01,Aglaia,,D
268.77,252.51,Beilschmiedia,49.3,A
23.37,222.54,Aglaia,70.5,A
119.15,18.82,Alseis,11.1,A
230.42,123.24,Hirtella,52.1,A
380.76,103.63,Dipteryx,65.4,A
183.24,101.75,Dipteryx,102.6,A
540.32,4.15,Knema,11.0,A
552.05,79.1,Calophyllum,12.3,A
312.29,281.81,Sloanea,32.0,A
25.75,141.49,Drypetes,11.5,A
356.1,48.44,Dipteryx,33.8,A
190.98,45.8,Nectandra,84.6,A
198.59,162.38,Hirtella,,D
60.82,250.63,Drypetes,88.4,A
314.73,211.31,Inga,26.8,A
12.96,80.53,Beilschmiedia,11.2,A
402.75,86.75,Beilschmiedia,35.6,A
336.75,367.04,Cupania,94.1,A
262.47,175.0,Rinorea,74.5,A
106.21,390.55,Dipteryx,204.9,A
144.17,299.03,Jacaranda,154.7,A
176.89,318.61,Aglaia,115.4,A
395.13,209.11,Eugenia,10.1,A
219.03,111.4,Guarea,27.8,A
397.38,108.68,Aglaia,22.8,A
291.54,347.19,Jacaranda,48.5,A
100.6,190.64,Protium,81.6,A
187.96,378.54,Cordia,25.2,A
478.01,169.34,Ocotea,71.8,A
522.42,167.99,Beilschmiedia,14.0,A
190.35,219.88,Aglaia,20.4,A
185.55,96.36,Hirtella,27.4,A
7.44,142.05,Aglaia,15.3,A
112.9,307.38,Dipteryx,52.7,A
129.29,199.93,Faramea,463.5,A
384.45,380.11,Jacaranda,168.1,A
178.32,293.41,Faramea,47.5,A
476.41,30.73,Faramea,43.9,A
360.07,326.27,Licania,,D
231.02,232.47,Drypetes,209.6,A
96.43,83.7,Cordia,10.2,A
336.96,204.7,Calophyllum,607.6,A
568.61,88.04,Beilschmiedia,22.8,A
325.34,93.83,Aglaia,20.3,A
217.0,350.04,Trichilia,32.8,A
444.87,54.09,Dipteryx,36.5,A
155.52,98.84,Protium,20.3,A
282.54,177.16,Cordia,30.4,A
79.79,132.87,Inga,86.4,A
122.03,185.24,Gustavia,,D
61.69,120.88,Palaquium,20.6,A
2.73,80.29,Calophyllum,12.5,A
552.34,20.82,Licania,235.8,A
184.78,129.06,Dipteryx,129.5,A
85.86,232.76,Aglaia,18.8,A
89.45,154.38,Quararibea,14.0,A
75.61,334.63,Guarea,17.8,A
260.48,358.53,Nectandra,19.0,A
321.34,192.1,Inga,92.6,A
265.44,10.88,Calophyllum,11.3,A
58.53,304.09,Hirtella,25.7,A
516.83,183.83,Guarea,184.1,A
178.06,193.07,Palaquium,,D
347.13,130.69,Protium,91.4,A
7.86,362.69,Beilschmiedia,82.2,A
234.54,359.62,Alseis,435.6,A
52.43,198.77,Dipteryx,157.7,A
81.16,323.17,Knema,304.3,A
162.25,346.0,Eugenia,24.3,A
335.25,376.0,Alseis,14.1,A
439.26,194.48,Garcinia,120.9,A
225.19,65.94,Jacaranda,61.1,A
143.13,58.49,Dipteryx,50.8,A
143.82,240.42,Drypetes,11.2,A
582.39,186.82,Cordia,20.9,A
136.54,174.61,Hirtella,40.7,A
26.64,4.62,Cordia,38.9,A
552.06,179.16,Rinorea,86.1,A
408.35,32.01,Dipteryx,22.3,A
245.54,191.88,Eugenia,35.4,A
492.86,121.98,Knema,25.9,A
300.03,313.11,Aglaia,119.9,A
538.46,22.27,Dipteryx,169.8,A
128.04,283.83,Brosimum,20.3,A
153.37,133.18,Aglaia,11.3,A
139.86,38.54,Hirtella,114.5,A
303.2,189.6,Calophyllum,353.1,A
237.57,274.53,Beilschmiedia,18.5,A
173.49,142.28,Aglaia,,D
60.55,300.08,Aglaia,26.5,A
97.42,388.55,Beilschmiedia,23.4,A
270.44,247.23,Beilschmiedia,29.6,A
198.81,265.35,Alseis,16.0,A
167.37,348.19,Eugenia,,M
201.63,41.19,Alseis,10.6,A
28.57,97.29,Alseis,16.0,A
249.63,246.99,Guarea,,D
17.57,97.09,Beilschmiedia,32.3,A
414.35,107.97,Garcinia,28.9,A
346.18,103.1,Knema,36.3,A
387.26,355.0,Licania,13.5,A
387.62,60.75,Drypetes,21.8,A
146.79,272.9,Knema,186.8,A
18.28,145.0,Inga,34.7,A
81.81,121.23,Drypetes,26.0,A
266.16,323.94,Guarea,14.5,A
88.09,332.05,Drypetes,25.4,A
245.54,228.47,Calophyllum,699.4,A
22.04,199.94,Aglaia,25.1,A
91.12,98.67,Calophyllum,21.8,A
39.43,126.98,Virola,115.7,A
120.26,233.19,Anacardium,22.7,A
147.71,262.2,Dipteryx,,M
118.74,337.88,Aglaia,134.5,A
84.06,181.8,Cordia,10.7,A
307.39,216.93,Garcinia,97.1,A
143.05,185.88,Quararibea,28.6,A
539.4,37.46,Knema,88.1,A
243.65,216.71,Hirtella,10.5,A
167.4,328.93,Beilschmiedia,57.8,A
150.6,180.09,Protium,13.1,A
317.52,277.09,Dipteryx,87.1,A
175.33,204.43,Diospyros,19.6,A
398.36,211.85,Jacaranda,37.3,A
118.39,235.64,Palaquium,10.1,A
66.34,5.24,Calophyllum,78.1,A
436.53,19.29,Beilschmiedia,17.4,A
357.81,70.42,Aglaia,48.6,A
474.15,23.4,Beilschmiedia,92.4,A
259.57,245.86,Beilschmiedia,112.2,A
417.94,37.38,Aglaia,16.3,A
323.57,129.42,Trichilia,545.7,A
154.17,389.73,Ocotea,15.3,A
120.1,222.04,Palaquium,520.5,A
395.57,62.7,Jacaranda,34.0,A
311.53,179.74,Guarea,28.1,A
383.57,233.5,Beilschmiedia,15.5,A
185.64,194.76,Aglaia,23.3,A
372.5,311.66,Aglaia,,D
66.95,125.66,Virola,53.9,A
303.98,40.37,Eugenia,21.9,A
141.92,12.42,Alseis,602.0,A
5.1,162.11,Aglaia,26.2,A
240.05,170.79,Alseis,,D
178.51,374.7,Cupania,11.7,A
200.34,231.0,Cordia,,D
372.12,241.84,Garcinia,21.1,A
404.07,166.62,Nectandra,89.3,A
579.61,84.95,Aglaia,31.6,A
171.09,104.19,Shorea,37.3,A
14.43,197.51,Alseis,608.0,A
196.04,222.57,Garcinia,16.8,A
10.15,135.65,Aglaia,29.7,A
313.21,301.02,Cordia,99.9,A
392.38,201.42,Calophyllum,25.3,A
219.32,70.6,Protium,22.4,A
67.58,106.17,Palaquium,20.2,A
369.48,330.49,Shorea,32.7,A
414.85,119.11,Aglaia,10.7,A
370.3,352.35,Guarea,40.9,A
323.36,118.71,Inga,16.4,A
212.78,140.61,Dipteryx,30.2,A
114.67,274.98,Cordia,17.1,A
180.52,381.34,Rinorea,22.6,A
218.14,73.01,Eugenia,15.2,A
119.42,83.03,Calophyllum,12.4,A
185.17,395.18,Dipteryx,12.4,A
81.24,29.8,Aglaia,24.2,A
175.62,196.85,Palaquium,28.5,A
302.61,300.91,Aglaia,87.9,A
325.97,117.2,Alseis,197.9,A
78.14,4.7,Calophyllum,162.2,A
304.82,210.08,Garcinia,202.4,A
437.8,9.84,Beilschmiedia,25.5,A
132.49,130.84,Drypetes,24.6,A
230.18,185.57,Calophyllum,10.6,A
416.16,135.68,Calophyllum,16.0,A
202.34,200.24,Palaquium,496.6,A
401.52,18.81,Drypetes,19.4,A
585.92,86.38,Beilschmiedia,22.0,A
86.54,304.02,Beilschmiedia,99.2,A
243.11,345.53,Calophyllum,,D
430.32,65.11,Eugenia,15.5,A
310.95,230.93,Faramea,54.5,A
277.47,155.22,Calophyllum,14.2,A
354.54,216.27,Faramea,12.6,A
432.52,102.2,Dipteryx,10.2,A
230.24,279.46,Jacaranda,10.1,A
54.31,387.4,Quararibea,281.1,A
171.77,285.76,Guarea,41.9,A
391.05,98.81,Hirtella,86.4,A
180.33,159.88,Aglaia,17.0,A
20.2,232.1,Calophyllum,13.1,A
271.03,15.05,Beilschmiedia,114.3,A
328.75,19.86,Nectandra,192.8,A
236.94,216.37,Garcinia,,D
78.77,84.37,Aglaia,21.1,A
489.53,105.08,Ocotea,69.1,A
87.74,309.43,Guarea,24.8,A
40.84,144.32,Virola,,D
196.02,133.15,Aglaia,25.8,A
46.41,302.34,Faramea,,D
585.71,4.37,Licania,32.9,A
580.14,71.49,Aglaia,25.6,A
8.51,317.56,Faramea,77.5,A
234.19,214.11,Eugenia,14.2,A
282.53,200.36,Eugenia,16.8,A
174.79,168.93,Jacaranda,25.8,A
393.2,61.29,Xylopia,18.1,A
212.85,31.61,Dipteryx,,D
238.28,189.65,Licania,363.9,A
290.01,154.79,Inga,76.3,A
218.53,156.55,Aglaia,19.6,A
171.95,354.38,Eugenia,,D
490.57,44.51,Calophyllum,33.6,A
193.49,355.62,Dipteryx,47.5,A
232.16,286.05,Aglaia,18.2,A
2.65,376.23,Eugenia,10.3,A
517.98,43.46,Licania,,D
135.46,55.29,Ocotea,19.4,A
432.69,175.93,Garcinia,11.1,A
162.25,199.42,Drypetes,15.6,A
284.69,312.0,Aglaia,99.0,A
255.16,215.86,Dipteryx,,D
446.02,91.55,Guarea,11.2,A
190.4,359.44,Ocotea,10.5,A
143.88,268.49,Alseis,29.3,A
73.78,37.93,Hirtella,,D
245.99,206.16,Dipteryx,93.0,A
257.55,187.42,Garcinia,32.5,A
364.44,382.35,Tetragastris,14.0,A
119.49,102.61,Drypetes,13.1,A
207.2,95.49,Cordia,44.6,A
86.23,322.85,Garcinia,28.8,A
294.73,204.59,Inga,111.4,A
368.78,285.01,Calophyllum,30.1,A
295.52,248.1,Dipteryx,402.9,A
294.08,323.44,Aglaia,104.3,A
503.36,64.29,Guarea,10.9,A
421.02,61.9,Aglaia,118.8,A
28.77,293.88,Drypetes,,D
344.09,389.9,Dipteryx,10.7,A
99.32,71.76,Cordia,16.3,A
400.97,55.14,Inga,20.8,A
314.14,175.56,Garcinia,188.2,A
440.12,69.45,Eugenia,16.3,A
46.43,263.49,Guarea,42.5,A
315.99,377.67,Calophyllum,29.5,A
551.95,37.95,Alseis,23.0,A
218.39,35.4,Calophyllum,196.7,A
340.36,305.75,Dipteryx,136.8,A
176.81,150.82,Quararibea,130.0,A
103.88,21.37,Eugenia,93.5,A
96.1,265.15,Dipteryx,63.9,A
286.22,201.9,Inga,58.6,A
400.83,107.08,Alseis,10.5,A
185.96,180.91,Nectandra,17.6,A
198.67,102.33,Aglaia,58.6,A
463.23,108.61,Nectandra,,M
154.29,251.69,Alseis,17.6,A
6.89,89.97,Beilschmiedia,94.8,A
369.83,100.74,Dipteryx,12.6,A
30.11,138.05,Cordia,23.1,A
163.92,216.88,Alseis,169.7,A
192.47,61.68,Knema,,D
86.37,258.5,Knema,31.8,A
342.5,130.24,Aglaia,33.0,A
423.0,188.94,Alseis,41.6,A
112.42,347.7,Guarea,97.1,A
463.7,137.51,Guarea,,D
243.03,15.48,Alseis,24.6,A
151.04,122.18,Garcinia,247.4,A
571.87,54.56,Aglaia,96.0,A
380.39,102.96,Garcinia,30.1,A
236.78,63.33,Dipteryx,91.8,A
443.7,35.44,Calophyllum,250.2,A
372.02,329.22,Alseis,16.2,A
388.01,62.63,Garcinia,,D
205.92,318.37,Cordia,20.3,A
102.6,315.71,Cordia,134.1,A
10.72,262.29,Alseis,11.8,A
442.17,97.79,Calophyllum,,D
179.24,16.88,Hirtella,10.5,A
70.86,313.14,Rinorea,32.7,A
38.02,309.98,Drypetes,15.0,A
496.61,49.18,Calophyllum,11.1,A
26.18,227.97,Calophyllum,32.7,A
136.2,279.53,Cordia,26.7,A
217.67,191.74,Calophyllum,919.7,A
597.04,142.85,Faramea,32.3,A
360.53,85.86,Calophyllum,68.6,A
2.11,150.14,Aglaia,28.1,A
234.68,269.28,Eugenia,58.4,A
340.89,349.31,Macaranga,22.8,A
248.06,214.06,Garcinia,11.0,A
27.55,141.16,Virola,33.6,A
296.92,33.76,Aglaia,16.7,A
292.94,305.84,Alseis,217.0,A
378.41,255.03,Garcinia,31.7,A
333.28,148.09,Alseis,368.6,A
232.15,268.73,Beilschmiedia,47.7,A
233.45,272.87,Garcinia,38.3,A
296.16,210.47,Garcinia,185.3,A
359.13,220.76,Eugenia,30.5,A
104.61,136.71,Cordia,27.3,A
167.23,151.92,Palaquium,12.9,A
221.54,318.79,Hirtella,24.7,A
55.2,226.38,Alseis,27.0,A
47.92,232.43,Jacaranda,118.6,A
281.29,40.83,Aglaia,16.9,A
247.37,228.24,Garcinia,15.1,A
214.63,271.9,Alseis,15.9,A
437.33,147.35,Cordia,13.3,A
333.52,104.75,Macaranga,60.5,A
280.23,197.8,Hirtella,47.9,A
406.29,87.2,Beilschmiedia,16.2,A
513.87,96.27,Drypetes,13.3,A
300.43,177.59,Ocotea,22.6,A
34.4,175.58,Dipteryx,80.1,A
155.61,302.56,Calophyllum,,D
70.25,86.18,Aglaia,73.5,A
374.62,339.33,Aglaia,70.7,A
490.58,16.4,Calophyllum,189.8,A
81.07,195.48,Hirtella,29.9,A
216.84,158.88,Alseis,27.7,A
36.14,70.21,Jacaranda,31.3,A
214.33,255.19,Aglaia,138.9,A
170.33,209.6,Palaquium,17.2,A
278.14,333.54,Alseis,229.2,A
181.49,354.48,Rinorea,11.5,A
152.79,266.42,Alseis,35.2,A
401.28,124.6,Alseis,52.8,A
262.86,212.18,Garcinia,173.8,A
87.3,389.16,Beilschmiedia,42.9,A
361.57,22.11,Calophyllum,,D
516.68,162.72,Guarea,47.0,A
130.29,344.53,Jacaranda,22.0,A
5.64,157.11,Sloanea,10.9,A
319.93,386.42,Cupania,194.2,A
91.78,254.58,Garcinia,175.8,A
230.81,5.58,Calophyllum,13.6,A
511.2,22.27,Licania,682.4,A
49.26,117.7,Alseis,19.8,A
227.6,368.76,Cordia,11.9,A
342.02,86.87,Cecropia,26.6,A
215.48,247.88,Hirtella,,D
12.86,171.08,Inga,190.2,A
248.27,144.63,Knema,13.6,A
47.32,133.14,Drypetes,13.5,A
352.91,82.13,Aglaia,12.7,A
172.45,218.72,Cordia,68.0,A
52.71,338.04,Rinorea,50.5,A
111.23,114.23,Hirtella,12.6,A
331.36,37.57,Hirtella,11.9,A
33.91,305.42,Calophyllum,134.3,A
189.05,331.57,Calophyllum,79.4,A
93.65,320.27,Cordia,86.5,A
122.85,266.76,Brosimum,21.5,A
329.75,46.54,Dipteryx,75.7,A
7.3,86.7,Alseis,17.1,A
208.53,125.7,Ocotea,16.5,A
106.93,351.57,Knema,,D
594.18,66.02,Aglaia,35.0,A
239.57,175.86,Alseis,375.8,A
300.67,381.3,Alseis,542.4,A
209.8,250.86,Aglaia,17.0,A
137.97,374.71,Guarea,27.3,A
206.14,338.56,Dipteryx,126.0,A
108.07,129.91,Alseis,,D
34.35,123.42,Calophyllum,49.5,A
549.78,170.79,Guarea,11.1,A
496.4,135.19,Beilschmiedia,65.8,A
226.61,374.73,Alseis,383.6,A
118.35,387.09,Cordia,16.6,A
178.82,331.57,Beilschmiedia,102.4,A
358.93,228.76,Ocotea,59.0,A
133.5,297.88,Faramea,338.8,A
53.96,255.95,Cordia,20.8,A
373.69,44.75,Inga,10.4,A
347.21,71.1,Garcinia,341.7,A
81.63,99.85,Xylopia,31.4,A
302.78,215.15,Inga,20.1,A
393.41,200.13,Ocotea,11.6,A
161.91,133.37,Beilschmiedia,10.2,A
207.18,272.67,Guarea,38.2,A
191.52,129.6,Palaquium,26.1,A
139.24,108.85,Protium,12.7,A
373.1,228.43,Jacaranda,28.2,A
55.92,281.0,Drypetes,41.2,A
298.08,348.91,Dipteryx,275.2,A
58.73,144.06,Drypetes,,D
198.33,89.36,Guarea,53.1,A
99.94,112.65,Calophyllum,11.1,A
183.47,288.21,Dipteryx,12.8,A
282.75,351.12,Nectandra,149.3,A
325.1,161.4,Inga,25.0,A
102.8,312.54,Hirtella,37.8,A
344.66,185.66,Protium,35.7,A
93.32,114.61,Inga,10.0,A
464.49,144.79,Beilschmiedia,11.7,A
96.89,303.9,Beilschmiedia,10.5,A
223.35,185.89,Licania,206.5,A
15.76,135.85,Aglaia,89.8,A
102.15,229.68,Hirtella,24.6,A
60.62,281.39,Calophyllum,15.8,A
335.93,391.95,Beilschmiedia,92.1,A
336.63,361.99,Alseis,,D
49.83,129.33,Swartzia,20.7,A
227.89,72.69,Garcinia,23.4,A
244.49,327.15,Beilschmiedia,,D
26.87,103.4,Shorea,34.1,A
279.69,158.37,Beilschmiedia,68.6,A
480.03,108.91,Guarea,17.0,A
457.11,8.49,Beilschmiedia,44.8,A
327.22,88.97,Dipteryx,262.4,A
516.57,70.27,Drypetes,75.1,A
396.32,114.38,Swartzia,,D
194.01,210.91,Macaranga,24.4,A
453.73,164.28,Drypetes,16.6,A
440.35,190.08,Guarea,32.2,A
179.07,334.48,Cordia,10.9,A
208.01,31.99,Alseis,54.1,A
249.44,278.26,Alseis,18.2,A
589.6,96.59,Guarea,20.1,A
152.24,272.57,Brosimum,108.8,A
46.7,268.56,Eugenia,,D
97.64,313.75,Rinorea,19.6,A
80.94,126.02,Cordia,68.8,A
362.26,356.68,Aglaia,14.4,A
527.94,55.27,Knema,41.5,A
252.86,324.32,Jacaranda,109.8,A
196.9,328.98,Calophyllum,23.1,A
65.85,50.09,Nectandra,29.2,A
54.35,202.42,Aglaia,52.9,A
189.17,202.32,Garcinia,12.3,A
194.49,103.33,Garcinia,18.2,A
191.53,151.53,Aglaia,24.8,A
109.02,285.02,Knema,72.9,A
274.93,171.64,Ocotea,36.5,A
351.54,83.23,Ficus,258.2,A
182.92,35.15,Calophyllum,10.6,A
183.05,224.86,Drypetes,67.1,A
219.12,276.14,Dipteryx,17.1,A
389.3,322.73,Alseis,193.9,A
28.26,155.46,Inga,179.1,A
60.12,310.85,Aglaia,11.3,A
378.3,42.67,Drypetes,15.6,A
30.62,182.9,Cordia,14.1,A
536.35,118.95,Aglaia,160.8,A
416.75,85.1,Ocotea,195.3,A
127.83,375.56,Ocotea,10.2,A
41.05,54.82,Erythroxylum,101.6,A
35.76,316.14,Faramea,15.5,A
48.32,88.43,Eugenia,13.4,A
93.06,254.37,Garcinia,12.0,A
265.08,323.67,Aglaia,134.3,A
302.84,38.12,Eugenia,70.3,A
49.77,237.13,Calophyllum,,D
87.52,184.7,Quararibea,315.7,A
575.25,193.24,Shorea,19.6,A
371.27,36.07,Hirtella,147.7,A
73.78,299.47,Dipteryx,124.2,A
408.8,43.45,Drypetes,114.3,A
532.05,51.26,Alseis,30.2,A
278.68,156.48,Inga,172.9,A
184.66,323.83,Beilschmiedia,38.7,A
93.55,74.79,Calophyllum,10.6,A
66.41,80.31,Guarea,38.3,A
357.94,338.84,Calophyllum,,D
391.06,216.79,Eugenia,11.9,A
77.2,192.67,Nectandra,13.3,A
298.66,351.5,Alseis,201.6,A
21.96,249.78,Faramea,17.2,A
219.55,306.63,Protium,192.5,A
215.93,204.73,Dipteryx,39.7,A
248.12,272.54,Alseis,40.4,A
111.81,375.34,Swartzia,53.9,A
97.27,261.22,Aglaia,12.9,A
287.72,369.53,Aglaia,18.6,A
381.37,61.09,Alseis,,D
276.49,205.95,Guarea,98.4,A
80.06,224.13,Eugenia,46.0,A
348.55,399.94,Palaquium,12.1,A
390.46,102.89,Guarea,15.2,A
24.9,297.48,Faramea,40.3,A
368.1,187.79,Cordia,36.4,A
241.83,170.64,Alseis,423.7,A
26.2,164.06,Inga,23.3,A
64.56,296.26,Aglaia,,D
310.62,219.24,Inga,17.8,A
34.21,128.65,Virola,29.4,A
216.79,113.48,Garcinia,10.4,A
313.75,221.53,Calophyllum,24.8,A
244.1,340.63,Aglaia,34.8,A
385.62,326.26,Dipteryx,33.0,A
44.17,232.32,Eugenia,,D
243.48,172.62,Alseis,449.9,A
376.81,244.81,Beilschmiedia,32.0,A
73.23,292.49,Aglaia,,D
291.15,157.94,Beilschmiedia,44.8,A
320.93,140.6,Inga,61.4,A
399.81,244.1,Licania,35.2,A
311.13,342.81,Macaranga,11.2,A
315.91,305.39,Guarea,31.3,A
295.17,160.97,Cordia,41.6,A
486.92,135.14,Jacaranda,10.1,A
80.77,156.61,Dipteryx,293.2,A
284.35,331.31,Aglaia,26.9,A
3.51,239.09,Alseis,500.7,A
461.52,125.45,Rinorea,10.2,A
222.51,179.26,Hirtella,28.1,A
422.59,138.23,Faramea,72.0,A
119.08,226.62,Cordia,10.4,A
395.11,333.93,Licania,30.5,A
60.16,224.08,Alseis,54.6,A
66.19,72.19,Cordia,125.6,A
46.75,230.2,Garcinia,12.1,A
547.6,66.26,Guarea,12.3,A
324.14,184.93,Cordia,47.0,A
462.03,171.79,Beilschmiedia,26.1,A
86.78,272.5,Alseis,13.2,A
331.0,36.07,Hirtella,204.4,A
304.05,376.63,Cupania,11.4,A
357.58,24.98,Nectandra,104.7,A
121.85,83.21,Calophyllum,40.6,A
395.87,103.45,Garcinia,83.5,A
81.37,52.58,Aglaia,64.6,A
147.69,192.92,Faramea,18.9,A
103.95,216.89,Calophyllum,327.7,A
175.67,263.77,Calophyllum,13.3,A
380.55,298.91,Licania,31.4,A
82.0,229.19,Garcinia,28.1,A
478.24,10.41,Licania,99.5,A
332.77,394.28,Alseis,28.9,A
244.46,327.52,Beilschmiedia,31.7,A
538.47,54.93,Faramea,22.5,A
506.3,75.96,Dipteryx,42.8,A
204.58,308.34,Dipteryx,138.0,A
222.32,396.25,Ocotea,31.6,A
408.2,110.52,Alseis,17.9,A
94.25,37.47,Cordia,29.2,A
422.12,184.27,Eugenia,119.0,A
420.49,192.07,Alseis,,D
493.2,20.14,Eugenia,10.1,A
39.63,364.52,Guarea,28.1,A
218.0,247.62,Aglaia,143.9,A
338.83,394.0,Beilschmiedia,171.0,A
280.37,357.23,Alseis,,D
136.53,370.11,Guarea,24.5,A
235.89,286.25,Aglaia,30.1,A
64.36,98.59,Inga,21.9,A
90.49,308.71,Beilschmiedia,40.0,A
247.03,379.7,Calophyllum,145.6,A
47.6,328.17,Aglaia,133.2,A
541.38,190.82,Cordia,38.4,A
131.84,113.05,Macaranga,15.2,A
58.45,182.35,Calophyllum,483.6,A
442.75,104.73,Dipteryx,64.9,A
17.79,376.56,Eugenia,17.8,A
284.59,172.34,Nectandra,45.4,A
287.4,369.38,Aglaia,,D
182.97,197.4,Calophyllum,50.5,A
49.72,331.3,Drypetes,10.4,A
30.56,373.39,Beilschmiedia,38.5,A
387.48,251.18,Beilschmiedia,22.9,A
239.18,109.35,Beilschmiedia,21.4,A
299.2,284.5,Aglaia,35.9,A
178.38,88.02,Cordia,15.9,A
314.13,323.19,Hirtella,180.7,A
284.96,272.58,Calophyllum,14.1,A
268.59,164.18,Trichilia,12.9,A
570.48,19.84,Dipteryx,93.5,A
370.06,254.64,Aglaia,48.2,A
320.65,24.97,Drypetes,11.3,A
88.19,262.68,Alseis,13.6,A
387.94,76.43,Alseis,35.6,A
536.78,109.04,Licania,22.0,A
193.35,65.93,Anacardium,50.2,A
56.91,131.84,Drypetes,198.7,A
383.94,374.1,Tetragastris,36.5,A
315.84,279.67,Hirtella,13.0,A
251.51,296.84,Eugenia,19.4,A
193.83,221.85,Garcinia,16.3,A
72.52,141.09,Drypetes,336.6,A
208.07,230.05,Drypetes,252.5,A
254.53,157.36,Calophyllum,146.1,A
201.43,94.63,Garcinia,207.9,A
161.53,195.58,Alseis,41.8,A
94.1,196.34,Knema,704.4,A
365.93,294.61,Cordia,13.7,A
149.47,123.3,Calophyllum,51.6,A
594.44,36.86,Licania,254.9,A
295.98,340.59,Alseis,22.8,A
141.8,391.7,Alseis,89.8,A
344.87,127.55,Knema,32.9,A
173.35,103.93,Protium,191.3,A
247.81,324.1,Calophyllum,255.6,A
205.69,34.83,Calophyllum,10.7,A
557.35,159.47,Aglaia,14.5,A
158.69,297.3,Alseis,354.0,A
228.08,352.09,Protium,20.7,A
48.71,337.15,Garcinia,11.7,A
110.56,39.42,Alseis,35.5,A
1.83,379.45,Beilschmiedia,49.0,A
244.68,162.98,Alseis,416.9,A
232.33,366.56,Jacaranda,31.0,A
210.93,124.35,Alseis,25.8,A
341.41,261.32,Eugenia,,D
396.22,101.18,Alseis,15.5,A
388.05,264.08,Aglaia,37.7,A
185.13,341.14,Cordia,16.3,A
2.11,220.25,Calophyllum,423.3,A
571.55,135.27,Guarea,12.7,A
113.69,27.68,Eugenia,40.8,A
379.12,291.23,Cordia,72.2,A
509.33,57.55,Calophyllum,128.0,A
375.55,328.99,Alseis,24.2,A
85.18,122.44,Cordia,13.4,A
381.13,235.68,Aglaia,16.1,A
47.7,169.25,Alseis,47.9,A
175.02,317.03,Drypetes,56.5,A
193.78,202.32,Aglaia,,D
218.93,269.17,Aglaia,53.8,A
391.58,232.44,Garcinia,35.9,A
115.01,235.57,Dipteryx,,D
256.77,215.49,Calophyllum,929.7,A
68.23,303.59,Guarea,67.9,A
570.66,83.45,Aglaia,46.1,A
128.87,283.48,Brosimum,40.2,A
315.89,39.24,Xylopia,24.3,A
115.51,138.47,Jacaranda,45.7,A
30.88,96.1,Drypetes,10.8,A
182.65,110.53,Cordia,18.7,A
537.51,175.8,Aglaia,38.2,A
111.66,79.69,Cordia,24.1,A
149.9,265.78,Brosimum,,D
422.25,46.14,Swartzia,15.4,A
172.76,98.72,Macaranga,10.7,A
211.14,228.28,Jacaranda,18.3,A
62.46,160.07,Drypetes,55.2,A
390.77,263.89,Dipteryx,33.2,A
427.91,20.91,Beilschmiedia,24.2,A
42.38,310.87,Alseis,17.2,A
184.4,211.17,Drypetes,10.8,A
219.44,88.14,Jacaranda,13.5,A
212.1,89.8,Eugenia,13.3,A
550.95,54.06,Alseis,17.1,A
24.01,367.94,Dipteryx,24.5,A
533.17,16.57,Licania,936.0,A
61.79,217.27,Alseis,21.5,A
581.11,23.48,Faramea,47.9,A
304.69,211.49,Faramea,309.4,A
257.79,337.58,Aglaia,17.9,A
275.24,302.08,Nectandra,170.1,A
381.88,378.47,Tetragastris,23.0,A
575.83,94.57,Alseis,26.9,A
305.99,171.44,Beilschmiedia,25.8,A
163.98,345.87,Eugenia,45.1,A
32.64,47.26,Licania,16.1,A
86.27,120.16,Inga,15.5,A
441.93,49.84,Beilschmiedia,170.0,A
212.35,202.28,Drypetes,41.4,A
324.81,120.27,Beilschmiedia,35.2,A
528.71,166.49,Beilschmiedia,66.2,A
171.13,70.09,Hirtella,88.1,A
192.26,62.19,Knema,295.8,A
269.88,297.13,Dipteryx,324.1,A
140.77,72.46,Inga,35.2,A
38.39,374.19,Beilschmiedia,140.7,A
253.83,340.68,Trichilia,301.2,A
254.53,355.37,Diospyros,58.4,A
146.67,149.68,Calophyllum,10.8,A
250.17,36.77,Alseis,28.7,A
319.82,304.06,Alseis,565.3,A
434.86,166.67,Hirtella,19.1,A
111.17,373.78,Guarea,36.3,A
283.22,215.68,Dipteryx,21.1,A
247.42,285.07,Hirtella,12.4,A
163.09,21.14,Alseis,124.1,A
2.49,270.18,Faramea,12.8,A
295.06,164.23,Licania,10.4,A
355.51,164.99,Sloanea,15.2,A
196.75,327.83,Faramea,28.6,A
242.33,110.0,Beilschmiedia,110.0,A
336.23,179.05,Sloanea,11.3,A
202.56,338.05,Eugenia,90.3,A
415.24,76.8,Garcinia,17.9,A
521.86,190.11,Alseis,14.7,A
64.52,112.83,Palaquium,459.1,A
133.4,146.0,Cordia,15.4,A
559.88,14.91,Calophyllum,18.8,A
251.89,226.7,Dipteryx,26.7,A
310.12,101.53,Alseis,10.6,A
355.12,264.42,Cordia,61.3,A
175.96,205.12,Calophyllum,124.2,A
113.37,231.14,Aglaia,,M
474.56,102.43,Beilschmiedia,11.6,A
403.83,122.41,Alseis,27.3,A
318.84,326.3,Alseis,140.8,A
382.64,92.99,Alseis,33.1,A
543.49,151.26,Shorea,11.9,A
310.36,40.91,Eugenia,125.2,A
501.25,114.79,Jacaranda,16.0,A
236.24,329.28,Beilschmiedia,20.5,A
483.63,161.17,Drypetes,154.2,A
182.36,58.31,Hirtella,,D
10.59,239.35,Dipteryx,195.8,A
157.84,143.17,Beilschmiedia,17.7,A
159.18,255.21,Rinorea,88.3,A
24.77,204.34,Aglaia,153.6,A
451.68,150.04,Hura,270.6,A
16.23,279.81,Calophyllum,40.1,A
58.31,289.0,Macaranga,,D
269.76,244.17,Beilschmiedia,74.3,A
561.6,106.68,Beilschmiedia,153.1,A
71.81,86.13,Knema,28.4,A
105.55,77.03,Protium,72.7,A
188.39,142.03,Aglaia,12.4,A
335.17,35.91,Swartzia,,D
99.65,307.49,Drypetes,357.9,A
144.71,152.6,Guarea,77.1,A
173.94,187.55,Hirtella,59.2,A
219.81,218.46,Dipteryx,77.5,A
108.89,7.38,Hirtella,54.6,A
10.5,307.54,Drypetes,10.6,A
368.23,84.29,Cordia,58.2,A
287.81,156.4,Trichilia,16.7,A
580.76,66.98,Guarea,11.2,A
44.65,372.56,Beilschmiedia,,D
303.78,42.3,Dipteryx,165.4,A
491.77,9.89,Eugenia,108.1,A
223.34,249.34,Beilschmiedia,220.3,A
118.46,51.82,Cordia,190.0,A
347.37,295.76,Dipteryx,11.1,A
374.6,232.07,Garcinia,20.3,A
124.3,225.08,Eugenia,10.3,A
68.16,177.28,Alseis,14.9,A
161.15,207.6,Alseis,,D
393.77,386.95,Dipteryx,14.7,A
122.37,226.11,Faramea,20.0,A
355.37,129.74,Macaranga,,D
311.74,304.18,Alseis,16.3,A
26.37,288.49,Cordia,27.2,A
174.31,356.27,Alseis,10.4,A
118.01,363.51,Jacaranda,50.6,A
232.1,202.2,Alseis,134.5,A
184.82,284.25,Aglaia,17.6,A
350.1,37.44,Cordia,18.1,A
95.11,274.19,Alseis,,D
432.36,132.6,Beilschmiedia,26.5,A
389.91,48.44,Inga,53.2,A
536.57,103.36,Aglaia,11.2,A
106.05,252.18,Brosimum,12.2,A
17.33,282.49,Dipteryx,387.3,A
21.26,275.82,Drypetes,13.9,A
387.45,237.11,Calophyllum,35.7,A
30.54,125.84,Xylopia,526.1,A
149.95,150.95,Alseis,33.5,A
81.07,315.5,Aglaia,11.5,A
45.13,306.56,Garcinia,239.6,A
289.11,27.74,Nectandra,10.8,A
6.31,382.62,Cordia,13.8,A
126.87,127.25,Dipteryx,,D
13.63,306.14,Calophyllum,18.5,A
68.2,68.0,Alseis,23.7,A
541.37,65.11,Alseis,61.2,A
512.29,163.37,Dipteryx,120.1,A
330.37,116.11,Beilschmiedia,14.5,A
94.13,65.73,Calophyllum,22.7,A
374.69,80.14,Aglaia,89.9,A
248.17,189.09,Licania,463.3,A
151.94,177.48,Cordia,11.4,A
111.86,259.51,Calophyllum,13.6,A
397.8,135.12,Ocotea,65.8,A
94.45,169.62,Dipteryx,34.3,A
191.4,382.79,Cupania,27.5,A
14.58,355.39,Cordia,80.0,A
399.27,213.1,Macaranga,,D
401.83,60.1,Inga,130.6,A
477.94,128.26,Cordia,37.1,A
36.96,316.53,Aglaia,41.2,A
323.93,113.93,Nectandra,46.2,A
172.36,307.05,Faramea,36.5,A
358.27,84.85,Alseis,120.3,A
205.23,303.53,Aglaia,98.8,A
236.92,317.94,Eugenia,45.5,A
476.58,108.02,Nectandra,45.6,A
18.69,151.64,Inga,107.1,A
348.3,248.81,Calophyllum,33.9,A
165.08,218.39,Alseis,101.7,A
197.12,218.79,Garcinia,60.1,A
357.48,224.01,Jacaranda,55.6,A
347.33,376.08,Alseis,22.8,A
304.55,291.0,Hirtella,33.1,A
334.37,26.45,Garcinia,41.1,A
164.94,170.3,Cordia,,D
430.45,62.79,Alseis,43.2,A
201.66,231.81,Drypetes,63.1,A
53.75,131.58,Alseis,60.0,A
323.63,368.18,Alseis,432.5,A
309.87,24.96,Aglaia,102.8,A
62.0,147.01,Guarea,37.9,A
200.54,100.96,Aglaia,15.1,A
85.43,394.72,Calophyllum,48.7,A
248.94,23.31,Alseis,16.8,A
57.72,290.78,Knema,36.7,A
92.12,315.86,Knema,65.6,A
176.47,226.61,Dipteryx,48.1,A
89.98,165.24,Cordia,10.1,A
531.34,76.79,Calophyllum,44.3,A
180.62,165.43,Dipteryx,17.3,A
511.09,64.14,Knema,175.6,A
89.54,305.23,Cordia,12.1,A
98.07,212.14,Guarea,12.0,A
50.53,141.99,Virola,11.8,A
28.0,73.14,Hirtella,34.4,A
379.71,40.03,Jacaranda,10.0,A
229.16,128.37,Dipteryx,12.6,A
91.09,153.4,Calophyllum,244.6,A
417.99,33.97,Eugenia,21.8,A
181.4,185.8,Palaquium,101.7,A
339.99,189.8,Jacaranda,23.4,A
222.97,264.45,Xylopia,18.5,A
10.97,130.18,Aglaia,49.1,A
170.54,54.96,Swartzia,85.4,A
531.71,158.93,Calophyllum,13.9,A
226.93,56.52,Cordia,45.7,A
141.18,270.52,Calophyllum,,M
332.09,239.83,Dipteryx,10.1,A
333.93,259.83,Macaranga,10.2,A
201.51,205.81,Calophyllum,261.8,A
101.55,100.64,Dipteryx,,D
112.74,272.38,Garcinia,11.7,A
335.72,346.22,Cordia,110.9,A
75.6,298.79,Aglaia,29.8,A
477.51,7.65,Eugenia,,D
400.4,149.63,Guarea,,D
396.34,131.48,Jacaranda,18.0,A
326.66,328.81,Knema,19.0,A
392.71,104.83,Garcinia,27.9,A
60.17,201.24,Aglaia,10.6,A
295.73,11.51,Aglaia,18.2,A
103.11,229.79,Aglaia,13.4,A
571.14,97.5,Hirtella,15.8,A
49.42,44.93,Licania,,D
128.94,240.38,Calophyllum,,D
160.07,14.81,Calophyllum,24.2,A
260.24,193.41,Garcinia,13.4,A
122.39,102.34,Dipteryx,10.7,A
297.17,363.18,Aglaia,,D
458.09,29.69,Eugenia,12.5,A
77.56,236.36,Dipteryx,98.4,A
494.57,16.63,Eugenia,20.4,A
368.49,254.82,Calophyllum,10.0,A
400.64,112.18,Alseis,25.4,A
171.55,113.2,Guarea,15.7,A
50.16,354.45,Dipteryx,15.3,A
445.3,141.32,Guarea,190.3,A
440.83,69.08,Eugenia,15.0,A
118.78,112.98,Dipteryx,84.4,A
347.72,350.49,Alseis,10.3,A
41.83,278.67,Drypetes,26.3,A
533.17,26.93,Licania,29.3,A
340.28,262.74,Shorea,,D
204.27,71.89,Dipteryx,11.5,A
70.76,223.16,Guarea,354.5,A
38.63,258.3,Calophyllum,161.5,A
6.69,235.43,Alseis,45.0,A
552.87,136.32,Guarea,16.3,A
501.04,61.19,Jacaranda,,D
309.5,149.78,Inga,16.7,A
167.79,225.58,Guarea,15.1,A
569.21,148.97,Faramea,20.1,A
24.44,160.33,Drypetes,15.4,A
326.61,203.57,Inga,12.1,A
108.69,179.89,Cordia,16.4,A
47.28,105.35,Dipteryx,15.5,A
266.9,272.83,Aglaia,61.4,A
464.82,184.7,Faramea,84.0,A
240.69,89.63,Eugenia,20.5,A
242.53,33.42,Nectandra,66.4,A
119.73,242.56,Brosimum,24.1,A
480.95,97.2,Ocotea,30.4,A
21.51,114.02,Inga,11.4,A
278.48,6.23,Beilschmiedia,38.0,A
229.01,257.44,Beilschmiedia,84.9,A
294.36,15.1,Aglaia,89.6,A
23.05,120.78,Alseis,49.6,A
362.61,22.57,Drypetes,19.6,A
235.34,255.87,Aglaia,13.2,A
387.74,79.57,Inga,,D
412.13,154.63,Palaquium,83.1,A
159.31,150.97,Cordia,44.3,A
10.58,93.27,Drypetes,61.4,A
361.76,397.71,Eugenia,12.9,A
576.93,85.51,Beilschmiedia,,D
305.69,61.37,Dipteryx,38.7,A
209.63,238.75,Aglaia,27.8,A
94.2,356.17,Guarea,12.0,A
49.04,138.75,Drypetes,10.6,A
111.42,261.62,Macaranga,17.0,A
151.44,391.96,Alseis,13.7,A
161.14,223.83,Aglaia,23.2,A
351.08,61.36,Dipteryx,11.8,A
572.34,71.47,Alseis,24.1,A
163.74,359.37,Faramea,18.7,A
180.48,300.46,Eugenia,11.8,A
140.06,114.73,Anacardium,10.7,A
317.56,115.42,Beilschmiedia,21.6,A
90.58,88.18,Alseis,44.6,A
183.83,301.03,Eugenia,11.6,A
276.11,206.55,Swartzia,49.8,A
310.83,67.83,Dipteryx,47.3,A
173.78,141.3,Macaranga,10.3,A
551.85,43.06,Faramea,22.3,A
85.45,110.67,Drypetes,63.6,A
334.97,356.86,Alseis,13.4,A
323.88,201.68,Inga,13.2,A
215.45,267.85,Aglaia,11.0,A
165.54,375.3,Alseis,,D
2.15,300.04,Cordia,30.6,A
143.16,34.73,Guarea,12.4,A
465.86,166.99,Drypetes,,D
121.09,291.24,Drypetes,12.5,A
492.08,162.39,Drypetes,14.3,A
246.1,164.04,Alseis,15.3,A
111.41,168.84,Guarea,102.7,A
363.79,177.39,Calophyllum,28.4,A
201.43,53.02,Alseis,62.5,A
296.4,153.59,Jacaranda,12.1,A
43.61,280.23,Drypetes,69.0,A
365.79,84.01,Knema,95.0,A
235.1,237.42,Dipteryx,33.3,A
165.89,177.42,Dipteryx,16.5,A
48.79,201.63,Anacardium,227.7,A
343.27,81.26,Ocotea,12.4,A
396.2,35.67,Jacaranda,87.1,A
109.31,236.43,Calophyllum,42.0,A
363.61,139.15,Hirtella,12.3,A
89.19,303.35,Beilschmiedia,49.1,A
210.87,252.95,Beilschmiedia,13.2,A
104.31,232.16,Shorea,18.4,A
401.5,95.13,Beilschmiedia,12.8,A
53.47,305.85,Knema,18.2,A
164.92,237.44,Faramea,14.8,A
196.69,162.88,Aglaia,,M
55.2,312.13,Aglaia,14.0,A
538.62,196.91,Calophyllum,183.0,A
170.85,206.01,Drypetes,12.0,A
71.36,323.33,Knema,,D
380.31,375.02,Licania,10.0,A
254.72,351.52,Jacaranda,15.4,A
113.01,209.47,Calophyllum,17.1,A
473.81,59.76,Faramea,56.3,A
471.05,47.52,Eugenia,139.2,A
212.43,111.52,Aglaia,,D
19.76,133.77,Inga,,D
428.86,59.86,Alseis,,D
200.25,376.79,Cordia,152.0,A
329.1,162.68,Jacaranda,80.8,A
66.47,155.89,Dipteryx,37.6,A
578.84,150.78,Calophyllum,41.0,A
30.53,376.73,Guarea,46.0,A
302.28,121.4,Hirtella,20.2,A
263.74,245.26,Beilschmiedia,66.7,A
192.25,111.05,Garcinia,18.8,A
113.16,81.95,Jacaranda,36.9,A
79.53,191.94,Guarea,22.4,A
468.77,179.31,Drypetes,,D
542.68,32.2,Guarea,36.3,A
182.1,125.99,Guarea,,D
165.51,216.51,Drypetes,13.5,A
115.36,244.74,Macaranga,18.6,A
147.44,181.96,Calophyllum,398.0,A
76.5,263.65,Alseis,17.1,A
370.11,74.45,Protium,11.5,A
292.69,268.69,Ocotea,15.6,A
96.58,192.56,Macaranga,24.9,A
189.68,194.32,Drypetes,17.0,A
463.35,16.95,Beilschmiedia,36.1,A
266.72,300.49,Aglaia,10.0,A
456.56,15.46,Beilschmiedia,102.1,A
463.3,127.46,Shorea,15.1,A
373.33,123.61,Hirtella,20.4,A
259.03,2.73,Hirtella,11.0,A
112.99,230.22,Palaquium,157.2,A
392.06,138.59,Hirtella,11.2,A
434.32,83.85,Eugenia,50.3,A
386.8,59.62,Drypetes,19.6,A
129.29,334.0,Dipteryx,78.1,A
19.57,129.41,Inga,25.8,A
181.69,136.01,Aglaia,,D
87.46,216.73,Shorea,,D
21.16,67.32,Erythroxylum,384.6,A
272.49,251.07,Aglaia,22.1,A
442.23,48.51,Jacaranda,35.6,A
347.57,257.82,Eugenia,14.9,A
50.33,332.04,Aglaia,19.7,A
386.51,362.21,Shorea,64.5,A
496.52,119.89,Beilschmiedia,156.5,A
37.28,122.76,Virola,13.3,A
559.23,86.13,Aglaia,13.8,A
242.38,324.55,Eugenia,64.6,A
548.32,63.72,Faramea,10.8,A
553.39,1.04,Faramea,18.7,A
411.82,42.21,Macaranga,11.7,A
535.12,111.41,Aglaia,21.7,A
277.72,286.21,Protium,52.2,A
193.81,328.21,Eugenia,50.3,A
264.51,40.24,Calophyllum,886.0,A
161.38,381.17,Alseis,11.2,A
383.32,115.13,Cordia,79.2,A
336.47,265.74,Faramea,21.6,A
115.48,131.33,Drypetes,40.0,A
508.89,177.16,Cordia,,D
409.69,191.72,Hura,25.7,A
113.36,132.7,Alseis,262.7,A
533.2,82.59,Licania,41.8,A
127.04,92.97,Cordia,19.2,A
325.12,354.51,Alseis,18.1,A
295.75,392.55,Ocotea,40.2,A
162.23,11.32,Alseis,10.6,A
550.28,139.53,Cordia,15.3,A
507.88,81.4,Licania,13.2,A
590.21,67.36,Faramea,106.2,A
256.66,282.93,Aglaia,14.6,A
166.65,70.1,Cordia,14.6,A
331.91,250.22,Eugenia,,D
547.38,104.78,Licania,37.2,A
452.0,39.79,Inga,20.8,A
155.49,336.19,Drypetes,33.5,A
279.9,229.15,Dipteryx,25.0,A
207.57,53.85,Ocotea,25.0,A
536.69,68.01,Licania,12.1,A
30.89,135.19,Inga,,D
120.71,198.96,Macaranga,,D
142.19,151.69,Gustavia,12.7,A
466.02,17.81,Cordia,,M
391.78,60.17,Cordia,11.2,A
245.28,94.65,Dipteryx,13.2,A
134.7,137.15,Xylopia,20.3,A
59.0,212.34,Alseis,11.9,A
215.27,376.81,Calophyllum,36.3,A
311.45,32.14,Eugenia,40.4,A
115.51,30.96,Cordia,91.3,A
293.79,304.04,Aglaia,17.6,A
213.13,132.89,Alseis,30.2,A
368.58,211.58,Alseis,27.3,A
47.79,71.24,Erythroxylum,,D
182.42,325.42,Faramea,10.5,A
176.21,160.96,Dipteryx,145.8,A
26.65,178.26,Anacardium,10.8,A
235.7,269.18,Beilschmiedia,11.8,A
37.1,130.99,Virola,168.5,A
143.41,321.22,Macaranga,20.1,A
163.44,213.74,Aglaia,,D
267.5,173.83,Faramea,71.4,A
478.33,189.27,Cordia,21.6,A
187.56,306.97,Ocotea,,D
15.72,208.59,Hirtella,87.0,A
375.0,392.18,Palaquium,148.2,A
55.23,135.0,Shorea,20.4,A
356.76,224.31,Jacaranda,24.4,A
2.79,377.82,Eugenia,74.8,A
12.23,208.34,Hirtella,17.8,A
536.08,170.01,Beilschmiedia,12.1,A
10.97,269.22,Swartzia,282.8,A
51.94,262.03,Cordia,133.2,A
295.14,195.81,Protium,13.6,A
89.77,252.03,Drypetes,,D
375.73,359.22,Tetragastris,44.9,A
553.27,34.28,Faramea,15.2,A
382.18,227.76,Macaranga,19.6,A
150.43,118.68,Hirtella,60.1,A
401.09,116.65,Ocotea,18.4,A
68.57,105.5,Calophyllum,21.0,A
426.63,25.72,Beilschmiedia,89.1,A
593.02,20.55,Dipteryx,37.2,A
12.72,390.04,Alseis,301.6,A
33.65,130.87,Dipteryx,31.2,A
110.43,95.89,Dipteryx,,D
340.82,71.72,Macaranga,14.2,A
542.73,45.89,Licania,121.4,A
351.55,72.38,Guarea,10.9,A
307.45,287.4,Aglaia,25.3,A
316.61,207.8,Ocotea,93.8,A
230.76,25.94,Jacaranda,11.6,A
351.06,342.02,Cordia,13.5,A
480.74,146.42,Calophyllum,436.4,A
7.91,51.12,Dipteryx,12.0,A
372.06,361.33,Licania,349.5,A
318.99,200.92,Cordia,,M
497.75,77.93,Calophyllum,62.9,A
410.5,42.26,Garcinia,14.3,A
336.59,270.72,Ocotea,41.0,A
331.5,193.25,Garcinia,18.0,A
445.59,16.28,Guarea,14.5,A
93.69,205.54,Calophyllum,10.5,A
63.9,134.4,Calophyllum,11.4,A
358.78,82.93,Ficus,68.0,A
146.78,70.94,Calophyllum,18.6,A
14.86,15.47,Dipteryx,109.3,A
68.16,350.4,Dipteryx,169.8,A
128.95,225.57,Nectandra,37.7,A
304.93,126.39,Inga,11.3,A
181.04,190.9,Hirtella,14.6,A
66.62,347.01,Calophyllum,123.7,A
492.96,134.36,Beilschmiedia,120.9,A
547.15,178.3,Beilschmiedia,26.9,A
385.49,251.66,Garcinia,62.9,A
546.46,78.69,Aglaia,24.9,A
390.07,349.87,Aglaia,85.1,A
171.88,157.82,Dipteryx,119.8,A
392.29,288.93,Dipteryx,199.9,A
248.71,273.86,Aglaia,160.2,A
196.41,250.94,Beilschmiedia,16.2,A
368.64,136.79,Eugenia,13.4,A
438.38,50.94,Dipteryx,12.9,A
203.45,326.16,Drypetes,25.8,A
143.53,91.26,Dipteryx,17.9,A
383.29,218.67,Alseis,10.5,A
167.0,163.39,Calophyllum,12.4,A
182.32,282.52,Dipteryx,17.7,A
186.46,316.79,Calophyllum,,D
188.28,247.91,Aglaia,17.5,A
271.18,238.92,Ocotea,19.3,A
94.62,28.84,Eugenia,11.9,A
496.18,46.37,Guarea,31.8,A
227.78,113.01,Garcinia,64.8,A
238.09,247.39,Jacaranda,17.1,A
371.11,3.26,Hirtella,60.2,A
231.42,86.54,Nectandra,16.4,A
211.03,221.51,Garcinia,193.5,A
145.49,384.12,Alseis,282.3,A
403.17,113.76,Aglaia,18.3,A
561.78,112.87,Calophyllum,194.3,A
286.98,281.77,Dipteryx,418.7,A
45.83,306.65,Aglaia,76.6,A
49.35,223.16,Alseis,23.9,A
186.94,183.43,Quararibea,26.9,A
473.6,44.69,Eugenia,87.9,A
375.75,261.51,Aglaia,27.5,A
154.82,200.63,Faramea,63.4,A
168.4,122.45,Dipteryx,,D
148.44,287.32,Alseis,16.5,A
342.98,325.79,Trichilia,82.0,A
593.55,14.1,Cordia,67.4,A
579.18,68.08,Ocotea,14.6,A
437.73,135.72,Guarea,22.0,A
212.22,323.7,Hirtella,72.6,A
212.36,256.59,Beilschmiedia,192.6,A
110.68,395.72,Beilschmiedia,82.8,A
320.71,20.93,Aglaia,35.9,A
323.11,319.27,Aglaia,13.9,A
263.85,11.55,Faramea,,D
524.35,34.79,Calophyllum,154.7,A
260.76,151.02,Macaranga,,M
339.97,250.29,Nectandra,16.4,A
192.51,354.16,Aglaia,14.8,A
203.45,265.48,Cordia,37.2,A
145.74,223.24,Aglaia,12.6,A
319.76,348.91,Nectandra,86.2,A
529.09,198.62,Alseis,42.6,A
155.02,340.68,Eugenia,17.8,A
8.45,224.07,Dipteryx,153.0,A
183.74,296.72,Alseis,229.1,A
340.41,339.83,Tetragastris,,D
306.46,74.28,Macaranga,88.3,A
192.59,149.32,Aglaia,52.4,A
185.44,254.75,Faramea,33.8,A
190.01,145.94,Aglaia,24.6,A
288.99,202.39,Inga,32.4,A
56.82,135.45,Calophyllum,48.2,A
69.43,64.64,Knema,59.3,A
313.51,21.88,Aglaia,73.1,A
2.99,253.88,Cordia,13.7,A
394.68,343.36,Tetragastris,52.8,A
395.66,103.72,Garcinia,,M
253.55,253.52,Beilschmiedia,25.5,A
45.74,331.43,Faramea,21.3,A
136.78,209.46,Faramea,51.8,A
410.5,133.26,Aglaia,20.1,A
457.51,87.06,Macaranga,73.3,A
398.75,216.19,Faramea,,D
517.03,182.94,Beilschmiedia,32.3,A
324.88,114.08,Beilschmiedia,22.0,A
210.3,75.63,Alseis,23.2,A
577.28,185.1,Faramea,67.8,A
176.47,25.27,Alseis,17.1,A
351.32,178.16,Hirtella,13.8,A
203.99,322.37,Aglaia,21.4,A
185.9,102.34,Calophyllum,11.4,A
257.19,256.25,Jacaranda,16.7,A
195.26,332.97,Dipteryx,,D
276.67,177.02,Faramea,13.0,A
57.28,128.35,Calophyllum,15.8,A
41.33,298.6,Drypetes,24.8,A
39.95,375.76,Beilschmiedia,11.9,A
101.78,136.26,Alseis,110.2,A
20.8,64.28,Erythroxylum,15.8,A
77.52,229.62,Eugenia,98.3,A
543.71,111.27,Aglaia,68.0,A
176.34,124.44,Calophyllum,38.4,A
311.96,172.86,Cordia,16.1,A
448.32,99.17,Alseis,478.6,A
133.94,145.3,Beilschmiedia,11.1,A
63.52,189.48,Protium,15.4,A
155.52,192.95,Licania,11.0,A
175.65,303.51,Dipteryx,208.2,A
235.84,281.15,Alseis,,D
219.49,345.62,Trichilia,28.9,A
246.58,155.94,Alseis,10.7,A
286.35,266.28,Aglaia,34.9,A
222.37,195.24,Cordia,12.2,A
596.57,175.61,Jacaranda,53.6,A
168.32,322.39,Beilschmiedia,73.7,A
171.8,0.22,Calophyllum,,D
208.39,35.24,Knema,25.3,A
163.38,77.38,Calophyllum,40.4,A
70.23,122.87,Calophyllum,82.7,A
200.51,147.77,Calophyllum,51.2,A
279.5,255.86,Calophyllum,139.7,A
45.25,227.36,Eugenia,94.4,A
364.39,387.2,Palaquium,334.7,A
155.34,137.49,Beilschmiedia,37.0,A
126.76,87.54,Garcinia,12.5,A
99.94,52.97,Aglaia,110.7,A
210.52,110.12,Anacardium,25.5,A
181.05,195.08,Palaquium,13.6,A
58.75,92.1,Hirtella,29.6,A
65.64,236.84,Drypetes,19.7,A
433.71,86.07,Calophyllum,568.1,A
187.06,202.35,Garcinia,58.3,A
1.62,211.79,Cordia,12.2,A
557.75,121.65,Tetragastris,153.5,A
175.68,307.07,Cordia,,D
237.57,275.8,Calophyllum,25.7,A
54.61,228.8,Eugenia,51.8,A
120.0,148.14,Drypetes,239.2,A
313.78,249.92,Macaranga,22.4,A
17.43,385.61,Eugenia,28.8,A
236.69,260.84,Swartzia,11.4,A
363.81,126.95,Ficus,12.5,A
89.72,204.06,Guarea,18.5,A
380.17,345.96,Tetragastris,144.7,A
337.02,362.16,Alseis,11.5,A
112.75,14.53,Hirtella,35.6,A
271.06,183.58,Knema,605.6,A
213.97,150.98,Jacaranda,43.8,A
523.94,193.92,Guarea,19.6,A
34.53,168.61,Cordia,12.3,A
47.78,347.75,Garcinia,38.3,A
22.26,57.27,Erythroxylum,148.8,A
553.82,53.1,Hura,14.4,A
133.44,179.49,Calophyllum,,D
123.81,176.13,Guarea,96.2,A
220.31,329.02,Knema,12.0,A
18.13,194.81,Knema,15.8,A
194.99,336.26,Drypetes,35.3,A
217.54,367.62,Alseis,123.4,A
115.06,97.6,Alseis,15.0,A
149.14,273.65,Alseis,10.6,A
393.45,306.91,Alseis,11.1,A
120.1,84.06,Alseis,26.5,A
219.23,107.89,Aglaia,14.8,A
278.84,257.27,Cordia,164.7,A
26.96,66.72,Erythroxylum,13.4,A
538.62,105.17,Macaranga,10.2,A
101.91,274.97,Alseis,25.7,A
132.04,254.03,Alseis,63.7,A
362.53,118.85,Dipteryx,,D
476.97,106.09,Jacaranda,248.6,A
546.62,48.45,Faramea,156.2,A
99.35,5.95,Xylopia,15.2,A
105.37,123.3,Drypetes,,D
260.76,264.38,Aglaia,16.0,A
148.45,172.03,Gustavia,10.8,A
241.79,248.47,Hirtella,91.3,A
163.72,141.96,Beilschmiedia,54.2,A
191.38,307.81,Eugenia,19.8,A
37.67,362.41,Beilschmiedia,132.9,A
170.54,388.01,Dipteryx,39.0,A
203.09,137.19,Dipteryx,122.3,A
317.03,47.89,Aglaia,59.4,A
195.04,218.66,Aglaia,63.4,A
57.91,283.41,Drypetes,91.5,A
205.04,94.17,Cordia,38.8,A
124.94,115.84,Inga,73.2,A
489.49,135.14,Beilschmiedia,233.3,A
52.36,314.61,Cordia,12.1,A
589.9,81.01,Calophyllum,25.2,A
259.02,250.85,Beilschmiedia,,D
380.67,106.39,Alseis,65.0,A
368.66,95.63,Ficus,38.9,A
23.24,290.74,Dipteryx,18.4,A
21.07,247.48,Faramea,639.9,A
39.03,213.47,Guarea,25.7,A
118.94,232.66,Palaquium,77.4,A
358.51,284.9,Nectandra,17.1,A
168.3,373.81,Cupania,20.2,A
83.91,237.41,Cordia,53.2,A
399.47,327.04,Aglaia,40.1,A
113.63,296.86,Cordia,10.2,A
10.88,100.17,Alseis,12.5,A
59.18,308.76,Drypetes,32.5,A
430.24,23.69,Beilschmiedia,20.8,A
220.48,148.06,Hirtella,42.4,A
363.44,249.6,Aglaia,,D
64.86,291.89,Quararibea,19.3,A
509.17,19.38,Shorea,12.6,A
181.81,303.15,Faramea,51.9,A
558.06,30.92,Faramea,368.4,A
479.37,32.37,Eugenia,137.0,A
28.12,198.06,Aglaia,115.3,A
102.7,37.77,Eugenia,,D
156.15,278.37,Alseis,350.7,A
395.69,341.59,Licania,330.2,A
111.14,47.42,Calophyllum,,D
185.48,362.02,Jacaranda,11.7,A
202.98,144.57,Aglaia,39.9,A
404.42,118.94,Dipteryx,12.8,A
192.69,283.63,Jacaranda,36.0,A
119.72,82.38,Alseis,199.0,A
185.11,338.63,Beilschmiedia,89.5,A
49.47,64.59,Erythroxylum,18.8,A
8.13,37.11,Licania,311.1,A
576.56,152.59,Shorea,17.4,A
341.23,232.85,Licania,14.9,A
157.35,218.0,Aglaia,44.9,A
4.33,164.74,Inga,150.1,A
182.52,348.02,Beilschmiedia,60.0,A
304.01,310.4,Dipteryx,18.8,A
267.7,250.7,Beilschmiedia,52.0,A
362.4,152.26,Dipteryx,43.4,A
296.66,172.37,Faramea,76.2,A
333.81,212.32,Garcinia,171.4,A
430.43,160.56,Ocotea,60.9,A
391.25,115.84,Alseis,12.6,A
115.42,312.31,Jacaranda,13.1,A
276.11,249.0,Beilschmiedia,144.7,A
47.72,103.48,Drypetes,127.3,A
203.74,338.27,Faramea,146.7,A
13.46,395.15,Alseis,24.1,A
264.76,150.5,Faramea,34.4,A
211.25,221.27,Garcinia,,D
403.42,23.84,Guarea,10.0,A
585.09,126.03,Tetragastris,17.4,A
27.97,320.04,Knema,16.3,A
420.66,159.17,Palaquium,534.1,A
130.55,253.34,Guarea,18.4,A
358.28,330.53,Ocotea,39.2,A
88.55,195.84,Cordia,17.6,A
488.26,130.32,Dipteryx,11.5,A
425.18,144.29,Beilschmiedia,,D
543.02,163.89,Beilschmiedia,12.5,A
276.58,292.48,Aglaia,97.0,A
496.31,27.13,Drypetes,29.1,A
96.34,375.77,Beilschmiedia,244.0,A
563.9,84.9,Beilschmiedia,22.5,A
325.87,242.02,Faramea,279.2,A
162.76,48.02,Nectandra,19.3,A
277.49,5.01,Beilschmiedia,35.5,A
176.09,320.66,Faramea,424.5,A
206.08,125.38,Anacardium,10.9,A
132.72,378.44,Aglaia,54.6,A
150.27,213.76,Palaquium,177.7,A
71.39,288.71,Rinorea,17.3,A
383.72,308.56,Aglaia,15.4,A
154.73,329.82,Aglaia,24.3,A
280.07,342.71,Jacaranda,55.4,A
48.28,191.48,Guarea,20.2,A
253.25,282.53,Aglaia,20.7,A
432.59,47.85,Inga,15.9,A
125.68,115.57,Alseis,17.1,A
344.24,188.81,Faramea,316.4,A
506.92,9.57,Dipteryx,31.5,A
422.87,116.76,Guarea,78.6,A
46.57,251.4,Garcinia,14.9,A
39.07,105.8,Drypetes,13.0,A
338.69,112.43,Dipteryx,76.8,A
229.45,260.96,Calophyllum,361.0,A
366.64,395.24,Palaquium,50.0,A
37.51,316.82,Alseis,29.0,A
133.09,214.07,Protium,84.6,A
72.72,230.08,Drypetes,31.7,A
210.93,145.0,Aglaia,119.4,A
378.41,111.17,Ficus,14.1,A
218.83,212.39,Cordia,40.1,A
278.99,331.9,Alseis,98.1,A
133.7,233.65,Palaquium,15.2,A
245.34,187.9,Eugenia,21.1,A
129.68,185.97,Calophyllum,,D
248.41,299.74,Aglaia,16.7,A
474.0,83.45,Calophyllum,48.8,A
346.14,199.81,Cordia,13.3,A
424.51,42.64,Aglaia,75.6,A
293.92,298.75,Aglaia,10.7,A
423.12,182.27,Eugenia,10.1,A
443.96,35.52,Calophyllum,,D
250.22,185.43,Eugenia,20.1,A
379.34,256.41,Guarea,53.3,A
72.37,290.37,Aglaia,108.4,A
149.7,246.6,Drypetes,204.3,A
452.52,84.08,Dipteryx,70.2,A
293.79,15.17,Ocotea,52.1,A
240.21,300.13,Shorea,50.7,A
370.37,398.74,Eugenia,19.7,A
61.13,176.39,Alseis,24.2,A
154.4,148.66,Aglaia,55.7,A
96.44,122.84,Inga,54.4,A
92.75,254.03,Aglaia,68.1,A
50.71,259.75,Drypetes,,D
138.2,219.71,Hirtella,28.0,A
472.69,22.64,Licania,32.5,A
442.41,18.6,Calophyllum,431.0,A
109.68,179.79,Licania,769.9,A
176.28,227.84,Swartzia,87.2,A
305.49,204.2,Inga,24.6,A
385.87,82.15,Alseis,22.8,A
115.83,324.63,Dipteryx,15.6,A
470.85,55.17,Eugenia,25.7,A
237.36,203.13,Calophyllum,12.8,A
190.76,259.09,Swartzia,13.7,A
249.37,309.5,Jacaranda,34.9,A
393.84,154.98,Faramea,135.7,A
378.61,61.67,Guarea,57.2,A
282.12,167.65,Ocotea,16.0,A
290.37,330.98,Alseis,19.3,A
364.62,360.44,Jacaranda,147.4,A
330.25,105.93,Cecropia,37.3,A
366.84,251.29,Beilschmiedia,14.9,A
124.62,61.55,Protium,16.0,A
209.59,348.21,Dipteryx,22.5,A
108.78,229.21,Palaquium,,D
240.88,304.13,Faramea,13.7,A
329.87,20.94,Dipteryx,11.8,A
51.51,226.3,Eugenia,11.2,A
579.84,118.48,Faramea,81.0,A
530.93,148.15,Swartzia,17.5,A
163.31,351.99,Eugenia,15.9,A
354.11,77.15,Calophyllum,241.9,A
422.02,38.6,Alseis,85.1,A
187.99,238.45,Drypetes,,D
28.87,113.64,Alseis,19.0,A
59.06,327.6,Aglaia,96.2,A
585.76,170.29,Dipteryx,16.4,A
359.77,54.66,Aglaia,12.7,A
171.07,378.48,Dipteryx,134.7,A
205.1,181.13,Dipteryx,273.5,A
154.87,179.97,Alseis,21.3,A
415.49,62.17,Garcinia,10.9,A
458.93,61.23,Ocotea,10.4,A
188.97,226.58,Aglaia,14.7,A
213.81,271.72,Dipteryx,,D
119.53,392.32,Diospyros,,D
487.73,130.63,Beilschmiedia,50.9,A
92.52,106.65,Guarea,22.3,A
217.5,232.66,Drypetes,46.3,A
146.35,141.75,Palaquium,,D
273.38,22.45,Aglaia,,D
167.61,202.54,Palaquium,52.6,A
217.66,134.06,Dipteryx,10.8,A
41.03,203.48,Calophyllum,17.2,A
317.23,109.2,Aglaia,98.2,A
128.24,108.87,Anacardium,165.4,A
497.14,17.34,Eugenia,26.4,A
48.72,359.92,Cordia,67.8,A
136.69,118.83,Protium,,D
198.68,228.22,Dipteryx,11.8,A
170.27,353.31,Eugenia,11.4,A
294.55,296.85,Dipteryx,270.8,A
495.81,107.69,Eugenia,62.1,A
113.61,303.8,Knema,230.6,A
236.38,278.05,Garcinia,38.5,A
157.46,375.97,Aglaia,42.6,A
584.01,98.04,Alseis,38.5,A
279.39,200.24,Inga,,D
384.28,23.51,Drypetes,10.7,A
36.59,379.89,Beilschmiedia,53.5,A
119.54,57.35,Jacaranda,59.6,A
203.38,227.95,Shorea,37.8,A
155.52,254.88,Faramea,64.1,A
215.15,220.23,Dipteryx,55.3,A
532.78,93.48,Drypetes,14.7,A
262.99,255.07,Beilschmiedia,61.7,A
49.76,368.65,Beilschmiedia,77.5,A
314.43,357.34,Trichilia,13.3,A
530.6,173.23,Jacaranda,75.0,A
526.87,28.85,Drypetes,26.6,A
507.05,80.23,Calophyllum,364.9,A
394.05,75.28,Beilschmiedia,64.0,A
337.78,294.61,Dipteryx,403.4,A
204.23,131.88,Guarea,,D
50.58,227.09,Cordia,12.6,A
227.75,54.79,Garcinia,27.2,A
39.58,365.18,Beilschmiedia,61.5,A
46.29,264.06,Garcinia,12.1,A
269.84,332.04,Calophyllum,13.0,A
537.12,17.42,Calophyllum,40.2,A
495.16,121.08,Beilschmiedia,10.9,A
580.22,33.43,Cordia,51.5,A
149.05,73.79,Guarea,,D
77.95,309.22,Dipteryx,165.8,A
134.08,90.24,Inga,157.1,A
316.52,188.27,Hirtella,22.5,A
228.47,268.66,Aglaia,,D
105.54,35.49,Rinorea,61.8,A
62.68,202.65,Dipteryx,12.4,A
499.76,145.33,Calophyllum,27.7,A
181.24,174.52,Aglaia,15.2,A
31.42,322.94,Aglaia,75.0,A
138.41,142.74,Alseis,93.9,A
197.28,332.03,Faramea,646.1,A
93.26,180.49,Calophyllum,29.3,A
125.29,319.22,Aglaia,12.3,A
305.97,48.96,Aglaia,73.1,A
208.61,218.32,Drypetes,11.0,A
195.09,122.06,Alseis,37.5,A
222.52,92.38,Jacaranda,22.0,A
193.26,127.19,Alseis,16.2,A
340.94,348.36,Cordia,11.7,A
217.31,0.97,Hirtella,,M
172.61,295.14,Alseis,10.4,A
45.36,250.03,Drypetes,100.8,A
223.21,277.73,Aglaia,11.6,A
106.01,110.59,Cordia,36.4,A
519.18,109.22,Drypetes,13.7,A
338.11,375.74,Aglaia,34.5,A
229.76,175.65,Alseis,34.1,A
261.03,233.44,Dipteryx,22.3,A
208.76,62.75,Dipteryx,16.1,A
348.33,277.03,Dipteryx,37.9,A
127.17,39.09,Alseis,11.3,A
363.89,196.37,Cordia,15.6,A
71.78,22.23,Garcinia,257.2,A
337.8,251.98,Eugenia,,D
320.99,69.59,Ficus,14.7,A
216.41,136.15,Alseis,287.9,A
61.12,207.23,Alseis,388.6,A
57.29,36.66,Garcinia,71.7,A
91.33,27.62,Eugenia,11.9,A
138.16,227.93,Aglaia,11.9,A
240.48,337.56,Macaranga,13.1,A
108.36,160.26,Cordia,27.9,A
590.98,198.38,Faramea,61.1,A
233.88,254.18,Jacaranda,50.8,A
144.19,269.97,Dipteryx,13.2,A
11.07,22.55,Licania,41.4,A
242.63,10.1,Jacaranda,20.7,A
4.61,144.49,Aglaia,69.9,A
111.9,231.33,Aglaia,13.8,A
47.28,108.3,Alseis,19.6,A
18.38,206.1,Aglaia,73.6,A
100.91,254.94,Cordia,25.3,A
158.55,147.21,Aglaia,,D
242.85,297.03,Aglaia,,D
364.69,251.14,Guarea,61.7,A
45.92,259.65,Eugenia,27.7,A
425.51,20.77,Beilschmiedia,27.5,A
99.79,38.02,Aglaia,54.5,A
317.84,168.32,Inga,76.9,A
200.88,122.8,Alseis,61.8,A
390.91,226.66,Eugenia,12.0,A
215.52,232.22,Aglaia,113.3,A
185.85,135.13,Alseis,14.1,A
429.75,17.24,Beilschmiedia,171.6,A
428.46,44.48,Calophyllum,20.5,A
61.73,60.05,Aglaia,,M
149.01,195.04,Faramea,15.3,A
66.87,235.56,Drypetes,53.3,A
117.06,131.93,Beilschmiedia,77.0,A
214.02,191.64,Cordia,11.0,A
485.68,49.57,Calophyllum,23.1,A
354.86,113.1,Dipteryx,10.6,A
455.04,111.73,Hura,13.7,A
29.96,88.79,Alseis,472.0,A
189.2,255.28,Rinorea,188.3,A
420.05,143.03,Beilschmiedia,206.1,A
460.97,24.46,Calophyllum,681.2,A
169.32,284.86,Jacaranda,,D
223.12,2.87,Faramea,364.8,A
127.71,298.23,Calophyllum,19.7,A
26.14,133.49,Garcinia,11.3,A
391.92,18.64,Jacaranda,12.5,A
545.51,101.87,Beilschmiedia,21.2,A
131.68,161.85,Protium,57.0,A
299.74,13.88,Aglaia,28.4,A
465.68,188.97,Eugenia,23.2,A
39.76,256.44,Ocotea,43.9,A
399.53,83.71,Garcinia,231.4,A
247.96,32.69,Alseis,213.2,A
298.05,331.7,Ocotea,10.5,A
507.64,138.44,Guarea,11.7,A
32.49,239.32,Calophyllum,14.7,A
79.04,187.69,Alseis,49.5,A
81.77,281.6,Drypetes,433.2,A
106.92,45.97,Eugenia,23.0,A
240.55,220.5,Shorea,119.1,A
113.58,288.36,Dipteryx,43.4,A
304.58,154.19,Inga,22.3,A
411.99,91.13,Beilschmiedia,17.3,A
68.65,103.71,Inga,30.9,A
255.93,257.92,Cordia,15.0,A
288.5,276.92,Aglaia,11.9,A
353.82,31.78,Protium,55.7,A
244.34,277.94,Aglaia,11.8,A
33.25,76.98,Beilschmiedia,,D
56.05,222.89,Calophyllum,89.4,A
62.3,34.58,Licania,128.2,A
539.34,37.73,Faramea,168.2,A
48.2,12.34,Garcinia,,D
208.81,111.5,Alseis,12.6,A
5.84,315.93,Cordia,84.1,A
228.45,265.37,Beilschmiedia,22.6,A
371.86,90.74,Drypetes,14.7,A
168.16,354.67,Eugenia,51.9,A
287.25,194.94,Inga,,D
197.62,326.71,Eugenia,29.4,A
194.14,343.41,Rinorea,17.4,A
117.76,299.99,Knema,34.5,A
286.36,32.36,Aglaia,86.8,A
457.6,83.14,Macaranga,63.0,A
195.85,151.55,Protium,17.9,A
449.92,184.85,Eugenia,88.8,A
127.07,238.18,Gustavia,35.9,A
29.45,351.56,Beilschmiedia,26.8,A
557.13,163.27,Beilschmiedia,17.4,A
534.21,81.87,Calophyllum,29.2,A
128.77,254.92,Cordia,,D
19.47,38.05,Calophyllum,863.6,A
184.23,208.23,Guarea,10.4,A
70.37,315.55,Hirtella,35.1,A
391.24,11.45,Alseis,,D
310.87,253.16,Faramea,15.8,A
113.07,76.08,Drypetes,57.4,A
174.24,329.08,Beilschmiedia,29.3,A
186.24,238.12,Ocotea,27.5,A
20.06,257.12,Guarea,23.7,A
340.23,281.06,Alseis,58.3,A
224.81,303.03,Protium,13.6,A
366.62,296.86,Dipteryx,28.3,A
325.23,261.26,Shorea,126.0,A
497.69,153.72,Beilschmiedia,13.2,A
37.66,313.84,Drypetes,64.5,A
11.15,371.02,Beilschmiedia,22.5,A
402.05,41.59,Hirtella,159.0,A
424.74,56.87,Aglaia,16.4,A
365.55,77.98,Aglaia,121.5,A
168.75,141.01,Aglaia,69.9,A
37.24,270.84,Eugenia,23.1,A
462.88,13.78,Beilschmiedia,91.2,A
50.26,70.19,Cordia,26.7,A
311.94,90.87,Guarea,11.8,A
372.58,215.76,Faramea,58.9,A
185.85,76.79,Protium,,D
64.57,332.96,Garcinia,19.1,A
344.89,392.54,Beilschmiedia,15.2,A
534.72,129.68,Aglaia,,D
134.22,270.82,Cordia,,D
34.53,371.21,Beilschmiedia,203.6,A
472.9,173.93,Beilschmiedia,49.1,A
292.05,169.64,Beilschmiedia,34.3,A
50.1,204.01,Jacaranda,210.0,A
183.06,306.03,Faramea,16.0,A
194.33,326.12,Trichilia,23.3,A
228.62,214.33,Ocotea,,D
107.39,261.09,Brosimum,13.0,A
167.76,49.81,Calophyllum,10.7,A
99.76,231.62,Cordia,35.1,A
128.62,115.19,Garcinia,113.7,A
164.4,116.85,Aglaia,15.0,A
75.33,340.24,Aglaia,26.4,A
284.81,312.94,Aglaia,,D
541.1,146.81,Calophyllum,16.5,A
59.67,244.2,Eugenia,39.9,A
469.51,58.96,Calophyllum,19.8,A
104.3,319.65,Calophyllum,17.4,A
317.5,107.0,Beilschmiedia,109.0,A
240.14,170.51,Alseis,28.8,A
229.29,234.14,Aglaia,57.0,A
3.58,350.29,Alseis,,D
444.91,86.72,Eugenia,27.1,A
202.16,249.61,Jacaranda,18.5,A
189.93,109.7,Jacaranda,21.5,A
166.48,3.35,Calophyllum,112.4,A
98.89,27.19,Eugenia,22.4,A
435.41,133.42,Beilschmiedia,18.4,A
143.09,115.92,Calophyllum,19.6,A
187.71,369.52,Rinorea,14.4,A
360.03,73.58,Aglaia,145.4,A
390.34,83.58,Calophyllum,223.8,A
63.26,259.34,Dipteryx,327.0,A
106.16,334.07,Aglaia,155.6,A
241.12,119.89,Dipteryx,36.2,A
252.99,169.07,Ocotea,76.1,A
341.85,247.14,Cordia,83.8,A
50.83,121.1,Drypetes,12.2,A
373.32,238.25,Garcinia,182.8,A
208.98,102.12,Garcinia,182.0,A
450.18,164.39,Drypetes,16.4,A
170.14,227.06,Aglaia,27.7,A
390.76,14.96,Guarea,13.7,A
329.71,59.74,Cordia,11.0,A
523.11,192.27,Alseis,,D
264.54,300.61,Ocotea,31.3,A
226.08,326.38,Eugenia,16.2,A
377.38,78.44,Alseis,31.6,A
365.43,74.74,Aglaia,115.3,A
371.28,85.22,Ocotea,12.8,A
166.95,155.32,Calophyllum,55.6,A
487.37,127.05,Hura,177.3,A
428.1,73.73,Licania,111.3,A
213.91,83.35,Alseis,18.8,A
102.07,243.28,Anacardium,34.1,A
503.89,85.82,Dipteryx,69.1,A
433.48,25.73,Calophyllum,91.7,A
69.68,206.9,Dipteryx,10.9,A
307.08,283.03,Aglaia,31.2,A
121.38,172.41,Faramea,76.1,A
55.46,225.82,Alseis,,D
337.31,69.42,Ficus,,D
103.13,63.57,Calophyllum,28.9,A
439.7,50.29,Alseis,10.8,A
22.36,84.6,Beilschmiedia,18.3,A
215.65,75.84,Protium,17.2,A
21.36,160.18,Inga,29.7,A
266.43,233.76,Beilschmiedia,29.2,A
438.59,140.53,Beilschmiedia,19.7,A
89.37,229.59,Cordia,39.6,A
3.17,304.74,Calophyllum,600.0,A
295.37,168.43,Trichilia,106.9,A
165.28,339.78,Faramea,12.4,A
237.3,317.64,Guarea,13.3,A
49.82,396.39,Dipteryx,35.6,A
79.13,164.84,Alseis,117.1,A
115.18,143.3,Drypetes,19.6,A
396.14,56.04,Inga,23.7,A
181.72,157.21,Protium,11.6,A
44.08,154.07,Cordia,,D
348.24,251.07,Hirtella,12.6,A
240.24,267.83,Aglaia,10.5,A
249.73,8.85,Faramea,634.3,A
25.93,204.3,Guarea,26.7,A
96.17,212.76,Calophyllum,229.0,A
215.1,158.44,Cordia,21.1,A
454.68,169.26,Jacaranda,29.1,A
50.02,365.68,Knema,13.5,A
300.29,161.06,Beilschmiedia,27.0,A
63.69,288.85,Sloanea,41.9,A
249.94,274.62,Eugenia,12.1,A
312.74,49.47,Aglaia,64.2,A
187.83,303.51,Drypetes,56.4,A
228.97,45.31,Faramea,338.2,A
454.64,45.97,Eugenia,17.1,A
455.6,143.1,Hirtella,,D
340.78,187.81,Guarea,57.3,A
187.64,198.84,Garcinia,75.1,A
101.87,206.15,Faramea,132.5,A
506.82,90.1,Licania,17.0,A
284.33,350.1,Aglaia,,D
44.5,367.31,Knema,,D
473.92,9.23,Beilschmiedia,140.7,A
226.74,283.33,Eugenia,20.8,A
546.5,166.96,Beilschmiedia,11.1,A
22.53,247.47,Garcinia,43.2,A
337.03,197.24,Faramea,,D
392.89,259.61,Hirtella,15.5,A
372.98,253.48,Aglaia,33.3,A
220.63,57.39,Hirtella,13.6,A
11.94,393.43,Alseis,41.4,A
179.01,368.13,Dipteryx,41.8,A
434.52,26.52,Garcinia,26.5,A
46.29,145.98,Guarea,28.4,A
544.1,57.65,Alseis,98.3,A
34.84,247.1,Sloanea,84.9,A
94.08,251.94,Nectandra,14.4,A
245.34,53.87,Garcinia,19.8,A
156.59,304.9,Alseis,90.2,A
347.81,251.16,Eugenia,10.7,A
326.11,306.01,Dipteryx,35.5,A
52.93,79.58,Cordia,100.0,A
133.18,228.22,Knema,30.5,A
176.17,94.15,Xylopia,13.8,A
255.85,328.04,Guarea,10.8,A
9.32,88.91,Beilschmiedia,56.1,A
226.67,176.67,Dipteryx,22.2,A
133.84,7.03,Alseis,565.8,A
241.13,181.5,Eugenia,149.5,A
94.99,241.78,Calophyllum,,M
281.64,249.86,Dipteryx,60.7,A
142.52,47.35,Calophyllum,36.4,A
61.31,185.42,Knema,403.8,A
424.52,135.82,Beilschmiedia,,D
175.59,157.56,Calophyllum,,D
557.24,131.03,Ocotea,16.2,A
109.83,21.04,Alseis,40.3,A
113.32,194.7,Cordia,60.3,A
130.54,0.24,Calophyllum,29.3,A
339.71,394.57,Alseis,20.1,A
38.12,150.44,Dipteryx,17.1,A
266.39,296.82,Aglaia,30.0,A
589.58,165.29,Faramea,71.7,A
487.22,98.76,Jacaranda,10.1,A
69.52,214.7,Knema,45.9,A
60.58,303.7,Sloanea,14.3,A
395.73,113.99,Macaranga,,D
148.93,377.07,Aglaia,16.1,A
470.86,62.39,Calophyllum,106.1,A
181.15,349.25,Rinorea,31.3,A
368.85,72.58,Aglaia,154.4,A
188.9,218.43,Garcinia,28.2,A
286.49,274.78,Aglaia,13.4,A
176.47,159.02,Hirtella,16.8,A
185.02,314.47,Faramea,142.1,A
234.84,281.34,Aglaia,45.8,A
212.5,270.2,Aglaia,26.7,A
299.4,388.91,Ocotea,19.5,A
153.9,299.47,Knema,,D
37.65,77.38,Guarea,10.7,A
285.11,300.61,Calophyllum,,D
238.8,314.72,Eugenia,121.2,A
12.84,109.15,Cordia,87.4,A
596.34,25.11,Licania,61.2,A
195.8,106.5,Dipteryx,11.7,A
34.52,314.34,Faramea,20.1,A
197.39,118.65,Dipteryx,,D
578.16,43.32,Faramea,,D
110.96,242.13,Aglaia,37.9,A
507.52,14.97,Drypetes,154.6,A
343.34,387.76,Alseis,48.4,A
7.42,307.45,Cordia,17.5,A
72.4,309.67,Aglaia,31.8,A
479.09,133.92,Drypetes,24.4,A
351.55,10.41,Calophyllum,307.2,A
187.62,157.96,Cordia,85.4,A
350.14,267.08,Jacaranda,42.9,A
370.51,324.08,Licania,103.6,A
30.02,134.77,Inga,11.5,A
406.2,130.07,Hirtella,51.7,A
165.61,311.81,Aglaia,162.3,A
599.71,43.97,Alseis,294.9,A
74.02,217.6,Drypetes,21.5,A
191.9,299.85,Eugenia,,D
19.23,263.18,Alseis,11.2,A
242.02,217.17,Nectandra,12.5,A
120.7,19.26,Cordia,23.6,A
17.61,369.46,Eugenia,12.8,A
499.19,71.93,Swartzia,25.6,A
321.44,152.72,Jacaranda,43.2,A
277.57,226.89,Trichilia,38.6,A
271.0,173.41,Quararibea,21.0,A
159.95,14.24,Alseis,59.0,A
154.43,353.37,Calophyllum,56.5,A
330.17,126.88,Cecropia,13.1,A
371.02,357.74,Licania,29.7,A
186.26,303.09,Drypetes,43.5,A
97.13,169.76,Calophyllum,480.9,A
142.87,219.47,Jacaranda,20.6,A
376.66,220.7,Alseis,29.8,A
158.19,16.86,Alseis,54.2,A
209.19,72.07,Dipteryx,449.7,A
207.3,326.0,Eugenia,23.6,A
243.87,120.87,Beilschmiedia,54.3,A
489.06,26.47,Dipteryx,10.8,A
392.14,70.36,Drypetes,102.7,A
202.37,227.78,Aglaia,15.8,A
37.41,305.78,Alseis,458.8,A
55.0,309.08,Cordia,18.0,A
518.1,157.21,Tetragastris,21.3,A
115.03,120.71,Garcinia,,D
212.23,128.5,Aglaia,29.5,A
468.07,11.02,Beilschmiedia,236.6,A
315.58,38.68,Aglaia,31.4,A
17.44,267.46,Calophyllum,,D
566.03,64.08,Guarea,252.5,A
318.25,236.05,Hirtella,29.2,A
194.29,100.07,Dipteryx,40.8,A
391.99,100.99,Drypetes,30.9,A
87.57,112.65,Nectandra,25.9,A
52.44,35.77,Erythroxylum,14.7,A
131.64,103.12,Drypetes,22.9,A
64.76,169.49,Knema,14.6,A
44.15,91.91,Cordia,10.9,A
582.83,127.71,Cordia,30.5,A
273.89,327.1,Shorea,,D
60.23,232.66,Drypetes,12.1,A
334.54,229.15,Faramea,20.3,A
504.01,86.75,Guarea,31.6,A
464.26,65.66,Ocotea,75.5,A
116.92,205.15,Rinorea,47.9,A
533.81,109.18,Aglaia,131.5,A
258.34,235.7,Dipteryx,67.6,A
222.0,277.72,Garcinia,85.3,A
351.77,77.79,Drypetes,43.8,A
187.49,332.93,Faramea,690.4,A
357.65,339.28,Calophyllum,48.5,A
411.57,47.26,Inga,,D
544.4,56.93,Aglaia,54.0,A
334.24,114.52,Calophyllum,40.4,A
252.17,195.94,Knema,19.9,A
5.37,124.28,Calophyllum,46.3,A
53.23,168.34,Calophyllum,23.4,A
348.47,118.42,Ficus,90.1,A
459.91,186.13,Jacaranda,55.8,A
172.54,103.59,Hirtella,,D
38.71,245.54,Swartzia,75.5,A
96.74,390.28,Garcinia,12.6,A
72.97,113.63,Inga,12.6,A
276.27,259.09,Cordia,25.5,A
436.47,56.48,Aglaia,15.3,A
108.2,54.14,Aglaia,66.9,A
338.73,362.72,Calophyllum,195.2,A
571.21,81.29,Beilschmiedia,36.0,A
393.29,235.23,Beilschmiedia,,D
240.04,323.72,Aglaia,67.3,A
481.61,148.51,Knema,93.6,A
103.39,310.44,Drypetes,26.3,A
241.01,111.27,Dipteryx,24.8,A
77.8,102.11,Palaquium,357.0,A
103.42,226.14,Cordia,28.9,A
201.05,36.1,Alseis,21.5,A
205.21,174.39,Drypetes,476.1,A
567.74,97.68,Aglaia,16.8,A
91.46,222.69,Hirtella,57.1,A
573.65,72.08,Aglaia,29.2,A
555.84,94.63,Aglaia,21.7,A
384.17,25.67,Drypetes,18.0,A
239.67,54.71,Calophyllum,14.5,A
280.22,312.1,Dipteryx,10.8,A
305.0,45.73,Eugenia,40.0,A
194.84,308.65,Faramea,174.1,A
93.31,314.05,Drypetes,15.5,A
79.12,168.19,Calophyllum,27.8,A
151.24,124.18,Calophyllum,93.7,A
159.6,272.05,Alseis,617.2,A
537.48,41.51,Alseis,32.9,A
387.57,103.73,Protium,41.6,A
481.41,153.89,Jacaranda,70.7,A
126.42,263.09,Knema,558.3,A
46.65,120.25,Cordia,123.0,A
453.38,84.73,Alseis,14.9,A
153.48,154.01,Alseis,33.1,A
111.46,39.39,Alseis,,D
66.56,269.36,Cordia,13.9,A
209.45,291.36,Cordia,,D
5.33,382.87,Eugenia,118.6,A
548.13,73.76,Drypetes,14.6,A
359.27,242.31,Cecropia,12.4,A
394.02,339.27,Aglaia,24.1,A
573.26,103.51,Calophyllum,45.6,A
187.9,202.76,Alseis,11.0,A
401.6,32.14,Inga,57.7,A
252.5,230.18,Faramea,20.9,A
75.34,335.87,Aglaia,28.8,A
220.65,203.78,Drypetes,11.5,A
366.03,58.18,Inga,201.6,A
354.08,392.69,Palaquium,45.5,A
98.11,399.3,Beilschmiedia,18.0,A
171.83,322.56,Aglaia,18.2,A
437.16,86.91,Alseis,18.5,A
399.79,374.9,Alseis,33.2,A
564.3,66.74,Aglaia,29.5,A
526.95,80.03,Calophyllum,144.3,A
232.69,332.6,Macaranga,98.4,A
63.6,342.58,Guarea,23.1,A
323.09,91.82,Aglaia,16.5,A
229.67,368.68,Alseis,17.7,A
365.36,224.17,Dipteryx,10.3,A
265.19,155.67,Dipteryx,362.0,A
68.32,71.5,Alseis,,D
483.51,78.53,Cordia,59.8,A
165.3,2.94,Calophyllum,42.2,A
503.49,98.85,Beilschmiedia,233.1,A
552.15,168.62,Rinorea,25.5,A
92.81,302.12,Beilschmiedia,17.6,A
172.21,328.29,Beilschmiedia,13.2,A
547.71,68.17,Faramea,159.8,A
457.11,163.42,Beilschmiedia,17.9,A
81.1,339.07,Diospyros,34.9,A
468.18,165.43,Beilschmiedia,15.4,A
244.55,53.72,Dipteryx,114.3,A
396.85,217.14,Eugenia,50.0,A
399.33,83.2,Drypetes,10.9,A
38.38,370.42,Beilschmiedia,53.5,A
230.45,320.57,Beilschmiedia,,D
391.37,99.8,Aglaia,,D
56.64,289.53,Calophyllum,938.1,A
387.12,102.69,Garcinia,12.9,A
114.03,226.23,Rinorea,22.1,A
73.71,301.33,Garcinia,46.9,A
77.46,92.97,Calophyllum,13.8,A
468.25,39.57,Licania,101.9,A
50.9,253.44,Garcinia,150.0,A
384.23,26.8,Swartzia,36.0,A
512.73,27.74,Macaranga,45.7,A
237.18,342.99,Luehea,15.1,A
276.98,281.38,Dipteryx,19.9,A
270.69,349.94,Jacaranda,108.3,A
582.34,171.85,Faramea,16.7,A
550.2,77.37,Aglaia,24.9,A
328.36,242.08,Faramea,441.0,A
150.27,368.55,Guarea,,D
19.69,371.62,Beilschmiedia,38.3,A
290.81,184.05,Inga,55.0,A
180.88,145.4,Aglaia,21.8,A
86.76,250.04,Alseis,605.4,A
164.21,351.77,Eugenia,30.7,A
577.8,104.7,Guarea,10.9,A
52.85,314.37,Calophyllum,18.9,A
123.47,266.55,Brosimum,51.8,A
589.82,81.65,Faramea,,M
416.42,99.32,Garcinia,20.3,A
249.07,19.7,Alseis,10.4,A
398.65,25.32,Inga,117.8,A
229.45,139.69,Knema,19.1,A
130.63,281.05,Ocotea,17.0,A
10.57,116.94,Dipteryx,11.9,A
251.42,153.59,Jacaranda,57.7,A
558.96,30.02,Faramea,11.0,A
533.87,170.06,Calophyllum,515.2,A
548.92,128.5,Aglaia,146.3,A
485.2,31.89,Drypetes,24.8,A
23.93,139.94,Aglaia,22.1,A
438.81,157.15,Cordia,85.2,A
406.66,82.91,Beilschmiedia,27.3,A
80.14,111.7,Calophyllum,15.0,A
333.28,4.98,Cordia,45.7,A
222.3,231.09,Swartzia,27.8,A
29.18,156.15,Cordia,167.0,A
388.4,25.27,Inga,25.0,A
76.37,341.9,Sloanea,21.4,A
524.71,190.62,Beilschmiedia,228.3,A
505.91,10.2,Licania,20.7,A
549.38,39.12,Swartzia,64.1,A
384.68,106.55,Garcinia,33.5,A
486.28,35.34,Drypetes,42.4,A
155.27,21.22,Cordia,18.5,A
523.38,192.11,Alseis,35.5,A
152.04,157.96,Alseis,65.2,A
9.9,188.74,Alseis,25.2,A
549.97,16.97,Drypetes,435.2,A
277.75,292.21,Aglaia,18.4,A
65.03,236.83,Guarea,11.0,A
214.19,42.12,Cordia,22.2,A
303.36,317.95,Aglaia,13.1,A
34.58,110.41,Cordia,118.2,A
386.77,37.72,Drypetes,91.2,A
469.71,171.8,Macaranga,34.3,A
529.62,107.34,Shorea,26.4,A
70.88,193.68,Dipteryx,17.9,A
133.29,176.04,Calophyllum,12.8,A
486.37,18.67,Faramea,57.3,A
313.77,183.31,Garcinia,14.8,A
587.6,121.14,Ocotea,14.7,A
288.44,311.56,Aglaia,10.6,A
351.92,208.24,Calophyllum,,D
346.79,251.0,Eugenia,68.2,A
585.82,48.34,Licania,36.3,A
415.2,177.83,Aglaia,56.4,A
381.45,237.5,Aglaia,10.1,A
47.25,119.13,Alseis,13.0,A
595.34,195.13,Faramea,311.1,A
241.01,304.1,Beilschmiedia,13.0,A
46.67,193.79,Guarea,37.8,A
109.21,195.12,Nectandra,46.6,A
41.77,92.56,Eugenia,26.8,A
69.94,190.6,Calophyllum,14.3,A
5.49,161.89,Inga,32.3,A
498.38,80.78,Beilschmiedia,,D
201.31,145.86,Aglaia,14.1,A
178.88,358.2,Cordia,33.9,A
91.76,355.54,Quararibea,,D
214.18,165.07,Alseis,113.5,A
174.77,216.85,Calophyllum,61.3,A
528.08,177.5,Eugenia,77.0,A
311.71,209.91,Inga,19.1,A
250.28,259.42,Quararibea,83.0,A
367.7,216.44,Alseis,21.9,A
375.98,235.66,Beilschmiedia,26.0,A
45.83,297.87,Drypetes,20.1,A
344.3,129.59,Nectandra,46.9,A
118.59,113.99,Drypetes,12.8,A
179.83,279.9,Faramea,46.3,A
167.97,50.17,Macaranga,,D
337.61,399.64,Beilschmiedia,17.5,A
193.54,132.93,Hirtella,26.1,A
363.15,118.52,Dipteryx,46.3,A
404.11,171.97,Dipteryx,,D
464.01,109.4,Rinorea,,D
371.28,62.83,Garcinia,35.3,A
120.52,162.55,Licania,10.5,A
365.58,1.78,Calophyllum,22.5,A
304.77,14.32,Aglaia,13.4,A
343.94,11.26,Ocotea,11.4,A
331.31,102.11,Calophyllum,17.1,A
285.77,154.87,Inga,18.0,A
427.93,171.98,Dipteryx,14.9,A
37.22,353.02,Beilschmiedia,57.4,A
362.01,319.21,Jacaranda,24.6,A
229.05,263.78,Sloanea,,D
598.74,29.22,Faramea,153.5,A
449.73,9.98,Beilschmiedia,70.9,A
258.45,173.66,Shorea,34.0,A
329.54,289.82,Calophyllum,10.7,A
228.55,117.33,Beilschmiedia,13.4,A
157.4,2.19,Hirtella,,D
370.09,241.86,Garcinia,155.0,A
85.55,359.39,Beilschmiedia,13.8,A
211.28,78.66,Aglaia,148.0,A
290.54,198.2,Jacaranda,23.1,A
355.67,351.15,Eugenia,47.4,A
213.4,28.0,Faramea,18.0,A
110.91,273.31,Hirtella,91.3,A
570.35,29.3,Licania,12.0,A
10.26,75.98,Beilschmiedia,,D
158.34,200.52,Palaquium,119.6,A
23.78,163.94,Inga,132.8,A
307.34,107.28,Beilschmiedia,253.5,A
144.77,393.38,Aglaia,13.6,A
101.88,204.35,Cordia,124.7,A
420.97,82.94,Ocotea,84.1,A
88.36,229.78,Aglaia,152.6,A
305.78,76.21,Aglaia,11.7,A
410.41,37.33,Inga,68.7,A
6.49,1.46,Cordia,10.1,A
20.77,142.92,Aglaia,59.3,A
478.7,144.8,Drypetes,46.0,A
339.14,247.2,Eugenia,23.7,A
407.58,82.93,Beilschmiedia,,D
383.33,237.39,Beilschmiedia,56.0,A
429.62,39.45,Drypetes,65.2,A
519.85,72.91,Licania,13.7,A
329.31,255.98,Calophyllum,44.5,A
55.44,354.98,Jacaranda,17.2,A
511.69,118.77,Ocotea,29.1,A
123.27,125.05,Hirtella,36.5,A
138.53,51.46,Alseis,16.8,A
124.74,323.96,Aglaia,20.9,A
101.09,158.24,Macaranga,13.5,A
548.94,130.91,Aglaia,13.5,A
240.52,186.28,Eugenia,32.4,A
245.38,283.05,Beilschmiedia,57.6,A
357.52,272.12,Licania,258.0,A
73.8,126.08,Drypetes,16.7,A
15.87,398.26,Quararibea,17.8,A
78.05,232.24,Calophyllum,14.6,A
438.93,72.88,Alseis,27.1,A
12.49,102.93,Calophyllum,32.0,A
201.01,301.26,Drypetes,28.2,A
10.65,21.5,Dipteryx,76.5,A
215.76,304.62,Shorea,19.5,A
251.6,238.99,Garcinia,44.5,A
234.21,297.72,Beilschmiedia,229.3,A
369.09,207.43,Calophyllum,35.5,A
156.58,377.96,Dipteryx,32.8,A
591.43,46.79,Dipteryx,56.4,A
162.63,391.43,Hirtella,11.8,A
179.0,17.19,Alseis,59.7,A
67.32,368.59,Calophyllum,20.5,A
555.04,99.03,Aglaia,20.7,A
57.29,318.9,Aglaia,41.8,A
93.63,264.24,Cordia,18.1,A
177.18,228.32,Cordia,57.3,A
137.81,89.01,Guarea,19.7,A
280.78,41.8,Jacaranda,31.7,A
261.62,215.15,Faramea,28.6,A
419.7,1.94,Drypetes,77.5,A
539.9,89.87,Beilschmiedia,108.3,A
215.39,33.87,Alseis,50.2,A
314.21,11.28,Jacaranda,,D
196.28,40.51,Nectandra,54.8,A
2.72,270.63,Knema,14.5,A
191.73,207.01,Aglaia,11.1,A
81.31,363.07,Beilschmiedia,17.1,A
335.98,398.66,Palaquium,,D
488.83,78.39,Faramea,107.6,A
173.64,335.39,Beilschmiedia,42.5,A
55.1,104.53,Dipteryx,52.7,A
242.13,334.33,Beilschmiedia,20.8,A
4.3,128.43,Garcinia,10.8,A
515.15,156.28,Aglaia,33.8,A
207.37,395.68,Cupania,,D
495.57,109.07,Calophyllum,57.5,A
190.56,148.0,Licania,30.1,A
17.81,289.95,Calophyllum,,D
387.12,393.56,Tetragastris,21.0,A
178.28,208.61,Aglaia,73.7,A
55.77,375.96,Cordia,23.4,A
58.96,324.14,Quararibea,10.8,A
351.93,294.73,Ocotea,50.2,A
85.5,360.31,Beilschmiedia,142.5,A
110.18,250.21,Dipteryx,37.0,A
365.42,34.65,Dipteryx,116.9,A
289.08,152.98,Beilschmiedia,,D
159.92,374.29,Diospyros,29.3,A
41.43,185.53,Aglaia,93.1,A
527.79,139.1,Macaranga,42.1,A
214.53,81.26,Alseis,76.5,A
159.58,129.16,Beilschmiedia,29.8,A
28.44,115.65,Virola,93.4,A
198.96,238.81,Aglaia,35.7,A
330.75,302.91,Nectandra,51.7,A
502.74,86.33,Calophyllum,,D
250.46,222.37,Garcinia,124.2,A
18.26,274.48,Faramea,86.5,A
157.25,308.26,Faramea,311.4,A
44.16,253.77,Cordia,12.3,A
80.54,379.58,Calophyllum,57.1,A
29.26,130.51,Protium,21.7,A
224.56,116.16,Garcinia,32.6,A
72.16,170.55,Dipteryx,12.5,A
241.99,324.67,Eugenia,13.2,A
385.25,326.55,Dipteryx,,D
438.25,57.13,Alseis,83.3,A
51.4,130.85,Drypetes,495.1,A
324.11,115.22,Beilschmiedia,21.7,A
157.45,147.54,Palaquium,12.1,A
188.41,102.05,Garcinia,26.6,A
462.49,195.09,Calophyllum,33.4,A
291.31,1.46,Beilschmiedia,10.6,A
303.46,298.31,Aglaia,,D
377.42,157.9,Guarea,51.9,A
96.56,207.25,Anacardium,36.3,A
240.7,180.74,Alseis,19.1,A
587.13,50.28,Cordia,14.2,A
383.44,169.48,Protium,21.1,A
525.85,106.26,Licania,175.8,A
527.78,26.17,Knema,48.5,A
173.58,204.73,Quararibea,12.9,A
439.05,80.67,Dipteryx,26.1,A
342.4,247.28,Eugenia,119.4,A
103.66,268.5,Cordia,14.9,A
425.44,22.18,Beilschmiedia,20.2,A
417.52,7.99,Hirtella,14.4,A
267.54,190.92,Faramea,106.5,A
14.43,301.08,Cordia,48.3,A
59.03,45.14,Nectandra,29.9,A
306.9,157.21,Inga,15.2,A
179.42,380.42,Alseis,16.5,A
381.14,114.72,Alseis,,D
132.27,198.62,Calophyllum,16.2,A
196.81,14.4,Alseis,536.8,A
103.18,243.92,Palaquium,11.8,A
83.3,367.12,Beilschmiedia,14.8,A
391.16,284.18,Guarea,19.6,A
400.76,73.46,Garcinia,19.1,A
391.84,243.31,Dipteryx,150.6,A
217.04,231.11,Eugenia,29.4,A
162.11,372.78,Alseis,112.4,A
135.41,278.95,Hirtella,60.9,A
17.76,30.17,Licania,52.2,A
193.31,276.95,Alseis,20.8,A
547.14,192.68,Faramea,32.1,A
154.9,399.83,Dipteryx,,M
465.19,172.66,Eugenia,64.3,A
323.76,112.85,Aglaia,38.8,A
57.17,101.53,Drypetes,36.4,A
574.25,134.73,Knema,95.9,A
43.32,179.65,Nectandra,62.8,A
160.06,265.79,Alseis,46.5,A
40.04,258.72,Knema,10.2,A
345.65,33.21,Calophyllum,,D
200.28,354.98,Cordia,14.4,A
220.54,252.36,Beilschmiedia,15.6,A
361.08,228.67,Alseis,81.3,A
220.42,345.82,Guarea,22.3,A
140.07,139.37,Aglaia,15.3,A
116.61,288.24,Jacaranda,18.6,A
138.61,254.84,Alseis,423.5,A
344.53,145.2,Ocotea,54.0,A
354.98,82.49,Aglaia,20.8,A
390.2,13.64,Alseis,16.3,A
58.17,297.2,Alseis,132.4,A
111.57,127.12,Dipteryx,63.8,A
93.2,264.59,Alseis,139.3,A
49.46,298.67,Alseis,18.0,A
341.86,45.94,Drypetes,76.9,A
56.99,144.8,Virola,24.2,A
167.05,343.67,Dipteryx,22.6,A
332.28,102.97,Jacaranda,,D
8.59,373.94,Eugenia,51.9,A
234.21,275.79,Beilschmiedia,16.5,A
137.1,240.6,Alseis,516.1,A
195.83,186.66,Jacaranda,17.1,A
19.34,281.7,Drypetes,187.7,A
189.47,276.22,Cordia,10.8,A
206.39,270.49,Drypetes,28.4,A
18.54,82.96,Beilschmiedia,18.6,A
195.4,125.38,Alseis,27.5,A
19.04,208.51,Alseis,33.6,A
206.25,261.57,Beilschmiedia,39.9,A
464.95,42.92,Licania,44.1,A
407.57,84.36,Garcinia,14.0,A
38.2,169.46,Alseis,15.7,A
91.36,315.94,Knema,,D
93.36,20.67,Cordia,24.1,A
290.69,27.03,Aglaia,29.9,A
264.59,42.84,Calophyllum,,D
472.2,184.33,Calophyllum,11.6,A
54.58,89.37,Calophyllum,10.5,A
103.53,387.88,Beilschmiedia,97.1,A
190.14,141.63,Palaquium,15.3,A
395.59,6.83,Cordia,62.1,A
207.52,50.93,Guarea,,D
100.48,272.14,Calophyllum,74.5,A
97.4,110.74,Alseis,303.4,A
251.5,225.35,Calophyllum,,D
585.36,85.42,Beilschmiedia,10.4,A
192.33,8.48,Protium,14.8,A
579.2,147.6,Jacaranda,14.1,A
234.01,328.35,Beilschmiedia,118.1,A
390.23,212.3,Eugenia,10.8,A
411.53,91.2,Cordia,13.6,A
43.99,119.46,Virola,25.3,A
350.14,78.65,Jacaranda,18.3,A
243.12,299.62,Guarea,151.3,A
96.85,352.06,Calophyllum,22.9,A
188.44,319.48,Drypetes,26.5,A
102.05,225.85,Calophyllum,31.9,A
444.92,58.02,Aglaia,16.3,A
4.79,144.47,Garcinia,30.0,A
365.79,196.25,Guarea,11.5,A
173.14,287.17,Ocotea,11.7,A
346.75,3.01,Dipteryx,156.5,A
159.22,344.42,Diospyros,28.0,A
150.77,333.35,Eugenia,33.2,A
252.72,218.15,Guarea,10.7,A
234.15,109.65,Beilschmiedia,19.3,A
41.73,162.78,Aglaia,14.4,A
260.68,219.16,Faramea,25.9,A
42.46,152.7,Drypetes,81.9,A
447.11,67.93,Eugenia,41.6,A
316.24,144.83,Alseis,14.8,A
466.4,178.28,Eugenia,34.3,A
393.64,399.27,Tetragastris,,D
119.68,272.51,Knema,255.9,A
68.89,171.77,Sloanea,63.0,A
315.83,210.31,Dipteryx,12.8,A
196.62,94.86,Garcinia,24.2,A
396.9,220.25,Calophyllum,57.3,A
121.76,91.17,Dipteryx,46.1,A
401.82,149.48,Faramea,14.5,A
399.81,182.1,Macaranga,25.7,A
358.15,319.92,Knema,36.0,A
42.82,352.23,Faramea,66.4,A
191.47,216.69,Aglaia,62.0,A
378.03,134.25,Eugenia,64.7,A
168.36,322.96,Beilschmiedia,13.0,A
359.48,212.13,Calophyllum,39.2,A
358.43,132.26,Jacaranda,12.6,A
542.24,118.54,Aglaia,,D
477.57,169.35,Beilschmiedia,113.6,A
408.0,91.01,Garcinia,29.2,A
430.39,19.34,Beilschmiedia,125.0,A
248.93,278.96,Beilschmiedia,11.4,A
37.69,45.31,Macaranga,,D
15.15,114.4,Dipteryx,17.0,A
72.97,141.55,Drypetes,23.5,A
57.37,336.01,Drypetes,39.3,A
393.57,14.76,Alseis,14.4,A
392.99,96.28,Alseis,258.6,A
156.19,230.03,Calophyllum,70.9,A
258.35,150.0,Cordia,148.0,A
244.68,167.04,Rinorea,10.3,A
311.13,374.56,Alseis,22.1,A
101.03,308.0,Calophyllum,158.2,A
459.39,161.79,Drypetes,15.9,A
565.18,42.77,Hura,22.0,A
44.46,116.26,Inga,10.6,A
163.24,56.38,Hirtella,27.9,A
506.44,1.8,Faramea,14.9,A
372.9,256.48,Licania,303.4,A
121.22,204.86,Dipteryx,20.1,A
191.2,350.69,Garcinia,11.8,A
190.03,101.21,Ocotea,12.9,A
482.17,137.35,Beilschmiedia,31.4,A
575.56,180.47,Dipteryx,28.0,A
83.07,398.34,Beilschmiedia,19.3,A
231.2,190.2,Hirtella,,D
349.97,372.49,Aglaia,19.1,A
275.01,258.45,Nectandra,34.7,A
383.86,79.38,Ficus,17.6,A
302.62,111.51,Calophyllum,143.2,A
193.3,340.23,Beilschmiedia,117.3,A
174.97,196.08,Nectandra,10.8,A
361.28,273.71,Guarea,61.8,A
53.99,392.45,Dipteryx,130.3,A
524.16,13.34,Macaranga,15.8,A
304.84,123.72,Beilschmiedia,10.1,A
348.31,17.04,Dipteryx,337.8,A
549.98,84.15,Beilschmiedia,53.2,A
102.1,118.65,Knema,279.3,A
538.85,194.08,Dipteryx,181.0,A
224.67,383.97,Hirtella,48.3,A
43.92,318.16,Calophyllum,34.1,A
410.96,183.9,Jacaranda,68.3,A
38.07,82.5,Eugenia,21.9,A
388.01,109.82,Calophyllum,248.1,A
345.28,66.27,Aglaia,48.1,A
179.46,285.88,Macaranga,15.2,A
165.39,217.29,Calophyllum,23.0,A
403.18,118.02,Macaranga,27.4,A
99.36,112.41,Calophyllum,25.5,A
348.49,56.1,Knema,43.1,A
151.68,255.29,Quararibea,16.2,A
92.57,169.13,Guarea,,M
233.02,238.28,Hirtella,49.1,A
148.2,266.92,Drypetes,19.3,A
143.83,90.45,Dipteryx,,D
189.87,6.24,Alseis,11.2,A
358.71,145.75,Eugenia,45.1,A
33.82,222.03,Garcinia,75.3,A
63.06,317.52,Garcinia,10.7,A
162.54,218.79,Drypetes,345.3,A
124.45,70.55,Aglaia,,D
21.55,136.59,Hirtella,14.2,A
216.27,283.61,Aglaia,58.3,A
303.99,276.29,Dipteryx,13.0,A
246.75,275.46,Eugenia,11.3,A
473.9,51.47,Guarea,23.9,A
215.94,111.73,Cordia,11.9,A
422.4,149.4,Calophyllum,72.8,A
398.28,389.78,Ocotea,24.7,A
316.74,242.64,Faramea,406.0,A
391.07,136.19,Dipteryx,15.9,A
368.62,53.38,Dipteryx,28.7,A
218.85,281.52,Aglaia,124.1,A
376.55,241.15,Beilschmiedia,70.0,A
356.98,399.16,Eugenia,98.1,A
214.66,106.72,Aglaia,35.6,A
232.84,283.7,Calophyllum,25.5,A
455.96,109.48,Guarea,15.9,A
368.49,188.39,Cordia,,M
570.97,143.99,Calophyllum,188.1,A
464.33,161.82,Beilschmiedia,,D
449.04,75.2,Alseis,11.0,A
281.87,155.38,Beilschmiedia,44.2,A
79.74,143.68,Quararibea,49.7,A
236.4,81.27,Garcinia,21.3,A
416.54,63.91,Alseis,391.7,A
53.01,141.55,Virola,,M
100.17,159.73,Gustavia,13.4,A
383.39,224.27,Cordia,,D
113.67,109.19,Cordia,25.7,A
124.84,114.46,Alseis,10.5,A
356.48,220.62,Eugenia,19.0,A
125.8,356.91,Aglaia,10.6,A
250.05,180.58,Faramea,124.2,A
480.36,192.87,Drypetes,15.2,A
485.64,83.0,Beilschmiedia,10.3,A
224.39,316.4,Aglaia,69.8,A
368.8,216.5,Alseis,10.4,A
301.55,213.66,Inga,36.4,A
235.1,355.24,Eugenia,81.6,A
230.46,125.65,Anacardium,20.3,A
180.38,328.49,Cordia,15.5,A
139.37,43.98,Alseis,15.2,A
417.92,120.27,Aglaia,21.5,A
581.45,158.2,Faramea,21.2,A
301.16,171.74,Beilschmiedia,29.2,A
519.49,110.33,Calophyllum,16.4,A
156.53,256.68,Knema,105.3,A
28.05,274.01,Quararibea,10.9,A
11.75,145.11,Jacaranda,16.5,A
78.15,114.8,Calophyllum,96.6,A
470.31,9.46,Drypetes,30.7,A
51.67,213.96,Calophyllum,19.7,A
54.44,263.94,Guarea,,D
160.54,107.78,Protium,13.8,A
283.01,337.17,Alseis,18.5,A
103.43,220.51,Dipteryx,21.5,A
308.7,209.5,Dipteryx,10.2,A
543.53,49.89,Dipteryx,98.5,A
348.78,345.98,Eugenia,71.5,A
319.09,236.81,Dipteryx,73.3,A
403.07,129.87,Alseis,,D
232.09,272.2,Garcinia,48.3,A
333.6,143.31,Alseis,130.3,A
236.89,226.71,Eugenia,52.2,A
267.51,241.69,Beilschmiedia,14.5,A
156.32,214.69,Aglaia,29.8,A
436.8,185.31,Knema,15.0,A
78.03,121.88,Macaranga,88.6,A
182.51,124.1,Dipteryx,115.4,A
406.42,176.0,Palaquium,188.9,A
182.73,136.22,Aglaia,18.1,A
533.41,175.7,Beilschmiedia,42.4,A
30.31,140.79,Inga,13.9,A
423.21,104.09,Cordia,13.5,A
192.08,236.93,Drypetes,13.0,A
46.76,234.24,Eugenia,53.2,A
370.4,244.24,Beilschmiedia,11.2,A
208.57,126.01,Alseis,429.1,A
348.37,261.02,Nectandra,48.7,A
367.62,81.58,Drypetes,55.9,A
44.52,336.81,Aglaia,42.9,A
466.64,159.01,Calophyllum,15.8,A
534.91,36.67,Alseis,124.4,A
537.79,190.93,Calophyllum,65.3,A
475.38,14.78,Eugenia,15.5,A
87.43,113.49,Inga,10.8,A
147.08,240.88,Drypetes,14.1,A
92.15,309.35,Beilschmiedia,26.2,A
190.7,208.5,Garcinia,21.3,A
77.93,101.12,Alseis,54.4,A
173.25,120.0,Guarea,16.2,A
428.07,19.32,Beilschmiedia,16.4,A
132.99,177.68,Calophyllum,25.3,A
393.69,234.68,Dipteryx,44.5,A
10.96,286.63,Faramea,15.0,A
338.59,398.19,Beilschmiedia,21.6,A
344.2,326.56,Tetragastris,10.9,A
179.72,376.78,Cordia,,D
47.67,392.61,Calophyllum,23.2,A
369.08,330.04,Alseis,22.0,A
584.32,87.42,Alseis,42.3,A
326.48,377.32,Alseis,60.1,A
508.52,131.37,Drypetes,63.2,A
47.26,203.69,Cordia,110.6,A
567.59,91.3,Faramea,78.4,A
234.81,223.52,Drypetes,129.9,A
177.69,8.67,Alseis,10.6,A
58.61,229.38,Quararibea,19.1,A
304.57,61.06,Calophyllum,46.8,A
298.08,254.28,Swartzia,113.4,A
574.08,20.23,Faramea,48.0,A
262.82,15.99,Cordia,156.3,A
250.18,360.81,Luehea,11.3,A
486.51,78.04,Beilschmiedia,243.4,A
262.86,280.6,Dipteryx,21.2,A
1.44,110.26,Aglaia,,D
223.79,301.29,Aglaia,20.1,A
538.73,43.96,Aglaia,30.7,A
234.53,232.71,Ocotea,80.5,A
384.74,235.85,Guarea,,D
25.91,187.09,Inga,65.6,A
283.42,239.37,Dipteryx,16.1,A
557.99,142.49,Guarea,61.4,A
403.17,70.26,Calophyllum,64.6,A
147.65,217.16,Aglaia,17.7,A
76.97,395.32,Dipteryx,52.8,A
494.94,83.6,Drypetes,14.9,A
328.96,292.71,Guarea,65.5,A
172.38,146.6,Palaquium,83.7,A
275.38,393.31,Hirtella,21.6,A
216.0,82.89,Aglaia,21.8,A
285.39,189.28,Faramea,16.3,A
281.06,164.59,Cordia,27.0,A
407.97,114.07,Aglaia,137.5,A
203.8,259.92,Alseis,13.5,A
221.63,130.57,Alseis,435.6,A
234.42,176.13,Alseis,,D
192.25,106.98,Shorea,21.6,A
149.96,170.62,Gustavia,12.2,A
234.77,303.17,Eugenia,122.8,A
177.7,298.25,Eugenia,20.8,A
382.5,266.57,Calophyllum,424.4,A
300.35,7.11,Beilschmiedia,21.1,A
317.24,267.91,Guarea,15.1,A
480.22,153.67,Calophyllum,15.3,A
359.75,134.92,Calophyllum,11.0,A
508.71,58.56,Calophyllum,37.2,A
338.82,384.33,Alseis,15.4,A
313.95,197.91,Cordia,14.8,A
233.21,25.77,Faramea,13.3,A
381.2,260.42,Garcinia,47.8,A
183.33,211.99,Alseis,12.7,A
238.25,229.56,Garcinia,11.6,A
586.8,150.9,Hirtella,61.0,A
125.31,114.78,Cordia,,D
33.31,256.57,Drypetes,80.6,A
51.48,221.92,Garcinia,16.1,A
52.33,208.06,Dipteryx,163.7,A
49.27,239.64,Cordia,143.6,A
108.21,151.02,Gustavia,23.0,A
174.35,201.45,Dipteryx,24.0,A
325.52,253.46,Eugenia,36.5,A
546.68,23.35,Faramea,,D
435.32,180.51,Calophyllum,132.8,A
211.56,248.5,Aglaia,34.8,A
184.25,290.97,Faramea,37.0,A
25.22,112.9,Alseis,115.0,A
199.8,339.44,Faramea,20.1,A
235.27,390.73,Dipteryx,270.6,A
377.28,158.68,Guarea,,D
293.75,167.55,Dipteryx,87.8,A
15.42,257.84,Eugenia,14.3,A
81.49,94.75,Nectandra,140.9,A
158.8,230.3,Drypetes,20.9,A
168.72,207.88,Cordia,118.2,A
3.38,139.81,Garcinia,136.7,A
428.54,168.94,Palaquium,20.7,A
99.08,273.66,Alseis,56.7,A
314.85,204.81,Calophyllum,23.8,A
145.55,327.27,Sloanea,24.7,A
216.02,253.42,Beilschmiedia,12.5,A
393.78,32.49,Calophyllum,229.7,A
57.35,396.22,Cordia,17.3,A
100.0,144.45,Cordia,167.0,A
381.02,121.65,Nectandra,22.2,A
158.76,247.71,Hirtella,10.2,A
404.72,98.7,Aglaia,20.8,A
160.54,236.89,Jacaranda,130.1,A
48.82,266.83,Guarea,17.8,A
362.61,217.57,Alseis,70.8,A
386.49,291.34,Ocotea,55.5,A
318.45,80.0,Anacardium,46.4,A
378.53,85.39,Alseis,29.7,A
418.72,185.4,Hirtella,92.9,A
330.55,15.93,Garcinia,140.0,A
397.47,310.5,Alseis,98.8,A
239.82,224.63,Hirtella,,D
136.13,142.09,Hirtella,10.3,A
243.31,158.12,Knema,38.1,A
267.46,184.48,Eugenia,103.5,A
238.94,380.24,Alseis,12.3,A
330.37,209.27,Faramea,35.4,A
394.95,247.65,Aglaia,81.6,A
143.82,0.04,Calophyllum,11.4,A
196.84,163.04,Aglaia,122.9,A
262.89,241.79,Calophyllum,35.2,A
520.56,187.1,Beilschmiedia,101.0,A
457.62,125.19,Calophyllum,49.0,A
378.95,75.65,Garcinia,40.1,A
356.72,224.78,Jacaranda,,D
538.09,152.63,Tetragastris,112.0,A
102.09,19.41,Aglaia,28.5,A
17.01,297.46,Faramea,13.2,A
285.65,151.2,Beilschmiedia,22.8,A
50.83,319.48,Knema,11.9,A
203.73,248.06,Aglaia,11.5,A
547.41,32.92,Faramea,22.7,A
16.3,377.07,Eugenia,160.3,A
289.55,354.07,Dipteryx,34.2,A
43.91,46.06,Dipteryx,171.7,A
43.52,244.04,Dipteryx,13.8,A
216.76,285.52,Aglaia,19.9,A
95.0,328.7,Jacaranda,10.9,A
38.27,188.73,Cordia,52.3,A
452.65,120.59,Hirtella,45.2,A
50.6,219.12,Alseis,12.1,A
182.12,341.91,Cordia,16.8,A
154.76,227.03,Drypetes,75.5,A
80.56,305.53,Drypetes,24.6,A
284.54,160.23,Dipteryx,63.9,A
367.55,235.28,Eugenia,44.4,A
195.22,115.29,Guarea,32.0,A
82.98,84.34,Protium,51.7,A
43.17,330.42,Drypetes,12.4,A
349.62,54.69,Garcinia,249.6,A
538.87,115.45,Aglaia,14.4,A
376.95,99.79,Jacaranda,26.6,A
363.62,25.76,Hirtella,73.3,A
579.58,92.31,Beilschmiedia,12.0,A
29.95,193.46,Anacardium,14.2,A
48.67,49.82,Nectandra,69.3,A
480.33,198.52,Guarea,131.6,A
96.06,338.6,Knema,586.9,A
89.87,239.79,Garcinia,,D
17.63,17.29,Hirtella,36.2,A
473.0,134.69,Jacaranda,74.2,A
45.73,104.06,Alseis,11.6,A
288.94,357.83,Aglaia,,D
416.94,166.03,Dipteryx,11.5,A
162.11,115.27,Calophyllum,30.1,A
360.9,213.74,Dipteryx,45.4,A
2.41,245.89,Dipteryx,206.0,A
229.75,261.94,Beilschmiedia,38.1,A
157.73,326.42,Aglaia,,D
312.05,266.64,Dipteryx,50.6,A
1.8,269.71,Sloanea,17.2,A
271.67,293.19,Aglaia,12.3,A
543.5,24.29,Dipteryx,52.6,A
501.92,106.79,Calophyllum,22.3,A
4.01,140.14,Garcinia,336.7,A
319.49,46.56,Jacaranda,13.0,A
202.84,83.39,Anacardium,20.9,A
178.2,196.51,Palaquium,14.8,A
191.12,299.57,Eugenia,31.7,A
385.7,53.7,Drypetes,,M
201.93,392.84,Guarea,13.3,A
355.97,358.37,Aglaia,21.2,A
62.51,286.11,Drypetes,,D
229.1,170.83,Eugenia,67.3,A
43.11,134.88,Aglaia,12.2,A
536.62,54.14,Knema,28.2,A
117.55,34.15,Cordia,,D
14.53,278.49,Cordia,36.3,A
199.05,274.19,Cordia,146.9,A
555.34,156.91,Rinorea,63.5,A
274.47,169.12,Guarea,12.2,A
35.67,304.49,Calophyllum,895.6,A
531.59,163.95,Beilschmiedia,28.6,A
155.29,398.26,Jacaranda,32.1,A
126.69,264.05,Brosimum,38.8,A
252.49,193.93,Licania,67.2,A
42.94,80.35,Protium,14.0,A
48.72,317.75,Hirtella,11.0,A
377.82,66.99,Swartzia,12.9,A
30.26,297.2,Cordia,15.6,A
587.93,57.87,Licania,145.3,A
58.83,344.57,Aglaia,,D
319.55,133.03,Alseis,74.4,A
205.19,281.92,Aglaia,11.0,A
122.48,273.78,Dipteryx,385.5,A
191.08,311.28,Aglaia,,D
501.38,15.06,Drypetes,15.6,A
92.29,179.37,Quararibea,12.4,A
114.7,23.67,Dipteryx,15.1,A
202.62,17.91,Faramea,291.4,A
13.5,345.45,Cordia,53.8,A
327.66,306.43,Alseis,13.9,A
163.13,300.54,Dipteryx,344.2,A
478.26,150.8,Calophyllum,521.8,A
556.46,101.65,Beilschmiedia,180.5,A
64.61,70.49,Aglaia,11.0,A
489.72,58.32,Calophyllum,38.8,A
440.07,84.17,Dipteryx,326.5,A
340.42,239.33,Eugenia,10.0,A
167.88,339.09,Aglaia,11.2,A
118.7,114.09,Drypetes,50.6,A
113.79,45.03,Aglaia,15.2,A
7.94,82.11,Drypetes,16.2,A
49.21,151.4,Aglaia,19.4,A
40.75,361.17,Knema,65.6,A
135.61,218.59,Palaquium,15.0,A
362.49,30.95,Nectandra,100.9,A
303.67,20.38,Aglaia,45.9,A
382.28,239.81,Alseis,27.5,A
144.02,244.62,Knema,239.4,A
45.34,288.62,Knema,31.3,A
249.74,269.81,Dipteryx,17.6,A
363.53,45.47,Calophyllum,35.8,A
50.47,342.53,Garcinia,13.0,A
366.15,71.9,Aglaia,80.6,A
466.89,18.96,Ocotea,34.1,A
168.76,66.24,Hirtella,158.2,A
161.37,131.18,Beilschmiedia,31.5,A
119.59,117.76,Dipteryx,42.5,A
3.21,287.6,Drypetes,11.5,A
509.47,11.0,Cordia,58.7,A
349.94,305.74,Calophyllum,48.4,A
139.75,130.98,Guarea,21.2,A
120.03,112.97,Protium,29.9,A
409.53,25.56,Drypetes,53.7,A
122.52,42.81,Cordia,18.3,A
13.29,295.01,Anacardium,19.9,A
309.32,135.89,Inga,96.5,A
110.19,217.66,Calophyllum,748.0,A
109.42,250.05,Hirtella,21.3,A
111.84,30.75,Rinorea,10.7,A
361.11,396.0,Beilschmiedia,26.0,A
324.98,172.5,Trichilia,46.8,A
588.36,39.42,Guarea,10.5,A
136.7,144.5,Dipteryx,81.0,A
94.08,40.33,Aglaia,16.3,A
566.45,51.22,Aglaia,31.1,A
354.61,30.17,Dipteryx,27.2,A
52.37,272.31,Drypetes,20.4,A
347.72,348.54,Licania,20.6,A
172.12,141.68,Protium,37.3,A
225.18,286.37,Faramea,49.5,A
226.85,99.84,Cordia,,D
447.45,113.25,Hirtella,22.1,A
334.01,38.79,Calophyllum,78.5,A
75.08,189.36,Alseis,74.5,A
194.01,293.3,Dipteryx,317.0,A
81.89,366.96,Beilschmiedia,31.3,A
544.48,190.58,Guarea,17.2,A
295.54,326.62,Macaranga,10.6,A
240.89,279.22,Beilschmiedia,164.0,A
139.7,204.5,Quararibea,66.1,A
435.09,28.87,Beilschmiedia,205.5,A
166.39,132.63,Nectandra,,D
225.47,180.81,Quararibea,58.4,A
24.89,52.34,Erythroxylum,30.9,A
150.97,389.16,Alseis,11.5,A
532.13,187.11,Hirtella,16.8,A
190.78,274.48,Faramea,225.8,A
130.0,99.34,Inga,,D
85.14,161.64,Alseis,52.3,A
95.44,302.35,Drypetes,172.4,A
73.69,113.48,Cordia,188.8,A
87.73,375.07,Beilschmiedia,27.2,A
469.79,41.12,Eugenia,44.7,A
328.15,323.09,Licania,560.9,A
262.5,360.47,Cordia,17.2,A
158.62,48.48,Dipteryx,46.8,A
165.6,345.09,Beilschmiedia,17.9,A
35.66,373.8,Calophyllum,933.3,A
369.49,19.91,Calophyllum,21.3,A
91.65,210.33,Protium,12.9,A
303.9,108.89,Hirtella,120.7,A
203.31,394.47,Cupania,16.7,A
269.43,317.78,Aglaia,60.7,A
311.12,323.62,Dipteryx,68.2,A
84.69,115.11,Swartzia,37.4,A
337.02,397.66,Beilschmiedia,15.6,A
483.63,128.84,Calophyllum,28.8,A
229.03,299.08,Eugenia,29.5,A
141.8,129.14,Beilschmiedia,170.9,A
234.9,304.86,Aglaia,97.5,A
243.83,286.23,Jacaranda,,D
370.07,370.48,Aglaia,13.6,A
543.41,14.34,Drypetes,140.9,A
567.82,179.24,Knema,14.2,A
201.16,389.77,Dipteryx,119.7,A
127.67,254.85,Palaquium,10.3,A
154.81,230.76,Aglaia,17.5,A
395.51,197.24,Faramea,25.6,A
230.64,192.46,Drypetes,10.0,A
107.92,295.72,Drypetes,151.4,A
169.09,227.86,Drypetes,63.9,A
370.24,319.15,Aglaia,74.5,A
66.97,343.02,Quararibea,38.9,A
466.87,101.87,Dipteryx,176.7,A
227.27,207.26,Cordia,36.1,A
356.95,103.56,Ficus,10.5,A
425.88,63.76,Inga,11.4,A
341.01,287.74,Alseis,32.5,A
266.74,150.68,Sloanea,28.7,A
340.3,33.66,Jacaranda,10.9,A
210.57,140.23,Alseis,,M
42.03,228.28,Swartzia,30.1,A
76.94,80.28,Alseis,,D
161.87,306.54,Alseis,13.7,A
198.4,274.74,Alseis,11.2,A
260.18,193.58,Licania,20.1,A
48.4,85.68,Calophyllum,346.1,A
168.15,289.4,Aglaia,71.8,A
90.58,51.62,Protium,13.3,A
486.27,143.44,Beilschmiedia,27.5,A
255.84,200.19,Calophyllum,302.4,A
200.77,164.05,Aglaia,29.0,A
10.68,345.67,Cordia,23.9,A
351.07,49.63,Knema,19.5,A
377.2,183.23,Faramea,243.6,A
204.28,336.27,Aglaia,13.0,A
235.13,108.05,Garcinia,50.3,A
447.71,1.99,Beilschmiedia,257.8,A
379.77,262.53,Garcinia,18.0,A
159.12,236.05,Guarea,15.0,A
157.69,227.52,Aglaia,39.1,A
296.33,171.21,Inga,,D
29.77,95.42,Hirtella,104.1,A
164.21,52.65,Cordia,17.3,A
157.92,258.26,Quararibea,38.4,A
585.49,94.94,Beilschmiedia,66.5,A
320.77,350.22,Calophyllum,105.6,A
199.16,290.23,Faramea,18.4,A
32.99,307.02,Drypetes,199.3,A
57.09,193.73,Aglaia,18.0,A
98.33,321.71,Garcinia,197.4,A
273.88,359.23,Aglaia,15.1,A
62.94,212.34,Alseis,350.3,A
182.99,172.33,Cordia,18.2,A
48.92,307.79,Alseis,,D
580.81,64.72,Aglaia,20.4,A
551.03,125.95,Aglaia,,D
577.32,17.92,Macaranga,21.8,A
432.01,98.74,Licania,16.1,A
91.99,207.35,Anacardium,47.3,A
598.38,93.95,Alseis,10.4,A
46.03,312.62,Drypetes,10.3,A
443.88,74.09,Alseis,11.0,A
117.69,258.79,Cordia,115.5,A
204.5,253.54,Aglaia,152.0,A
350.18,8.65,Cordia,66.2,A
65.27,313.57,Drypetes,16.9,A
112.02,32.89,Alseis,56.1,A
205.86,256.56,Cordia,13.0,A
333.81,58.0,Garcinia,,D
387.59,250.71,Aglaia,66.6,A
418.04,5.93,Guarea,140.7,A
463.2,184.08,Eugenia,25.0,A
390.59,339.42,Knema,25.9,A
10.74,287.37,Faramea,14.9,A
381.85,213.02,Faramea,64.5,A
155.36,93.31,Inga,27.2,A
114.92,28.3,Alseis,,D
329.39,212.8,Calophyllum,23.6,A
307.32,286.29,Calophyllum,13.1,A
111.78,47.19,Calophyllum,35.6,A
84.34,162.14,Macaranga,57.2,A
24.5,73.15,Hirtella,23.0,A
156.14,178.53,Quararibea,,D
585.49,57.21,Guarea,13.6,A
562.24,91.57,Beilschmiedia,10.2,A
239.92,346.51,Aglaia,29.1,A
69.85,84.7,Shorea,21.1,A
437.37,88.08,Alseis,20.8,A
127.98,222.97,Faramea,45.5,A
349.42,341.72,Dipteryx,13.8,A
161.31,366.16,Alseis,55.1,A
89.68,50.69,Aglaia,11.1,A
106.92,243.28,Swartzia,77.9,A
472.7,13.76,Beilschmiedia,78.6,A
226.95,207.04,Cordia,,M
448.32,181.96,Eugenia,69.1,A
173.27,319.54,Beilschmiedia,108.5,A
29.5,293.72,Drypetes,92.7,A
75.74,130.1,Drypetes,10.3,A
380.91,232.6,Aglaia,57.5,A
27.13,286.14,Cordia,10.5,A
191.48,139.81,Aglaia,64.4,A
302.86,12.51,Aglaia,33.0,A
45.31,148.94,Drypetes,,D
262.52,293.7,Aglaia,86.4,A
157.0,230.54,Guarea,,D
482.52,190.07,Drypetes,81.2,A
112.8,227.97,Eugenia,37.8,A
297.94,2.34,Beilschmiedia,141.6,A
222.01,335.24,Aglaia,28.3,A
171.19,2.14,Calophyllum,18.2,A
97.11,88.78,Inga,43.4,A
369.2,173.78,Ocotea,221.8,A
318.39,6.07,Garcinia,10.3,A
233.82,40.89,Faramea,61.3,A
507.52,92.17,Drypetes,18.0,A
314.8,301.14,Alseis,282.6,A
416.47,42.34,Garcinia,182.2,A
379.38,221.64,Alseis,53.6,A
47.31,128.46,Alseis,22.3,A
381.49,161.95,Cordia,11.5,A
283.52,339.88,Cordia,13.6,A
84.45,154.76,Alseis,490.7,A
72.26,234.59,Knema,50.6,A
172.92,374.89,Cordia,11.6,A
458.07,81.42,Drypetes,52.0,A
229.35,51.49,Garcinia,14.7,A
60.22,144.4,Virola,280.4,A
184.1,139.89,Jacaranda,54.3,A
134.28,158.96,Calophyllum,12.6,A
197.94,206.97,Drypetes,12.7,A
369.62,79.16,Alseis,17.6,A
93.02,278.57,Calophyllum,356.1,A
154.64,233.93,Drypetes,10.2,A
207.31,22.43,Protium,10.1,A
404.09,171.09,Dipteryx,17.5,A
593.91,72.89,Guarea,28.5,A
346.75,361.43,Licania,24.9,A
559.76,149.19,Guarea,34.3,A
465.98,34.12,Eugenia,147.2,A
392.89,141.42,Guarea,28.5,A
154.94,219.62,Cordia,15.0,A
83.69,105.46,Palaquium,217.4,A
409.14,33.91,Drypetes,14.1,A
129.77,327.25,Knema,231.9,A
473.9,137.6,Jacaranda,50.9,A
166.63,142.3,Beilschmiedia,64.2,A
320.29,300.9,Alseis,292.7,A
19.17,32.07,Calophyllum,41.0,A
234.48,302.09,Garcinia,,D
50.3,114.71,Alseis,,D
353.54,135.99,Ocotea,18.4,A
574.65,199.96,Hirtella,20.6,A
284.58,159.98,Beilschmiedia,22.1,A
398.06,173.04,Aglaia,10.7,A
6.24,111.84,Hirtella,31.9,A
370.42,235.15,Beilschmiedia,41.5,A
389.68,225.12,Eugenia,,D
76.19,296.74,Rinorea,25.2,A
429.37,196.32,Ocotea,,D
169.45,165.59,Calophyllum,44.7,A
422.54,81.3,Garcinia,79.4,A
492.65,197.49,Guarea,213.7,A
152.17,215.75,Alseis,47.9,A
141.88,132.14,Beilschmiedia,116.8,A
442.1,77.88,Calophyllum,51.2,A
520.42,54.6,Faramea,26.4,A
306.55,96.25,Alseis,341.2,A
322.5,371.46,Dipteryx,20.2,A
160.56,297.9,Alseis,57.3,A
240.58,147.82,Sloanea,85.4,A
67.08,273.13,Calophyllum,273.5,A
573.53,33.69,Faramea,,D
401.12,99.71,Alseis,117.9,A
179.41,220.4,Faramea,516.2,A
302.21,42.75,Eugenia,134.6,A
421.86,52.14,Aglaia,20.4,A
408.25,176.06,Dipteryx,36.8,A
4.89,258.72,Alseis,22.2,A
502.84,55.62,Drypetes,,D
226.38,180.71,Dipteryx,122.9,A
199.95,329.91,Eugenia,65.0,A
305.84,283.26,Jacaranda,19.8,A
417.35,103.56,Protium,76.0,A
72.71,238.82,Knema,89.9,A
48.28,141.34,Inga,11.9,A
223.2,154.88,Quararibea,45.7,A
104.7,197.62,Jacaranda,18.1,A
256.21,17.44,Calophyllum,595.3,A
326.65,338.56,Nectandra,10.5,A
281.78,259.53,Calophyllum,,D
76.1,303.56,Beilschmiedia,10.1,A
417.39,79.52,Alseis,49.3,A
408.3,87.7,Beilschmiedia,26.2,A
389.13,392.67,Palaquium,118.1,A
151.49,198.42,Cordia,47.4,A
307.17,271.14,Jacaranda,15.2,A
475.55,169.6,Beilschmiedia,,D
283.73,376.93,Cupania,44.1,A
462.81,14.49,Calophyllum,10.8,A
36.14,351.28,Dipteryx,409.4,A
9.75,389.01,Alseis,277.8,A
304.0,20.39,Garcinia,105.8,A
296.07,358.06,Alseis,458.3,A
568.84,192.57,Rinorea,10.5,A
392.0,345.48,Tetragastris,53.5,A
361.75,249.8,Hirtella,89.3,A
125.35,70.52,Aglaia,,D
136.39,257.13,Brosimum,49.6,A
22.66,344.05,Calophyllum,36.3,A
49.42,264.26,Eugenia,65.3,A
37.22,362.09,Cordia,96.1,A
106.93,49.61,Aglaia,96.9,A
64.43,54.87,Alseis,23.2,A
37.27,268.41,Nectandra,17.8,A
262.91,353.93,Luehea,26.7,A
174.99,224.13,Drypetes,14.0,A
298.58,193.71,Inga,44.3,A
421.33,16.27,Beilschmiedia,83.7,A
9.4,246.82,Faramea,,D
492.79,175.84,Cordia,11.7,A
264.18,255.89,Aglaia,19.7,A
185.77,332.98,Faramea,96.5,A
67.93,60.06,Aglaia,45.5,A
286.4,10.37,Guarea,10.7,A
225.03,322.28,Aglaia,70.0,A
562.51,39.02,Aglaia,10.5,A
302.85,8.94,Aglaia,22.7,A
389.3,161.42,Palaquium,204.6,A
355.34,236.93,Swartzia,21.3,A
96.49,231.4,Garcinia,269.5,A
135.48,256.92,Alseis,10.7,A
330.17,65.64,Drypetes,128.7,A
181.44,298.37,Eugenia,24.4,A
1.47,370.72,Beilschmiedia,44.2,A
426.51,140.22,Beilschmiedia,74.8,A
367.13,334.12,Alseis,55.5,A
117.2,32.14,Aglaia,11.9,A
375.61,215.91,Alseis,12.9,A
218.96,215.23,Calophyllum,37.8,A
224.35,331.03,Drypetes,32.9,A
491.67,199.48,Knema,33.5,A
328.45,319.93,Jacaranda,18.3,A
106.68,97.89,Calophyllum,14.0,A
183.2,148.01,Cordia,20.7,A
592.56,178.54,Knema,658.4,A
351.03,159.53,Dipteryx,29.9,A
219.82,27.48,Knema,102.8,A
465.18,48.75,Nectandra,70.1,A
80.0,213.98,Sloanea,12.9,A
472.07,43.14,Knema,11.2,A
110.57,348.91,Aglaia,15.7,A
83.79,68.32,Calophyllum,135.2,A
353.26,35.18,Dipteryx,28.2,A
531.28,6.85,Licania,33.4,A
62.53,220.62,Alseis,23.8,A
128.72,296.95,Guarea,121.5,A
358.61,292.94,Dipteryx,30.9,A
126.22,70.66,Dipteryx,91.3,A
38.59,52.05,Licania,245.1,A
385.26,284.73,Calophyllum,,D
7.27,156.77,Garcinia,43.1,A
218.26,261.96,Cordia,121.0,A
226.14,315.19,Aglaia,26.0,A
299.61,386.16,Macaranga,26.4,A
156.16,102.27,Protium,10.3,A
371.79,325.91,Aglaia,83.7,A
78.06,92.62,Calophyllum,,D
376.11,249.5,Aglaia,141.4,A
39.18,94.22,Eugenia,20.3,A
91.43,234.34,Knema,59.6,A
379.82,108.96,Xylopia,45.0,A
153.7,198.32,Drypetes,,D
73.52,19.62,Hirtella,23.8,A
243.87,326.58,Guarea,,D
419.11,124.3,Alseis,63.8,A
228.16,173.01,Alseis,12.0,A
211.15,331.24,Garcinia,61.3,A
409.59,188.56,Shorea,65.6,A
185.92,343.28,Jacaranda,20.3,A
288.86,153.27,Faramea,16.9,A
48.76,137.06,Cordia,162.3,A
261.85,179.5,Calophyllum,52.1,A
129.12,100.07,Inga,32.2,A
311.97,226.55,Inga,28.8,A
143.58,130.69,Beilschmiedia,254.9,A
130.11,289.04,Brosimum,70.1,A
152.38,241.1,Aglaia,37.7,A
590.86,47.28,Guarea,12.0,A
411.15,59.19,Aglaia,65.4,A
356.57,364.78,Dipteryx,174.2,A
86.94,189.25,Alseis,137.2,A
221.08,195.26,Drypetes,11.8,A
58.6,124.45,Virola,12.4,A
493.51,103.71,Cordia,26.1,A
398.6,166.01,Palaquium,14.0,A
293.03,39.84,Swartzia,18.4,A
196.75,212.71,Drypetes,238.3,A
464.0,165.12,Beilschmiedia,206.6,A
103.11,311.11,Drypetes,,D
231.66,280.84,Alseis,297.0,A
303.79,34.22,Garcinia,65.1,A
13.79,227.47,Faramea,63.9,A
37.81,38.92,Licania,105.3,A
288.63,269.96,Jacaranda,19.4,A
186.6,301.35,Alseis,13.1,A
216.37,335.7,Macaranga,48.9,A
235.34,271.03,Beilschmiedia,73.2,A
18.88,147.1,Aglaia,17.6,A
465.62,166.83,Drypetes,18.9,A
128.81,129.4,Cordia,42.7,A
222.18,231.01,Drypetes,,D
133.17,170.64,Cordia,14.0,A
467.18,140.22,Calophyllum,49.2,A
173.92,262.27,Sloanea,28.2,A
470.61,120.52,Hirtella,162.4,A
342.24,144.64,Hirtella,70.2,A
77.93,342.74,Swartzia,28.6,A
175.72,220.47,Garcinia,,M
297.72,29.63,Cordia,16.6,A
390.01,358.6,Licania,,M
24.05,89.82,Macaranga,12.9,A
268.05,292.15,Aglaia,21.1,A
67.25,117.24,Palaquium,24.4,A
265.55,245.88,Beilschmiedia,10.2,A
25.44,41.3,Erythroxylum,274.1,A
342.15,24.6,Jacaranda,14.2,A
374.99,222.54,Alseis,13.5,A
326.54,385.49,Beilschmiedia,46.6,A
122.11,220.6,Calophyllum,68.1,A
54.07,327.57,Garcinia,,D
53.54,240.06,Calophyllum,,D
355.7,358.08,Eugenia,10.1,A
119.28,243.17,Faramea,10.5,A
73.19,230.68,Dipteryx,12.6,A
364.94,95.92,Garcinia,40.6,A
177.19,241.84,Diospyros,27.8,A
154.83,243.56,Guarea,38.6,A
210.97,228.98,Aglaia,18.1,A
32.22,280.08,Faramea,68.3,A
172.41,52.03,Guarea,,D
200.7,365.87,Trichilia,132.2,A
1.31,380.7,Eugenia,10.3,A
107.13,227.12,Aglaia,17.4,A
155.98,267.45,Alseis,11.5,A
106.77,71.03,Nectandra,179.0,A
527.2,158.41,Beilschmiedia,16.0,A
88.98,108.34,Drypetes,13.0,A
91.49,32.68,Aglaia,160.8,A
279.97,334.73,Alseis,11.4,A
103.55,334.74,Aglaia,14.4,A
37.77,325.82,Cordia,73.6,A
301.3,72.03,Knema,23.6,A
158.06,110.51,Gustavia,,D
344.11,295.58,Alseis,33.1,A
301.76,118.11,Nectandra,145.7,A
406.92,114.15,Aglaia,16.0,A
8.59,261.01,Alseis,,D
53.24,122.74,Alseis,100.1,A
314.27,30.69,Aglaia,25.1,A
59.95,342.1,Rinorea,11.1,A
312.37,32.07,Macaranga,246.8,A
323.18,143.79,Inga,17.6,A
222.14,233.16,Drypetes,,D
321.76,95.07,Cordia,10.2,A
342.69,46.56,Macaranga,68.4,A
324.08,265.42,Cordia,,D
562.53,22.29,Calophyllum,172.4,A
288.02,1.09,Beilschmiedia,31.4,A
23.16,285.99,Jacaranda,16.4,A
311.85,84.29,Cordia,26.8,A
509.58,55.8,Hirtella,76.4,A
326.53,303.7,Alseis,44.5,A
288.88,2.15,Beilschmiedia,14.3,A
474.67,115.41,Calophyllum,16.1,A
36.81,300.36,Alseis,69.5,A
32.08,299.02,Calophyllum,,D
419.87,61.96,Alseis,15.8,A
5.06,294.28,Cordia,37.5,A
318.9,107.27,Beilschmiedia,14.1,A
60.83,239.9,Calophyllum,49.5,A
9.8,246.58,Faramea,10.2,A
313.95,239.08,Cecropia,17.8,A
541.85,10.8,Licania,18.9,A
125.63,390.63,Aglaia,,D
220.64,322.58,Aglaia,22.9,A
375.64,301.38,Aglaia,12.7,A
459.31,3.17,Cordia,156.6,A
380.67,335.65,Guarea,92.3,A
107.86,27.35,Protium,33.4,A
555.4,110.19,Aglaia,67.4,A
223.94,144.82,Quararibea,13.8,A
169.44,268.71,Cordia,,D
413.18,75.28,Garcinia,212.5,A
351.03,51.16,Dipteryx,26.7,A
376.35,17.08,Hirtella,15.5,A
152.06,212.94,Drypetes,30.3,A
494.51,53.63,Cordia,15.9,A
259.16,273.22,Calophyllum,788.7,A
345.88,7.79,Alseis,10.5,A
310.29,347.74,Trichilia,,D
375.54,244.43,Aglaia,16.1,A
104.16,310.62,Beilschmiedia,37.1,A
315.42,242.48,Dipteryx,,D
129.68,272.29,Sloanea,11.0,A
15.47,291.35,Drypetes,56.2,A
331.91,396.07,Calophyllum,29.5,A
191.45,354.17,Aglaia,,D
168.75,132.04,Protium,12.2,A
74.45,258.82,Anacardium,18.0,A
210.57,222.19,Drypetes,68.9,A
390.3,233.7,Garcinia,,D
392.1,317.26,Dipteryx,15.1,A
109.87,123.82,Drypetes,14.1,A
255.34,169.04,Macaranga,11.8,A
248.38,121.69,Beilschmiedia,10.9,A
27.15,64.16,Guarea,32.3,A
142.87,252.65,Faramea,14.3,A
471.65,59.58,Calophyllum,336.0,A
210.53,56.02,Calophyllum,792.4,A
277.24,368.81,Aglaia,39.4,A
539.49,46.67,Alseis,27.3,A
118.13,155.45,Nectandra,40.0,A
366.57,396.03,Jacaranda,15.7,A
80.5,359.64,Aglaia,17.2,A
308.5,246.57,Dipteryx,77.1,A
355.26,358.53,Aglaia,102.3,A
257.5,24.7,Alseis,22.8,A
161.31,232.01,Drypetes,15.0,A
139.73,29.36,Calophyllum,20.6,A
214.58,157.26,Hirtella,34.4,A
247.03,202.77,Licania,728.7,A
460.56,46.79,Guarea,41.2,A
255.81,332.73,Aglaia,29.5,A
134.71,371.05,Aglaia,13.0,A
392.43,44.67,Sloanea,136.7,A
176.97,163.42,Calophyllum,62.8,A
289.79,21.49,Aglaia,23.3,A
549.37,48.14,Alseis,10.8,A
565.46,32.74,Calophyllum,677.2,A
66.88,73.91,Knema,12.0,A
278.01,187.87,Licania,,D
273.99,270.08,Aglaia,36.2,A
224.82,317.32,Aglaia,10.5,A
375.45,339.66,Nectandra,25.5,A
3.26,335.6,Quararibea,106.1,A
105.16,193.95,Hirtella,,D
12.16,148.55,Inga,23.5,A
316.23,130.71,Alseis,24.8,A
97.53,104.97,Jacaranda,21.4,A
347.92,84.2,Dipteryx,12.7,A
118.01,227.56,Calophyllum,16.8,A
125.54,250.03,Knema,103.0,A
497.8,173.92,Guarea,20.0,A
501.41,110.01,Eugenia,16.7,A
219.54,9.49,Calophyllum,175.8,A
331.53,383.44,Alseis,53.9,A
270.67,25.75,Faramea,266.5,A
11.38,372.27,Beilschmiedia,248.1,A
200.46,272.69,Jacaranda,11.4,A
12.1,180.6,Knema,65.8,A
185.12,255.73,Dipteryx,55.4,A
503.81,119.02,Cordia,124.5,A
89.8,29.1,Rinorea,35.4,A
37.7,240.96,Garcinia,71.8,A
46.75,180.04,Sloanea,25.3,A
335.5,373.67,Alseis,68.9,A
101.9,299.12,Knema,99.0,A
150.62,120.21,Calophyllum,,D
205.31,307.92,Knema,50.0,A
54.56,301.8,Drypetes,44.2,A
416.94,98.72,Garcinia,33.9,A
364.17,292.88,Shorea,11.8,A
340.57,395.05,Cupania,,D
172.19,132.41,Palaquium,13.0,A
39.47,117.91,Alseis,15.3,A
270.27,171.31,Calophyllum,34.6,A
204.28,269.84,Beilschmiedia,185.7,A
11.19,139.7,Garcinia,25.5,A
137.11,118.53,Protium,38.5,A
252.79,322.25,Protium,11.2,A
573.08,72.14,Beilschmiedia,13.9,A
213.86,105.53,Garcinia,17.7,A
204.87,74.09,Alseis,21.8,A
235.97,151.65,Dipteryx,352.6,A
395.31,76.32,Garcinia,17.3,A
584.07,93.08,Beilschmiedia,10.6,A
61.86,3.51,Cordia,16.8,A
403.27,78.27,Aglaia,13.8,A
375.61,181.47,Macaranga,15.4,A
143.09,103.63,Inga,11.3,A
439.82,10.46,Dipteryx,99.6,A
287.74,19.32,Aglaia,43.9,A
223.25,362.38,Eugenia,,D
238.68,74.04,Garcinia,14.7,A
77.58,86.85,Inga,33.4,A
49.92,244.34,Faramea,10.9,A
529.39,89.38,Cordia,31.1,A
23.54,147.67,Drypetes,10.0,A
293.54,397.63,Cupania,115.5,A
359.81,324.88,Aglaia,19.5,A
332.74,371.59,Nectandra,25.5,A
91.9,371.94,Garcinia,76.3,A
236.67,392.37,Dipteryx,167.7,A
194.81,72.14,Cordia,33.1,A
14.69,376.24,Calophyllum,11.3,A
342.28,261.64,Eugenia,15.5,A
327.03,10.38,Protium,76.2,A
110.02,120.54,Alseis,10.7,A
357.03,288.57,Licania,12.8,A
63.05,317.54,Aglaia,10.2,A
315.62,248.35,Guarea,13.0,A
556.22,87.15,Beilschmiedia,109.9,A
288.49,23.59,Aglaia,55.9,A
286.84,309.28,Swartzia,25.3,A
511.98,75.23,Drypetes,51.5,A
389.99,208.58,Ocotea,10.0,A
262.19,227.54,Garcinia,38.4,A
27.21,246.5,Drypetes,11.2,A
431.25,42.26,Beilschmiedia,15.1,A
386.98,251.48,Beilschmiedia,,D
98.49,280.12,Alseis,87.5,A
225.8,291.34,Aglaia,25.2,A
219.8,159.71,Licania,13.7,A
48.41,214.85,Alseis,106.3,A
542.3,160.27,Beilschmiedia,56.0,A
364.8,320.94,Aglaia,15.4,A
136.69,139.51,Beilschmiedia,23.4,A
502.82,90.71,Macaranga,39.9,A
283.81,228.8,Jacaranda,15.5,A
119.44,150.66,Nectandra,11.1,A
355.36,178.18,Ficus,195.0,A
118.32,123.02,Alseis,262.1,A
555.14,108.99,Guarea,22.5,A
477.16,99.46,Drypetes,18.8,A
572.52,169.89,Knema,33.5,A
197.83,94.46,Cordia,13.0,A
32.78,251.63,Dipteryx,10.9,A
63.64,367.56,Aglaia,18.9,A
159.19,311.3,Faramea,330.3,A
194.55,307.24,Eugenia,21.8,A
63.24,73.43,Aglaia,67.0,A
9.7,104.33,Alseis,,D
408.24,52.65,Inga,38.5,A
115.18,164.92,Protium,16.4,A
282.29,33.36,Aglaia,17.3,A
152.96,21.36,Alseis,72.4,A
359.78,79.0,Knema,19.9,A
107.56,264.91,Dipteryx,23.1,A
433.7,151.91,Calophyllum,26.6,A
56.16,150.8,Macaranga,101.1,A
104.48,275.22,Drypetes,14.0,A
25.77,182.83,Calophyllum,18.8,A
366.66,289.62,Licania,42.0,A
115.91,30.89,Alseis,11.5,A
435.41,54.74,Alseis,17.8,A
369.91,239.54,Dipteryx,15.3,A
363.08,154.27,Eugenia,19.5,A
341.93,156.96,Hura,74.8,A
118.37,233.57,Gustavia,10.4,A
302.63,96.43,Alseis,169.2,A
242.81,273.11,Garcinia,36.7,A
328.32,385.89,Beilschmiedia,11.2,A
423.67,15.35,Beilschmiedia,28.6,A
90.96,75.38,Macaranga,39.0,A
6.46,117.1,Calophyllum,21.2,A
73.74,299.92,Calophyllum,133.6,A
341.92,87.0,Calophyllum,54.6,A
375.86,95.29,Protium,17.0,A
181.36,182.45,Cordia,18.7,A
587.92,69.48,Guarea,12.0,A
148.97,141.29,Beilschmiedia,52.3,A
44.65,134.76,Virola,12.0,A
400.08,77.37,Guarea,,D
540.25,160.36,Dipteryx,15.1,A
274.42,347.75,Aglaia,30.6,A
545.47,167.5,Beilschmiedia,21.2,A
23.22,158.89,Inga,15.8,A
324.7,28.65,Garcinia,23.9,A
248.71,189.56,Licania,15.3,A
69.87,38.38,Aglaia,14.7,A
39.37,14.1,Calophyllum,12.0,A
73.2,235.5,Eugenia,40.3,A
136.94,251.29,Alseis,345.0,A
52.6,300.57,Aglaia,16.2,A
223.47,258.23,Beilschmiedia,36.5,A
249.45,320.07,Jacaranda,17.3,A
167.03,303.34,Cordia,15.2,A
242.86,294.82,Drypetes,14.1,A
298.65,156.59,Beilschmiedia,33.2,A
563.53,104.62,Aglaia,80.9,A
576.31,97.15,Alseis,129.6,A
518.53,0.41,Drypetes,51.3,A
381.75,351.35,Knema,29.3,A
158.21,325.1,Swartzia,10.4,A
277.14,367.46,Macaranga,20.5,A
362.62,50.05,Dipteryx,35.9,A
233.2,78.53,Knema,18.0,A
363.02,332.1,Eugenia,,D
125.81,270.04,Dipteryx,64.8,A
301.5,108.11,Dipteryx,51.6,A
87.55,334.61,Aglaia,13.2,A
136.39,151.2,Alseis,10.1,A
366.81,357.73,Tetragastris,102.2,A
308.57,91.2,Swartzia,41.0,A
277.2,307.92,Aglaia,,D
171.75,303.16,Sloanea,17.3,A
333.1,215.68,Inga,24.3,A
524.58,178.8,Beilschmiedia,73.4,A
206.48,150.82,Cordia,54.5,A
217.53,118.54,Aglaia,23.2,A
251.0,269.32,Cordia,31.8,A
157.1,343.36,Eugenia,15.9,A
439.56,187.8,Guarea,13.5,A
429.56,146.82,Beilschmiedia,10.7,A
182.86,264.21,Dipteryx,23.9,A
320.27,290.74,Nectandra,34.2,A
159.72,183.61,Drypetes,309.4,A
100.42,110.98,Inga,45.3,A
164.56,143.3,Guarea,13.7,A
291.82,15.76,Aglaia,15.6,A
203.83,73.95,Alseis,36.6,A
4.62,339.15,Alseis,15.8,A
86.47,275.25,Alseis,25.2,A
28.29,257.56,Calophyllum,189.0,A
108.88,363.76,Aglaia,14.2,A
345.34,104.19,Hirtella,10.4,A
376.21,75.59,Garcinia,189.1,A
56.89,90.09,Aglaia,50.0,A
278.71,43.63,Aglaia,36.4,A
239.71,372.83,Alseis,19.4,A
160.67,198.02,Ocotea,25.9,A
80.76,68.35,Calophyllum,13.8,A
247.77,279.46,Eugenia,95.4,A
508.08,50.3,Hirtella,25.5,A
533.45,101.97,Calophyllum,109.2,A
325.81,144.96,Ocotea,10.6,A
346.83,332.75,Calophyllum,49.3,A
434.58,128.96,Knema,13.8,A
93.5,234.71,Aglaia,46.7,A
250.41,385.7,Dipteryx,127.4,A
172.25,36.02,Guarea,63.6,A
302.43,122.9,Dipteryx,38.7,A
310.22,125.11,Inga,196.3,A
43.6,297.73,Aglaia,49.7,A
438.06,62.93,Alseis,14.0,A
469.96,78.63,Licania,,D
276.77,216.95,Nectandra,15.1,A
41.51,170.14,Macaranga,172.9,A
350.17,95.08,Macaranga,93.3,A
586.62,69.78,Alseis,65.5,A
244.82,308.45,Diospyros,17.0,A
45.42,289.08,Knema,35.8,A
227.55,188.52,Eugenia,88.6,A
326.51,257.89,Eugenia,50.6,A
386.26,226.99,Garcinia,35.3,A
167.6,217.02,Garcinia,163.2,A
168.06,172.38,Protium,10.4,A
215.8,223.55,Cordia,81.6,A
413.31,113.51,Alseis,15.9,A
110.25,323.44,Knema,,D
202.76,82.53,Alseis,25.9,A
106.08,311.15,Garcinia,67.3,A
44.4,249.88,Macaranga,20.1,A
377.5,239.15,Beilschmiedia,10.9,A
444.7,123.59,Hirtella,13.5,A
356.47,375.29,Aglaia,25.1,A
539.17,160.31,Beilschmiedia,11.7,A
244.47,158.6,Knema,45.4,A
539.68,177.83,Beilschmiedia,,D
556.87,32.24,Faramea,16.9,A
227.55,372.25,Eugenia,111.0,A
152.48,327.65,Faramea,19.8,A
422.03,113.86,Ocotea,13.3,A
586.32,48.53,Alseis,19.7,A
40.06,152.92,Alseis,33.6,A
92.08,143.31,Palaquium,80.9,A
302.57,225.95,Calophyllum,,D
93.31,173.31,Alseis,178.8,A
461.13,11.61,Beilschmiedia,17.1,A
250.24,330.94,Beilschmiedia,117.0,A
378.43,243.4,Beilschmiedia,44.6,A
177.96,356.09,Diospyros,12.9,A
11.99,94.56,Alseis,120.2,A
341.84,281.17,Alseis,102.9,A
152.81,254.53,Alseis,166.2,A
49.16,296.26,Aglaia,41.2,A
81.92,351.08,Diospyros,137.5,A
237.52,117.09,Beilschmiedia,14.2,A
132.03,324.3,Cordia,13.4,A
299.12,370.67,Alseis,25.9,A
238.81,205.5,Cordia,126.2,A
188.15,335.31,Drypetes,79.2,A
190.33,137.46,Protium,10.8,A
48.31,206.64,Guarea,20.5,A
152.49,396.77,Ocotea,,M
474.85,164.83,Beilschmiedia,11.5,A
454.49,16.75,Beilschmiedia,190.9,A
394.33,38.17,Drypetes,39.2,A
231.61,150.4,Dipteryx,267.0,A
247.87,124.93,Xylopia,18.4,A
14.26,126.82,Aglaia,,D
414.59,48.4,Inga,59.3,A
245.65,249.7,Dipteryx,98.1,A
233.76,338.9,Cordia,,M
90.8,253.78,Garcinia,22.1,A
89.2,298.71,Dipteryx,23.2,A
75.6,279.92,Cordia,36.9,A
137.02,397.52,Jacaranda,167.9,A
407.1,92.24,Cordia,19.6,A
368.95,77.15,Garcinia,16.3,A
73.71,97.21,Inga,125.3,A
89.78,89.96,Alseis,142.7,A
92.36,233.8,Sloanea,27.4,A
98.69,248.75,Calophyllum,37.6,A
425.83,123.01,Ocotea,12.2,A
377.99,221.88,Alseis,55.6,A
9.43,375.71,Hirtella,22.5,A
85.23,310.35,Drypetes,14.0,A
547.44,46.85,Alseis,30.1,A
306.66,85.94,Alseis,99.1,A
276.56,299.01,Macaranga,17.7,A
320.06,281.59,Hirtella,21.4,A
103.09,237.44,Aglaia,36.2,A
557.62,55.73,Guarea,11.3,A
352.89,153.31,Eugenia,21.3,A
299.79,17.85,Aglaia,42.1,A
158.04,325.08,Beilschmiedia,41.1,A
533.68,154.82,Beilschmiedia,14.0,A
326.96,138.46,Protium,26.8,A
77.01,191.26,Aglaia,24.9,A
184.78,299.74,Sloanea,15.7,A
303.72,102.25,Alseis,44.6,A
508.04,33.45,Faramea,150.6,A
303.41,289.21,Dipteryx,24.5,A
434.02,131.72,Jacaranda,26.6,A
89.03,168.71,Drypetes,14.7,A
417.15,60.97,Alseis,55.7,A
164.86,53.01,Cordia,16.4,A
100.33,56.33,Macaranga,21.9,A
92.01,331.45,Dipteryx,,D
81.26,95.61,Alseis,,D
367.57,151.46,Eugenia,19.3,A
84.65,71.37,Alseis,98.5,A
204.94,118.28,Alseis,15.1,A
345.57,349.61,Dipteryx,14.9,A
325.04,103.05,Nectandra,11.2,A
24.08,152.43,Cordia,21.9,A
29.12,77.72,Beilschmiedia,23.0,A
387.68,85.04,Aglaia,47.5,A
168.02,331.57,Jacaranda,15.6,A
591.04,80.54,Beilschmiedia,68.5,A
185.21,345.1,Eugenia,16.8,A
53.44,274.14,Drypetes,130.0,A
93.5,213.05,Cordia,112.3,A
475.89,130.15,Hura,190.9,A
70.29,225.27,Cordia,117.4,A
62.58,16.08,Shorea,130.0,A
584.8,61.59,Faramea,54.5,A
455.37,140.57,Rinorea,11.4,A
131.27,260.95,Brosimum,23.5,A
220.92,182.66,Alseis,29.3,A
373.93,67.33,Aglaia,18.2,A
31.21,253.4,Drypetes,145.5,A
161.03,94.36,Dipteryx,16.0,A
420.17,58.31,Aglaia,52.7,A
41.2,219.34,Faramea,,M
346.14,43.64,Drypetes,51.5,A
461.93,155.42,Beilschmiedia,238.4,A
122.9,321.38,Knema,11.0,A
49.59,321.65,Aglaia,15.2,A
395.82,356.5,Tetragastris,22.3,A
441.6,61.81,Alseis,10.4,A
310.32,355.23,Cupania,,D
342.03,310.66,Aglaia,45.6,A
556.28,69.82,Calophyllum,32.2,A
67.72,190.77,Alseis,19.8,A
140.88,200.01,Cordia,25.0,A
552.5,27.33,Licania,21.9,A
398.68,56.02,Calophyllum,227.6,A
236.13,97.03,Garcinia,16.3,A
243.19,343.77,Aglaia,12.0,A
154.18,395.14,Dipteryx,,D
244.81,64.98,Faramea,23.3,A
139.04,62.66,Nectandra,21.2,A
399.46,98.6,Hirtella,17.6,A
218.75,284.18,Aglaia,40.3,A
266.0,29.64,Faramea,22.5,A
145.16,34.15,Dipteryx,165.0,A
178.94,37.49,Nectandra,10.1,A
284.69,181.7,Xylopia,675.6,A
389.28,99.29,Aglaia,13.2,A
127.9,51.24,Jacaranda,10.7,A
235.82,278.24,Beilschmiedia,24.6,A
110.03,248.74,Calophyllum,20.2,A
147.1,166.38,Palaquium,13.5,A
159.56,263.12,Alseis,12.7,A
203.51,159.9,Nectandra,23.1,A
488.04,113.44,Calophyllum,210.8,A
378.27,256.05,Calophyllum,66.2,A
167.86,373.89,Diospyros,21.3,A
61.75,335.64,Hirtella,16.8,A
169.18,225.59,Alseis,40.1,A
128.35,326.33,Aglaia,81.5,A
38.13,303.58,Alseis,210.5,A
213.9,103.93,Aglaia,24.7,A
299.32,374.58,Cordia,,D
322.23,96.87,Aglaia,66.5,A
141.02,168.75,Faramea,408.6,A
225.6,86.73,Nectandra,10.1,A
29.53,39.08,Guarea,33.8,A
438.74,71.91,Alseis,11.3,A
443.81,199.17,Alseis,203.7,A
144.44,32.78,Alseis,47.4,A
356.26,199.04,Eugenia,12.7,A
336.71,269.09,Calophyllum,16.4,A
147.22,304.03,Calophyllum,150.8,A
33.25,153.31,Aglaia,30.6,A
539.64,109.65,Aglaia,24.0,A
332.96,367.27,Aglaia,18.4,A
410.13,198.97,Dipteryx,21.9,A
546.49,167.8,Beilschmiedia,41.7,A
274.79,241.35,Beilschmiedia,43.8,A
182.36,242.15,Hirtella,121.0,A
286.38,232.13,Jacaranda,30.9,A
8.67,68.38,Licania,20.9,A
230.89,279.38,Beilschmiedia,37.1,A
201.57,1.46,Dipteryx,11.2,A
101.84,174.43,Aglaia,,D
92.21,212.01,Guarea,10.2,A
514.87,38.54,Ocotea,27.3,A
232.87,238.03,Guarea,,D
171.34,173.73,Swartzia,110.6,A
501.05,177.99,Macaranga,17.5,A
70.72,148.37,Protium,20.4,A
474.56,115.41,Calophyllum,,D
12.03,54.95,Cordia,20.7,A
547.99,180.12,Knema,88.4,A
247.75,111.16,Beilschmiedia,11.9,A
29.3,149.92,Inga,15.2,A
151.73,330.74,Eugenia,127.5,A
254.72,251.24,Garcinia,76.1,A
232.21,105.49,Licania,118.2,A
76.96,87.58,Dipteryx,16.4,A
148.99,154.38,Alseis,36.1,A
126.88,65.35,Nectandra,98.6,A
390.24,223.23,Eugenia,143.2,A
426.02,153.2,Beilschmiedia,120.4,A
216.19,339.74,Aglaia,24.8,A
47.76,53.58,Cordia,98.7,A
373.53,349.44,Tetragastris,152.3,A
456.72,60.45,Cordia,10.2,A
367.99,378.35,Hirtella,116.0,A
53.66,244.54,Eugenia,16.0,A
163.64,391.57,Calophyllum,921.6,A
216.39,159.72,Aglaia,44.7,A
282.49,232.22,Faramea,16.9,A
0.44,368.16,Knema,33.5,A
333.91,110.07,Protium,40.8,A
470.19,66.07,Guarea,17.9,A
149.61,385.6,Swartzia,82.8,A
113.19,242.92,Garcinia,24.4,A
119.73,92.9,Cordia,16.5,A
225.31,211.08,Quararibea,29.3,A
19.72,267.45,Drypetes,11.8,A
24.42,62.3,Cordia,11.7,A
286.32,16.27,Aglaia,14.8,A
276.48,154.56,Cordia,113.4,A
270.09,265.63,Aglaia,18.5,A
125.86,361.11,Aglaia,,D
145.13,125.56,Inga,19.6,A
48.51,306.32,Aglaia,28.7,A
276.76,274.14,Calophyllum,14.9,A
232.83,129.66,Hirtella,24.8,A
250.43,49.11,Faramea,82.8,A
272.12,230.61,Swartzia,66.9,A
49.51,347.17,Drypetes,11.3,A
211.59,131.38,Alseis,20.7,A
150.14,277.49,Dipteryx,16.6,A
125.35,99.23,Garcinia,22.3,A
245.34,322.6,Aglaia,20.6,A
246.13,328.48,Beilschmiedia,183.1,A
76.42,272.18,Drypetes,281.1,A
94.18,171.48,Guarea,126.2,A
504.62,85.31,Hirtella,33.5,A
90.19,310.92,Beilschmiedia,253.5,A
33.52,57.11,Erythroxylum,42.9,A
317.02,125.22,Knema,35.0,A
42.58,101.61,Eugenia,30.7,A
540.11,115.12,Cordia,19.7,A
213.46,349.61,Aglaia,21.7,A
263.42,181.03,Hirtella,37.3,A
390.45,289.0,Hirtella,24.9,A
50.77,307.89,Alseis,64.6,A
155.13,294.61,Cordia,18.4,A
117.61,107.05,Inga,28.1,A
47.73,218.31,Garcinia,17.5,A
330.21,382.45,Guarea,10.5,A
520.07,20.33,Faramea,20.2,A
552.78,78.74,Beilschmiedia,60.3,A
54.73,84.48,Nectandra,26.6,A
22.41,94.14,Alseis,,D
390.6,306.25,Aglaia,16.0,A
160.15,140.01,Beilschmiedia,10.7,A
371.41,45.97,Dipteryx,358.1,A
123.59,2.54,Alseis,349.1,A
263.6,215.95,Faramea,342.5,A
231.0,175.22,Cordia,12.4,A
267.01,189.57,Faramea,47.7,A
121.93,207.59,Faramea,113.9,A
252.25,162.09,Alseis,16.0,A
138.15,120.92,Alseis,96.9,A
362.29,377.87,Dipteryx,127.2,A
192.26,27.64,Protium,51.8,A
325.53,132.97,Inga,22.9,A
72.35,56.3,Cordia,11.5,A
358.74,232.57,Guarea,28.5,A
57.63,282.52,Guarea,13.7,A
344.2,252.19,Faramea,55.5,A
435.1,164.18,Cordia,19.2,A
131.49,391.08,Cordia,39.8,A
387.83,99.7,Aglaia,22.2,A
323.44,137.83,Alseis,11.8,A
531.99,163.95,Aglaia,18.6,A
139.67,286.99,Cordia,60.3,A
203.83,219.31,Garcinia,,D
206.26,161.11,Calophyllum,11.4,A
201.8,219.89,Garcinia,32.9,A
195.84,217.7,Garcinia,10.8,A
0.51,249.33,Calophyllum,36.0,A
93.27,206.62,Swartzia,19.5,A
489.57,107.58,Calophyllum,,M
199.65,232.58,Drypetes,13.4,A
175.58,356.18,Cordia,10.9,A
1.45,277.59,Calophyllum,37.8,A
204.97,39.13,Alseis,48.7,A
58.07,127.81,Palaquium,18.8,A
104.87,106.72,Drypetes,10.3,A
47.03,264.57,Faramea,292.4,A
353.67,82.81,Aglaia,19.8,A
71.7,262.6,Cordia,14.3,A
391.59,63.32,Hura,161.3,A
8.67,373.84,Eugenia,13.5,A
215.2,98.66,Hirtella,19.1,A
406.95,129.42,Alseis,,D
301.24,13.32,Beilschmiedia,22.4,A
231.46,201.96,Calophyllum,28.5,A
196.09,8.26,Nectandra,19.8,A
383.11,176.05,Guarea,26.8,A
401.1,26.0,Alseis,159.3,A
158.35,272.96,Guarea,138.7,A
403.65,73.4,Drypetes,12.5,A
416.29,36.09,Hirtella,16.2,A
546.68,58.64,Aglaia,79.5,A
483.07,133.32,Beilschmiedia,16.9,A
207.93,183.67,Swartzia,66.0,A
16.45,87.02,Beilschmiedia,119.7,A
305.13,382.33,Cupania,17.4,A
581.84,80.8,Alseis,10.2,A
348.17,323.37,Nectandra,25.6,A
75.8,330.38,Dipteryx,95.7,A
19.82,42.5,Licania,14.3,A
19.5,206.57,Aglaia,,M
170.91,126.29,Aglaia,16.9,A
175.77,293.12,Jacaranda,55.3,A
264.86,279.53,Aglaia,14.6,A
60.55,290.65,Drypetes,312.7,A
492.15,121.89,Eugenia,74.2,A
344.82,257.7,Eugenia,27.3,A
366.14,216.87,Alseis,,D
291.63,179.93,Faramea,58.7,A
393.24,323.19,Cordia,29.4,A
126.48,247.22,Cordia,109.2,A
543.93,54.86,Licania,100.9,A
346.79,72.28,Aglaia,12.1,A
93.8,307.45,Beilschmiedia,,D
386.79,85.09,Aglaia,10.3,A
304.39,6.16,Dipteryx,50.7,A
451.68,42.05,Beilschmiedia,72.3,A
255.5,46.85,Faramea,16.4,A
534.7,160.16,Calophyllum,127.2,A
75.33,178.55,Hirtella,35.6,A
294.11,244.17,Faramea,242.9,A
268.51,2.04,Beilschmiedia,67.8,A
93.67,238.34,Garcinia,361.6,A
362.12,240.77,Alseis,12.5,A
101.85,296.98,Sloanea,12.5,A
310.02,182.4,Inga,18.5,A
470.76,104.36,Dipteryx,32.2,A
118.95,377.0,Cordia,15.1,A
427.07,79.61,Drypetes,25.5,A
406.92,48.2,Inga,12.8,A
178.44,4.31,Alseis,139.7,A
253.84,187.05,Cordia,26.8,A
388.5,207.6,Eugenia,17.6,A
230.74,258.61,Cordia,16.1,A
79.63,345.57,Aglaia,13.8,A
103.86,332.56,Knema,32.6,A
230.48,269.46,Eugenia,134.9,A
252.76,349.36,Jacaranda,28.4,A
385.66,318.28,Aglaia,23.4,A
87.52,216.72,Shorea,73.9,A
182.23,130.22,Aglaia,,D
562.65,124.98,Aglaia,13.9,A
219.48,179.01,Swartzia,49.7,A
69.28,62.69,Alseis,272.9,A
241.67,177.79,Dipteryx,18.1,A
64.8,56.58,Alseis,12.4,A
541.07,153.44,Beilschmiedia,10.8,A
104.57,13.31,Shorea,12.1,A
485.09,82.48,Licania,12.5,A
283.76,355.05,Calophyllum,10.2,A
473.12,37.53,Eugenia,148.4,A
599.32,53.35,Macaranga,39.9,A
242.94,315.61,Beilschmiedia,,D
520.1,107.43,Cordia,11.7,A
578.8,87.01,Beilschmiedia,11.1,A
99.74,178.55,Dipteryx,16.6,A
208.55,250.24,Beilschmiedia,21.1,A
262.87,159.42,Guarea,39.5,A
240.95,280.27,Garcinia,,D
321.66,111.64,Cecropia,,D
62.86,301.61,Alseis,28.2,A
247.65,42.19,Faramea,105.8,A
14.91,312.79,Faramea,11.3,A
183.71,150.26,Hirtella,29.1,A
248.31,281.62,Alseis,35.6,A
146.03,146.02,Alseis,26.0,A
15.04,173.16,Hirtella,161.3,A
419.98,16.78,Beilschmiedia,193.4,A
82.95,41.88,Aglaia,40.6,A
81.68,71.81,Shorea,160.8,A
415.51,187.96,Alseis,94.8,A
151.06,258.01,Alseis,30.0,A
286.14,10.16,Beilschmiedia,,D
230.67,324.19,Guarea,233.6,A
61.16,266.5,Knema,18.3,A
169.5,245.55,Drypetes,99.1,A
148.31,297.13,Cordia,11.7,A
85.72,96.39,Aglaia,18.3,A
195.24,335.08,Hirtella,15.5,A
554.1,140.95,Aglaia,11.5,A
363.88,138.72,Ficus,296.3,A
155.82,210.14,Aglaia,36.8,A
43.94,364.27,Beilschmiedia,11.0,A
135.05,192.19,Quararibea,69.5,A
333.81,231.65,Faramea,305.8,A
285.42,162.16,Beilschmiedia,,D
104.85,276.03,Knema,11.2,A
476.28,198.52,Hirtella,13.1,A
408.76,59.87,Garcinia,282.9,A
56.37,308.05,Aglaia,70.9,A
64.52,39.39,Nectandra,,D
194.4,237.14,Aglaia,119.0,A
97.4,235.25,Macaranga,160.1,A
299.76,272.17,Dipteryx,152.1,A
249.62,291.39,Macaranga,28.2,A
57.9,149.67,Virola,,D
375.69,96.48,Nectandra,15.1,A
162.71,190.88,Palaquium,12.8,A
112.66,181.96,Quararibea,,D
134.27,287.28,Dipteryx,,M
205.66,348.79,Trichilia,11.0,A
181.23,241.09,Cordia,,D
522.78,32.43,Licania,40.3,A
86.62,182.1,Guarea,186.1,A
38.37,232.89,Eugenia,16.6,A
597.52,52.69,Calophyllum,40.1,A
234.08,385.82,Calophyllum,67.3,A
530.87,28.02,Faramea,21.5,A
21.76,23.42,Dipteryx,,D
110.46,22.64,Alseis,,D
103.89,162.51,Calophyllum,257.3,A
231.45,302.03,Garcinia,88.7,A
197.36,265.58,Ocotea,176.3,A
175.06,325.97,Knema,157.6,A
394.65,100.19,Alseis,21.6,A
103.4,218.28,Guarea,22.0,A
135.44,91.4,Inga,15.1,A
429.49,43.86,Garcinia,31.2,A
52.98,227.18,Alseis,28.9,A
89.15,61.19,Aglaia,58.5,A
398.65,40.62,Calophyllum,176.1,A
90.8,240.27,Aglaia,55.8,A
15.96,233.1,Dipteryx,10.2,A
560.57,25.77,Guarea,93.0,A
115.0,112.09,Garcinia,130.4,A
459.63,157.04,Beilschmiedia,21.0,A
176.24,267.24,Swartzia,65.1,A
98.18,29.4,Eugenia,55.6,A
396.68,85.23,Beilschmiedia,,D
4.68,364.17,Alseis,17.8,A
422.25,145.77,Macaranga,19.0,A
102.39,39.26,Aglaia,28.4,A
21.98,7.6,Cordia,14.4,A
65.49,76.37,Aglaia,10.4,A
97.4,55.43,Licania,200.3,A
71.46,355.17,Diospyros,21.6,A
43.5,369.59,Beilschmiedia,110.4,A
368.54,167.18,Guarea,36.4,A
511.23,85.71,Drypetes,65.7,A
157.87,212.8,Dipteryx,12.3,A
154.2,186.19,Dipteryx,42.7,A
365.24,219.84,Eugenia,10.9,A
374.32,67.85,Alseis,12.4,A
407.07,146.68,Nectandra,58.6,A
310.05,244.23,Diospyros,71.4,A
276.0,8.94,Cordia,13.3,A
67.11,68.15,Dipteryx,197.2,A
409.1,100.2,Garcinia,183.3,A
53.38,237.2,Eugenia,13.3,A
188.12,193.49,Aglaia,17.7,A
318.47,40.68,Aglaia,71.8,A
84.64,314.16,Drypetes,25.1,A
371.85,390.08,Palaquium,41.3,A
552.64,100.67,Aglaia,22.8,A
16.68,115.04,Alseis,28.2,A
100.26,174.87,Aglaia,38.0,A
197.12,112.25,Garcinia,11.9,A
239.29,360.63,Eugenia,10.8,A
409.23,170.54,Palaquium,168.0,A
320.27,160.26,Inga,57.3,A
514.38,170.23,Beilschmiedia,14.4,A
88.26,335.68,Drypetes,154.2,A
574.75,143.98,Hirtella,13.0,A
140.17,142.56,Hirtella,11.8,A
381.07,164.23,Ocotea,59.4,A
36.37,177.21,Aglaia,111.2,A
220.43,69.7,Hirtella,24.1,A
175.69,361.36,Alseis,,D
109.9,334.44,Ocotea,32.4,A
388.14,10.52,Dipteryx,96.6,A
13.29,395.75,Alseis,10.3,A
74.9,305.2,Aglaia,37.6,A
299.81,152.71,Beilschmiedia,36.9,A
231.63,118.52,Hirtella,23.0,A
81.96,181.93,Nectandra,18.6,A
228.73,295.49,Aglaia,133.2,A
367.17,154.19,Hirtella,89.6,A
176.12,257.43,Sloanea,84.9,A
50.34,124.98,Virola,13.6,A
143.97,345.53,Eugenia,64.3,A
192.76,210.18,Garcinia,115.5,A
52.68,262.14,Garcinia,11.6,A
328.2,371.14,Cupania,18.0,A
111.93,285.35,Alseis,130.0,A
114.31,93.66,Dipteryx,459.8,A
91.96,211.84,Nectandra,,D
267.21,360.79,Cordia,181.8,A
81.27,293.98,Beilschmiedia,79.6,A
70.53,130.85,Cordia,35.2,A
307.3,314.28,Aglaia,11.1,A
171.69,139.18,Aglaia,11.1,A
324.54,371.94,Shorea,11.1,A
413.38,68.51,Garcinia,49.5,A
288.1,247.04,Ocotea,34.9,A
227.77,96.16,Licania,33.3,A
4.26,247.57,Faramea,30.1,A
39.15,396.85,Cordia,10.4,A
182.5,73.54,Nectandra,77.2,A
149.62,143.38,Nectandra,,D
394.41,386.6,Dipteryx,,D
134.86,256.32,Swartzia,33.9,A
378.49,213.77,Dipteryx,76.9,A
142.28,202.64,Gustavia,104.1,A
14.89,111.87,Alseis,,D
185.74,262.7,Hirtella,12.7,A
104.85,376.55,Quararibea,147.8,A
309.51,361.31,Ocotea,23.5,A
518.57,58.21,Cordia,28.1,A
221.86,186.86,Licania,345.5,A
471.59,182.34,Beilschmiedia,19.7,A
105.98,139.07,Drypetes,46.8,A
153.17,263.86,Alseis,10.5,A
226.05,30.04,Ocotea,14.7,A
353.75,197.82,Guarea,14.5,A
21.98,224.69,Sloanea,11.1,A
75.61,78.77,Alseis,95.2,A
316.93,371.8,Knema,118.6,A
392.72,248.61,Aglaia,48.5,A
398.79,330.48,Guarea,,D
198.57,259.37,Guarea,166.0,A
280.91,201.76,Faramea,195.7,A
161.89,300.21,Alseis,74.9,A
239.18,266.53,Garcinia,61.5,A
165.38,22.56,Alseis,25.7,A
169.74,218.61,Alseis,11.7,A
360.68,399.33,Hirtella,56.2,A
409.52,9.1,Dipteryx,28.3,A
419.21,122.65,Beilschmiedia,56.9,A
416.93,187.75,Eugenia,14.9,A
37.27,87.03,Drypetes,11.9,A
56.56,344.92,Quararibea,117.9,A
553.51,117.85,Aglaia,12.1,A
37.87,163.37,Macaranga,15.1,A
239.72,340.68,Beilschmiedia,22.5,A
49.23,387.68,Calophyllum,18.6,A
160.67,364.71,Alseis,31.5,A
400.48,190.06,Aglaia,124.9,A
272.09,194.53,Licania,300.8,A
90.62,279.98,Calophyllum,18.3,A
44.75,233.27,Garcinia,27.5,A
184.63,102.4,Dipteryx,45.7,A
287.03,168.84,Macaranga,32.6,A
43.93,309.07,Alseis,102.3,A
279.18,272.01,Aglaia,15.2,A
176.96,23.48,Alseis,127.6,A
184.18,278.49,Faramea,33.9,A
166.13,361.11,Alseis,192.1,A
136.71,194.69,Cordia,142.9,A
285.56,9.7,Beilschmiedia,33.6,A
515.07,199.9,Eugenia,30.6,A
379.56,239.2,Beilschmiedia,14.7,A
397.63,276.64,Calophyllum,,D
155.89,198.0,Drypetes,54.5,A
361.33,336.3,Alseis,14.3,A
355.91,105.31,Calophyllum,173.3,A
139.67,267.03,Brosimum,15.1,A
183.0,138.42,Aglaia,,D
310.14,34.18,Eugenia,33.0,A
336.8,263.45,Eugenia,31.0,A
409.63,76.19,Aglaia,,D
182.12,382.75,Shorea,52.4,A
275.66,278.34,Shorea,85.4,A
172.62,115.65,Calophyllum,12.6,A
88.53,93.36,Inga,13.0,A
328.63,362.49,Hirtella,,D
399.37,327.86,Aglaia,74.8,A
1.37,163.29,Inga,18.9,A
78.09,298.21,Jacaranda,112.0,A
70.73,66.94,Aglaia,25.1,A
257.03,283.75,Aglaia,23.8,A
101.64,306.07,Beilschmiedia,20.3,A
63.33,221.33,Alseis,125.1,A
164.38,8.73,Alseis,44.6,A
242.23,297.33,Aglaia,20.2,A
170.99,8.59,Shorea,77.1,A
488.06,118.92,Guarea,32.4,A
230.11,303.97,Cordia,11.6,A
186.93,114.91,Palaquium,,D
37.47,158.1,Calophyllum,76.3,A
117.24,95.16,Licania,58.3,A
202.43,122.39,Alseis,84.7,A
373.01,225.85,Garcinia,20.1,A
102.26,263.43,Knema,30.6,A
218.34,136.42,Aglaia,22.5,A
19.11,360.46,Drypetes,14.5,A
357.81,372.78,Trichilia,11.0,A
398.07,64.84,Inga,26.2,A
97.83,270.11,Diospyros,15.1,A
400.44,117.2,Alseis,13.7,A
557.68,80.99,Aglaia,98.0,A
244.25,108.45,Nectandra,73.7,A
98.79,203.08,Sloanea,13.0,A
488.38,82.03,Beilschmiedia,10.3,A
211.57,302.71,Faramea,11.2,A
457.71,134.84,Guarea,11.9,A
370.65,73.13,Aglaia,45.8,A
243.99,135.84,Cordia,11.9,A
59.75,252.35,Drypetes,40.0,A
116.98,120.37,Garcinia,39.5,A
331.7,364.65,Jacaranda,49.7,A
182.05,155.99,Quararibea,22.3,A
400.69,93.66,Protium,19.8,A
166.42,129.8,Guarea,31.3,A
379.85,72.36,Aglaia,12.7,A
263.01,338.43,Aglaia,16.6,A
112.08,88.87,Alseis,115.3,A
268.76,262.52,Dipteryx,21.6,A
180.44,315.01,Cordia,43.8,A
539.23,153.55,Aglaia,45.7,A
28.04,247.98,Cordia,114.9,A
96.7,18.91,Rinorea,14.2,A
154.76,212.46,Alseis,21.7,A
277.78,244.94,Beilschmiedia,229.8,A
557.73,170.09,Guarea,108.2,A
439.64,198.37,Garcinia,,D
69.6,103.36,Nectandra,24.2,A
346.18,155.06,Guarea,44.7,A
316.88,131.97,Jacaranda,71.9,A
498.49,102.75,Eugenia,41.4,A
109.12,117.44,Drypetes,23.8,A
372.45,49.75,Calophyllum,53.1,A
371.33,242.18,Jacaranda,25.0,A
66.66,151.52,Drypetes,25.8,A
446.71,72.02,Beilschmiedia,20.5,A
593.94,42.02,Alseis,21.8,A
299.25,293.0,Aglaia,154.8,A
386.97,212.25,Faramea,,D
436.56,96.07,Alseis,378.7,A
434.46,54.31,Alseis,267.0,A
119.86,166.78,Calophyllum,27.1,A
137.18,322.42,Cordia,104.5,A
255.66,44.12,Faramea,35.4,A
424.32,196.01,Faramea,580.0,A
377.14,123.15,Alseis,36.5,A
309.68,9.68,Garcinia,10.1,A
93.43,102.41,Palaquium,19.1,A
470.36,34.25,Eugenia,29.4,A
419.98,110.99,Calophyllum,108.8,A
498.28,34.6,Faramea,14.0,A
361.81,334.47,Eugenia,14.8,A
168.79,353.35,Calophyllum,,D
161.32,17.56,Alseis,29.2,A
41.82,117.86,Cordia,10.8,A
83.94,91.92,Dipteryx,24.3,A
27.02,116.99,Drypetes,13.1,A
138.56,373.84,Aglaia,29.9,A
8.59,304.65,Drypetes,88.0,A
272.35,253.51,Beilschmiedia,102.2,A
44.27,234.07,Knema,119.6,A
196.59,196.54,Cordia,17.4,A
318.92,327.14,Cordia,,D
430.03,196.32,Alseis,30.0,A
188.48,201.34,Drypetes,192.8,A
368.55,167.64,Guarea,,M
423.43,49.2,Eugenia,43.5,A
167.94,210.43,Knema,65.0,A
54.22,383.5,Cordia,25.3,A
213.72,45.0,Alseis,21.5,A
486.63,108.16,Eugenia,10.7,A
76.32,72.51,Aglaia,16.1,A
86.55,92.66,Inga,10.4,A
154.54,22.99,Alseis,236.1,A
570.97,92.03,Jacaranda,16.0,A
540.13,174.43,Beilschmiedia,67.2,A
238.35,344.99,Calophyllum,53.4,A
171.69,326.48,Trichilia,,D
23.84,111.54,Drypetes,246.5,A
174.29,281.71,Dipteryx,119.3,A
114.18,157.51,Calophyllum,16.4,A
396.0,324.04,Jacaranda,155.3,A
18.72,289.89,Faramea,64.6,A
102.14,55.97,Protium,10.9,A
470.7,150.97,Drypetes,28.8,A
38.89,334.41,Dipteryx,81.5,A
138.38,208.91,Palaquium,10.1,A
29.8,132.55,Sloanea,31.1,A
555.1,50.98,Dipteryx,26.5,A
488.8,104.68,Drypetes,89.6,A
238.56,78.76,Eugenia,,M
177.04,341.59,Drypetes,12.2,A
131.84,134.61,Beilschmiedia,93.6,A
0.53,135.92,Inga,22.8,A
315.37,213.01,Inga,31.8,A
34.93,157.11,Alseis,16.9,A
29.68,207.67,Aglaia,17.9,A
252.77,322.53,Jacaranda,53.3,A
253.94,383.73,Alseis,16.3,A
417.33,110.52,Aglaia,10.3,A
230.94,130.72,Protium,53.1,A
81.88,251.81,Calophyllum,10.4,A
394.1,190.47,Ocotea,33.9,A
439.01,91.64,Protium,31.6,A
14.07,318.27,Knema,184.9,A
279.96,241.94,Beilschmiedia,28.0,A
213.7,259.48,Beilschmiedia,,D
122.29,184.82,Gustavia,16.8,A
488.79,81.4,Beilschmiedia,57.6,A
159.13,348.15,Eugenia,14.0,A
412.45,119.05,Alseis,10.5,A
290.05,191.69,Inga,10.1,A
90.6,146.32,Dipteryx,160.3,A
444.8,187.26,Knema,13.8,A
82.76,165.16,Alseis,25.7,A
168.33,132.41,Beilschmiedia,15.2,A
13.23,260.3,Eugenia,26.2,A
169.07,199.52,Quararibea,37.6,A
15.15,238.5,Calophyllum,16.1,A
12.17,247.97,Alseis,,D
336.28,326.95,Macaranga,20.4,A
46.94,379.2,Beilschmiedia,15.3,A
265.0,302.58,Cordia,121.5,A
589.81,46.19,Alseis,17.3,A
307.26,382.52,Trichilia,19.8,A
13.77,180.63,Hirtella,175.6,A
317.11,271.96,Dipteryx,22.0,A
92.06,207.25,Dipteryx,19.2,A
493.7,14.34,Drypetes,21.7,A
220.87,258.06,Aglaia,20.5,A
265.67,200.82,Licania,13.4,A
70.92,397.82,Quararibea,15.8,A
158.41,267.87,Alseis,142.7,A
117.42,55.3,Cordia,78.0,A
565.62,23.23,Faramea,27.9,A
317.71,202.66,Inga,35.7,A
248.68,302.62,Nectandra,16.9,A
340.55,194.85,Hirtella,23.4,A
199.68,236.32,Dipteryx,18.1,A
276.1,348.51,Nectandra,18.2,A
352.17,97.25,Aglaia,,D
146.82,318.28,Aglaia,16.2,A
171.49,381.54,Dipteryx,50.9,A
323.93,248.71,Faramea,25.5,A
193.2,399.69,Hirtella,128.6,A
332.89,52.07,Hirtella,16.6,A
41.28,44.99,Licania,138.8,A
493.48,131.78,Beilschmiedia,48.1,A
77.55,306.22,Beilschmiedia,13.6,A
429.48,150.81,Beilschmiedia,43.1,A
395.26,183.59,Faramea,27.7,A
49.08,348.73,Cordia,21.7,A
338.13,250.59,Macaranga,11.3,A
433.86,38.72,Calophyllum,10.7,A
98.53,164.07,Dipteryx,28.1,A
420.12,111.49,Aglaia,,D
357.26,380.94,Jacaranda,24.2,A
269.55,250.18,Aglaia,44.6,A
415.68,128.28,Aglaia,20.6,A
353.8,190.46,Jacaranda,43.1,A
45.33,290.93,Drypetes,38.8,A
11.48,367.27,Dipteryx,53.1,A
13.5,390.59,Alseis,28.1,A
560.95,55.78,Knema,110.9,A
388.39,80.77,Macaranga,19.0,A
244.2,283.43,Garcinia,108.1,A
300.36,156.02,Cordia,24.4,A
403.91,103.61,Guarea,26.8,A
69.67,173.71,Alseis,19.1,A
318.97,115.55,Aglaia,22.5,A
372.86,369.31,Licania,15.4,A
68.04,67.24,Aglaia,159.7,A
364.66,319.02,Aglaia,127.5,A
386.91,321.28,Macaranga,30.3,A
57.11,192.99,Dipteryx,99.0,A
494.01,127.59,Eugenia,13.8,A
7.69,299.81,Calophyllum,11.8,A
340.94,373.38,Alseis,22.3,A
205.42,350.0,Calophyllum,32.3,A
171.77,351.87,Eugenia,14.4,A
76.69,17.54,Hirtella,190.4,A
172.65,11.19,Hirtella,80.5,A
494.0,99.42,Beilschmiedia,17.9,A
247.15,269.67,Beilschmiedia,11.4,A
458.48,115.33,Swartzia,13.1,A
131.93,315.17,Knema,35.8,A
135.18,52.12,Alseis,,D
494.99,4.46,Eugenia,,D
8.38,314.41,Cordia,13.7,A
348.29,346.98,Eugenia,15.7,A
190.5,241.39,Jacaranda,14.9,A
138.62,146.73,Dipteryx,,D
385.85,192.55,Faramea,28.6,A
149.7,344.35,Eugenia,25.8,A
247.85,132.73,Beilschmiedia,85.2,A
243.17,342.87,Aglaia,36.7,A
0.57,204.96,Hirtella,59.3,A
514.09,28.23,Licania,11.0,A
383.6,315.47,Nectandra,166.9,A
135.88,163.48,Calophyllum,39.3,A
190.38,135.36,Alseis,34.5,A
325.35,80.78,Cordia,82.6,A
114.6,73.07,Protium,13.8,A
355.52,156.01,Cordia,15.0,A
315.53,339.53,Dipteryx,,D
373.71,71.37,Aglaia,12.6,A
298.95,222.65,Macaranga,19.1,A
215.37,0.99,Knema,,D
309.72,25.19,Aglaia,51.2,A
328.85,18.44,Cordia,72.9,A
474.91,162.52,Shorea,19.1,A
266.96,258.13,Calophyllum,20.6,A
209.5,316.48,Trichilia,22.1,A
200.18,315.9,Dipteryx,19.3,A
84.63,119.09,Inga,32.6,A
425.78,38.57,Macaranga,10.5,A
234.65,281.94,Beilschmiedia,20.8,A
45.52,190.36,Aglaia,17.2,A
118.4,62.89,Aglaia,13.1,A
360.66,275.03,Calophyllum,10.1,A
339.39,325.12,Calophyllum,63.7,A
97.25,203.52,Drypetes,36.1,A
186.04,15.78,Calophyllum,542.4,A
42.18,317.35,Drypetes,12.6,A
202.64,345.22,Garcinia,79.8,A
218.57,222.14,Hirtella,14.7,A
110.93,24.88,Alseis,37.8,A
227.52,300.68,Cordia,37.1,A
238.37,171.85,Guarea,34.6,A
159.6,98.48,Inga,17.1,A
221.53,86.1,Eugenia,10.7,A
247.87,87.81,Hirtella,170.0,A
80.43,189.71,Nectandra,46.8,A
87.37,131.65,Hirtella,209.7,A
153.41,38.08,Nectandra,20.4,A
38.42,125.7,Drypetes,18.0,A
162.19,120.4,Nectandra,21.2,A
66.82,385.9,Knema,23.6,A
57.54,325.2,Faramea,67.9,A
13.99,257.53,Alseis,10.8,A
403.17,79.02,Inga,39.4,A
300.54,47.02,Dipteryx,,D
535.6,161.98,Guarea,13.9,A
79.96,129.87,Palaquium,84.7,A
116.08,53.4,Aglaia,57.2,A
473.64,68.68,Licania,23.7,A
141.3,57.17,Inga,101.2,A
134.5,174.41,Faramea,32.7,A
222.03,68.78,Jacaranda,46.1,A
578.54,97.62,Alseis,328.0,A
177.77,145.6,Palaquium,117.8,A
309.59,68.62,Macaranga,,D
140.85,140.78,Beilschmiedia,179.0,A
104.53,285.45,Cordia,37.9,A
563.96,74.93,Eugenia,20.3,A
427.84,168.59,Eugenia,47.7,A
75.92,262.25,Knema,24.0,A
40.17,291.83,Drypetes,79.4,A
130.75,222.85,Sloanea,28.5,A
345.19,343.19,Aglaia,,M
361.74,127.19,Guarea,53.1,A
45.87,152.0,Dipteryx,274.6,A
41.64,161.21,Aglaia,22.8,A
347.87,217.26,Dipteryx,187.3,A
248.72,3.37,Calophyllum,22.2,A
217.97,161.86,Cordia,17.1,A
241.77,265.14,Dipteryx,72.7,A
298.75,27.75,Garcinia,133.8,A
407.09,130.88,Cordia,24.7,A
194.63,158.82,Aglaia,122.9,A
85.26,335.14,Knema,87.9,A
75.91,127.66,Shorea,54.9,A
131.29,276.62,Calophyllum,39.9,A
489.0,135.78,Guarea,10.9,A
473.1,140.82,Dipteryx,17.3,A
554.98,95.05,Beilschmiedia,44.3,A
394.91,352.68,Nectandra,167.7,A
336.82,326.08,Trichilia,689.7,A
166.04,216.2,Drypetes,37.7,A
145.47,141.96,Palaquium,92.5,A
51.32,248.5,Garcinia,25.4,A
546.35,178.85,Rinorea,27.9,A
145.71,146.06,Aglaia,15.0,A
191.09,132.09,Calophyllum,76.9,A
51.91,134.67,Alseis,230.4,A
23.81,121.88,Ocotea,19.3,A
179.63,2.3,Calophyllum,38.0,A
370.43,82.93,Alseis,18.0,A
328.08,145.24,Alseis,17.2,A
75.24,232.65,Quararibea,28.3,A
328.19,111.79,Aglaia,,D
51.37,329.76,Drypetes,34.1,A
92.65,379.95,Hirtella,16.7,A
68.02,236.12,Cordia,10.2,A
6.82,219.82,Dipteryx,466.0,A
455.56,141.72,Rinorea,66.7,A
533.55,122.11,Aglaia,116.0,A
90.35,8.66,Licania,672.0,A
529.98,72.74,Faramea,112.2,A
283.22,318.56,Dipteryx,168.7,A
593.04,144.43,Faramea,11.4,A
29.14,20.97,Xylopia,18.3,A
418.26,73.48,Jacaranda,25.2,A
149.13,233.91,Shorea,,D
397.64,347.1,Aglaia,131.0,A
94.97,42.0,Eugenia,136.5,A
65.29,68.66,Aglaia,24.6,A
69.61,56.11,Alseis,140.1,A
8.54,199.12,Alseis,23.1,A
524.02,41.15,Dipteryx,,D
143.28,53.34,Alseis,42.6,A
56.29,335.19,Guarea,,D
375.58,221.98,Faramea,341.4,A
23.62,156.91,Cordia,21.3,A
348.95,193.72,Jacaranda,67.2,A
274.98,307.09,Guarea,10.0,A
293.73,287.97,Cordia,55.9,A
554.16,183.13,Dipteryx,11.1,A
281.56,165.86,Beilschmiedia,18.7,A
106.22,51.19,Aglaia,22.3,A
287.39,247.28,Sloanea,20.6,A
106.08,145.72,Protium,14.6,A
311.41,111.79,Beilschmiedia,49.1,A
313.62,302.94,Alseis,34.8,A
257.12,277.34,Aglaia,53.8,A
166.31,286.38,Calophyllum,578.4,A
53.17,105.23,Eugenia,27.4,A
186.53,393.97,Jacaranda,126.6,A
398.81,228.08,Dipteryx,208.2,A
190.99,299.14,Alseis,23.5,A
258.02,220.66,Nectandra,71.8,A
526.2,135.33,Aglaia,118.4,A
337.08,125.59,Jacaranda,15.6,A
246.64,116.96,Beilschmiedia,25.6,A
359.29,96.97,Hirtella,,D
429.88,66.65,Eugenia,10.0,A
336.03,346.14,Cordia,,D
333.34,392.32,Beilschmiedia,157.1,A
237.37,282.46,Jacaranda,22.7,A
498.71,78.75,Beilschmiedia,18.2,A
378.01,175.7,Dipteryx,13.3,A
243.0,327.18,Guarea,62.8,A
81.29,265.17,Alseis,125.5,A
263.76,231.15,Beilschmiedia,22.8,A
86.54,380.72,Garcinia,11.4,A
57.44,218.9,Swartzia,102.9,A
165.4,210.4,Alseis,31.7,A
463.79,176.85,Guarea,23.8,A
12.29,99.3,Drypetes,12.1,A
195.66,237.46,Aglaia,12.9,A
189.27,200.01,Quararibea,21.6,A
121.51,332.29,Aglaia,13.9,A
249.27,228.78,Dipteryx,18.1,A
287.06,317.53,Sloanea,15.7,A
359.63,359.79,Aglaia,,D
419.86,143.62,Beilschmiedia,20.6,A
214.78,318.93,Drypetes,121.2,A
538.29,97.01,Cordia,24.7,A
130.69,27.58,Aglaia,18.5,A
568.76,91.54,Beilschmiedia,71.9,A
45.48,275.63,Calophyllum,171.0,A
36.47,126.65,Garcinia,12.2,A
244.28,365.96,Alseis,51.4,A
381.66,81.6,Aglaia,32.2,A
13.49,372.9,Beilschmiedia,,D
372.72,76.2,Alseis,12.8,A
38.79,178.95,Drypetes,14.0,A
294.01,171.53,Beilschmiedia,33.6,A
119.32,180.97,Aglaia,15.3,A
212.23,259.21,Beilschmiedia,66.8,A
503.8,196.66,Nectandra,24.1,A
211.16,13.54,Guarea,15.7,A
188.65,223.22,Drypetes,10.8,A
204.21,134.96,Hirtella,108.5,A
71.13,252.25,Calophyllum,17.4,A
297.5,208.05,Inga,77.0,A
21.1,25.12,Cordia,78.5,A
213.36,313.9,Aglaia,66.2,A
437.48,64.68,Alseis,34.8,A
465.25,186.11,Dipteryx,,D
71.96,345.65,Aglaia,101.2,A
363.52,89.94,Garcinia,35.7,A
24.68,107.98,Alseis,79.7,A
123.03,175.34,Guarea,,D
593.99,54.02,Aglaia,104.0,A
331.12,227.13,Inga,35.5,A
169.25,213.05,Alseis,11.5,A
392.89,303.48,Hirtella,11.6,A
207.51,224.05,Eugenia,42.2,A
278.33,168.32,Faramea,213.9,A
194.05,360.22,Aglaia,39.5,A
489.89,137.28,Beilschmiedia,72.2,A
71.31,120.66,Macaranga,53.0,A
415.65,124.64,Calophyllum,36.6,A
399.62,108.51,Alseis,134.8,A
25.07,52.97,Erythroxylum,,D
71.57,228.83,Eugenia,16.1,A
18.18,210.06,Sloanea,,D
115.77,332.79,Sloanea,,D
105.13,293.88,Garcinia,,D
45.33,286.78,Aglaia,34.7,A
253.89,21.76,Nectandra,60.1,A
480.15,197.85,Knema,,M
222.98,279.87,Nectandra,24.5,A
43.22,136.68,Drypetes,15.3,A
261.52,18.75,Cordia,63.8,A
45.28,116.43,Inga,,D
201.04,330.68,Calophyllum,50.7,A
70.98,337.73,Knema,211.1,A
187.65,389.25,Cupania,,D
406.55,104.55,Dipteryx,,D
112.28,81.17,Cordia,10.3,A
0.76,307.76,Drypetes,12.2,A
435.17,89.56,Calophyllum,18.7,A
38.35,172.42,Alseis,430.8,A
41.78,49.92,Dipteryx,34.2,A
350.54,258.95,Guarea,95.1,A
217.29,118.99,Guarea,42.9,A
407.93,64.07,Garcinia,14.0,A
97.18,23.48,Knema,,D
350.85,334.79,Alseis,128.2,A
237.44,262.05,Garcinia,155.1,A
239.43,356.19,Luehea,101.3,A
167.48,211.85,Alseis,230.5,A
351.57,367.66,Aglaia,12.1,A
299.55,291.86,Cordia,36.0,A
253.25,372.52,Alseis,17.1,A
383.24,48.74,Calophyllum,258.4,A
234.96,112.42,Ocotea,17.1,A
417.78,48.42,Aglaia,53.2,A
255.91,365.44,Ocotea,25.3,A
206.57,72.8,Alseis,25.7,A
54.4,325.38,Rinorea,122.1,A
174.08,34.28,Hirtella,19.3,A
26.26,103.8,Drypetes,20.0,A
173.33,263.11,Faramea,29.5,A
165.84,3.67,Calophyllum,170.1,A
363.21,338.49,Eugenia,72.2,A
85.07,359.31,Aglaia,11.3,A
204.52,338.05,Cordia,45.3,A
108.0,99.9,Dipteryx,280.9,A
385.6,23.84,Garcinia,38.8,A
67.5,296.51,Aglaia,19.1,A
209.51,76.93,Guarea,50.0,A
415.99,35.73,Beilschmiedia,91.4,A
334.33,116.41,Cecropia,16.2,A
176.26,53.59,Cordia,39.9,A
116.49,320.41,Guarea,,D
355.57,195.27,Alseis,24.1,A
85.97,109.51,Drypetes,302.8,A
379.38,223.28,Macaranga,10.5,A
368.53,179.07,Faramea,,D
405.79,7.94,Guarea,201.4,A
108.46,128.8,Alseis,388.2,A
499.15,84.71,Guarea,15.3,A
437.04,126.02,Hirtella,54.1,A
206.32,116.07,Alseis,12.9,A
417.69,141.25,Beilschmiedia,27.9,A
211.75,64.23,Knema,52.6,A
242.93,277.66,Beilschmiedia,31.6,A
476.97,9.37,Drypetes,29.1,A
229.61,29.11,Hirtella,31.5,A
76.92,10.88,Dipteryx,33.8,A
192.14,134.11,Aglaia,47.6,A
143.87,171.85,Quararibea,11.8,A
367.1,29.82,Drypetes,12.8,A
394.5,32.32,Inga,27.7,A
455.68,19.86,Beilschmiedia,67.5,A
336.92,120.01,Macaranga,10.8,A
14.7,192.16,Alseis,16.9,A
355.21,278.34,Licania,141.3,A
124.3,212.84,Faramea,33.7,A
377.87,357.03,Hirtella,19.0,A
49.4,272.04,Eugenia,12.4,A
133.21,283.66,Brosimum,,D
137.04,150.07,Quararibea,22.3,A
37.57,347.83,Calophyllum,,D
416.29,188.98,Ocotea,22.8,A
375.49,10.51,Hirtella,32.8,A
134.88,282.17,Brosimum,17.2,A
227.83,259.39,Calophyllum,350.5,A
339.57,233.46,Protium,,D
81.44,128.72,Macaranga,20.2,A
339.75,96.45,Cecropia,,D
194.24,294.26,Drypetes,24.8,A
518.53,128.72,Calophyllum,28.1,A
247.42,262.86,Garcinia,,D
157.75,253.25,Macaranga,,D
29.68,361.92,Beilschmiedia,61.3,A
204.5,145.38,Aglaia,54.2,A
210.43,221.66,Garcinia,217.2,A
552.96,95.4,Calophyllum,16.1,A
411.99,166.79,Guarea,18.5,A
146.51,299.28,Drypetes,12.5,A
533.81,196.86,Alseis,,D
262.56,190.47,Jacaranda,158.9,A
206.01,249.41,Beilschmiedia,110.6,A
63.98,221.32,Cordia,30.1,A
60.21,128.5,Drypetes,10.9,A
543.92,168.03,Beilschmiedia,11.6,A
94.9,298.26,Drypetes,309.7,A
119.4,204.84,Faramea,213.3,A
81.08,313.3,Beilschmiedia,93.3,A
399.79,362.97,Alseis,352.3,A
217.09,266.44,Aglaia,16.6,A
362.93,180.47,Dipteryx,241.5,A
569.2,84.24,Beilschmiedia,13.8,A
41.26,164.42,Alseis,15.0,A
18.07,26.8,Licania,,D
249.69,315.57,Beilschmiedia,25.5,A
133.75,379.04,Aglaia,90.1,A
55.7,175.4,Drypetes,10.6,A
326.67,1.6,Ocotea,128.6,A
544.1,121.19,Dipteryx,36.5,A
121.01,44.83,Calophyllum,22.7,A
232.97,78.37,Eugenia,35.5,A
62.69,233.82,Knema,149.7,A
384.53,234.03,Garcinia,11.6,A
49.14,207.5,Alseis,32.8,A
27.54,53.82,Erythroxylum,12.9,A
156.36,362.52,Eugenia,17.9,A
313.51,151.2,Inga,103.6,A
180.22,141.43,Aglaia,34.1,A
7.76,286.17,Nectandra,183.0,A
366.98,67.48,Drypetes,182.2,A
60.61,159.35,Protium,18.6,A
270.76,45.98,Faramea,578.0,A
309.03,166.02,Trichilia,107.3,A
445.55,75.02,Eugenia,46.7,A
110.52,24.7,Eugenia,,D
424.47,11.91,Beilschmiedia,22.4,A
160.27,326.16,Aglaia,103.2,A
99.18,99.14,Alseis,55.6,A
531.63,187.55,Beilschmiedia,58.1,A
122.53,195.55,Calophyllum,13.8,A
46.06,153.1,Drypetes,187.2,A
214.83,125.12,Alseis,94.7,A
558.23,88.85,Dipteryx,11.9,A
37.83,148.06,Inga,19.6,A
475.35,93.26,Drypetes,311.1,A
286.99,15.37,Aglaia,25.4,A
196.78,390.44,Alseis,14.4,A
51.86,241.81,Garcinia,28.8,A
45.22,379.33,Beilschmiedia,60.9,A
52.43,266.87,Cordia,55.0,A
147.86,170.61,Calophyllum,24.5,A
69.6,126.85,Cordia,37.3,A
192.21,183.1,Aglaia,18.8,A
227.86,52.84,Dipteryx,43.1,A
3.91,357.46,Alseis,449.4,A
369.09,338.81,Licania,20.7,A
407.37,161.85,Ocotea,47.3,A
126.53,205.42,Faramea,70.6,A
75.28,290.52,Drypetes,25.2,A
463.52,190.46,Hirtella,188.2,A
172.79,122.05,Aglaia,30.7,A
373.28,319.55,Aglaia,11.3,A
211.42,209.91,Garcinia,25.6,A
401.44,5.43,Alseis,75.5,A
526.23,192.3,Guarea,22.6,A
367.37,340.7,Eugenia,13.5,A
442.47,66.46,Eugenia,21.5,A
231.58,182.68,Alseis,12.1,A
88.06,312.95,Hirtella,122.1,A
276.06,301.51,Aglaia,14.7,A
237.66,334.02,Aglaia,21.2,A
209.56,381.84,Cupania,17.6,A
188.47,30.88,Calophyllum,32.1,A
414.99,85.73,Aglaia,56.3,A
167.85,29.39,Alseis,,D
57.45,205.96,Cordia,87.3,A
138.41,53.7,Protium,20.8,A
150.69,201.0,Aglaia,13.4,A
509.11,51.96,Shorea,21.5,A
531.86,163.11,Beilschmiedia,,D
411.38,71.93,Beilschmiedia,21.7,A
158.9,303.44,Alseis,103.9,A
214.04,3.79,Cordia,21.9,A
234.5,21.7,Alseis,45.1,A
217.34,372.43,Calophyllum,169.2,A
232.37,296.5,Dipteryx,32.5,A
256.61,277.99,Aglaia,,D
54.69,240.47,Hirtella,42.2,A
330.44,110.94,Aglaia,35.2,A
7.23,251.48,Cordia,23.2,A
69.08,295.0,Aglaia,148.7,A
498.85,73.47,Licania,12.5,A
148.55,130.61,Beilschmiedia,67.8,A
340.81,243.56,Dipteryx,30.8,A
367.35,238.33,Aglaia,11.6,A
152.96,105.34,Jacaranda,15.5,A
222.49,230.02,Eugenia,106.7,A
554.61,124.6,Tetragastris,17.4,A
50.31,347.03,Garcinia,65.2,A
156.61,230.37,Guarea,21.3,A
36.56,241.09,Ocotea,48.3,A
95.14,21.44,Calophyllum,228.2,A
309.27,378.71,Cupania,10.3,A
391.39,96.79,Dipteryx,403.2,A
407.28,160.84,Palaquium,14.9,A
239.37,46.08,Knema,82.6,A
481.31,155.02,Calophyllum,37.3,A
257.27,24.9,Dipteryx,,M
165.44,229.83,Aglaia,13.8,A
85.84,344.74,Ocotea,57.2,A
141.36,249.46,Alseis,20.9,A
530.79,116.79,Hura,,M
52.43,11.14,Hirtella,11.0,A
552.85,145.19,Faramea,97.5,A
366.28,204.52,Jacaranda,198.8,A
50.91,249.53,Eugenia,14.6,A
180.26,297.89,Eugenia,11.1,A
317.48,330.65,Jacaranda,,D
192.32,259.84,Jacaranda,11.4,A
157.53,236.32,Calophyllum,322.3,A
105.65,214.55,Eugenia,16.8,A
168.53,292.7,Alseis,146.2,A
577.49,172.36,Faramea,22.1,A
243.39,323.49,Dipteryx,23.6,A
289.73,232.97,Cordia,52.8,A
514.12,38.27,Faramea,190.4,A
484.76,146.95,Beilschmiedia,134.6,A
373.39,218.53,Alseis,165.3,A
144.33,256.8,Alseis,13.0,A
415.29,40.57,Alseis,143.9,A
391.54,204.94,Faramea,100.8,A
356.26,331.08,Eugenia,20.7,A
111.95,170.39,Faramea,158.8,A
109.17,211.33,Jacaranda,12.1,A
172.6,327.05,Faramea,384.2,A
81.41,306.03,Beilschmiedia,25.5,A
232.14,360.97,Eugenia,22.7,A
208.33,96.82,Garcinia,29.9,A
48.0,334.11,Rinorea,10.7,A
460.35,188.2,Eugenia,29.0,A
180.84,150.79,Aglaia,25.8,A
104.5,197.5,Hirtella,13.1,A
142.7,79.12,Cordia,34.2,A
457.93,7.7,Beilschmiedia,,D
293.1,32.69,Aglaia,104.3,A
177.32,42.52,Cordia,30.2,A
28.33,290.05,Faramea,,M
324.69,366.94,Macaranga,13.5,A
288.87,47.81,Guarea,,D
454.58,108.9,Calophyllum,55.8,A
113.31,345.56,Knema,288.8,A
16.75,196.3,Cordia,10.2,A
410.16,122.49,Aglaia,13.9,A
261.01,288.43,Aglaia,44.2,A
123.12,33.67,Aglaia,23.1,A
236.86,111.97,Beilschmiedia,61.7,A
413.8,47.45,Beilschmiedia,20.2,A
311.11,122.1,Dipteryx,12.8,A
85.17,151.95,Cordia,15.5,A
324.57,264.02,Eugenia,34.4,A
466.74,93.48,Calophyllum,15.3,A
276.14,210.82,Cordia,18.1,A
159.15,194.43,Palaquium,114.8,A
69.28,308.59,Aglaia,,D
385.0,251.0,Swartzia,16.6,A
104.81,228.57,Hirtella,10.2,A
246.41,280.7,Calophyllum,50.5,A
59.12,234.39,Dipteryx,41.6,A
263.91,190.7,Macaranga,18.4,A
242.41,199.65,Macaranga,16.5,A
361.15,259.31,Cecropia,246.9,A
223.2,77.02,Eugenia,40.7,A
143.59,120.92,Cordia,61.9,A
450.72,51.07,Beilschmiedia,18.5,A
466.85,104.16,Ocotea,29.8,A
51.66,139.39,Virola,17.1,A
390.78,307.86,Ocotea,22.4,A
289.2,164.27,Inga,10.4,A
534.94,186.29,Beilschmiedia,10.5,A
523.78,72.1,Faramea,66.9,A
228.25,282.63,Alseis,,D
215.85,229.88,Garcinia,149.0,A
72.18,28.39,Aglaia,38.1,A
364.72,204.19,Dipteryx,,D
363.67,170.03,Faramea,45.9,A
472.27,56.11,Eugenia,78.7,A
360.46,297.67,Hirtella,15.8,A
412.6,132.65,Beilschmiedia,,D
238.87,181.84,Faramea,422.3,A
242.62,200.01,Garcinia,275.0,A
214.73,266.68,Aglaia,35.3,A
120.39,225.85,Cordia,35.2,A
399.76,104.07,Calophyllum,920.1,A
315.96,111.42,Beilschmiedia,13.2,A
28.45,89.84,Calophyllum,,M
235.58,345.59,Calophyllum,13.3,A
241.35,337.85,Beilschmiedia,,D
161.71,212.47,Alseis,18.7,A
245.97,277.85,Alseis,18.2,A
9.67,72.45,Beilschmiedia,68.3,A
482.55,193.31,Guarea,13.7,A
511.39,172.72,Swartzia,67.9,A
35.64,313.08,Garcinia,,D
99.12,291.98,Alseis,162.0,A
64.5,153.79,Calophyllum,154.6,A
380.14,332.21,Aglaia,13.5,A
581.46,79.33,Hura,13.0,A
371.13,243.94,Beilschmiedia,113.4,A
267.02,197.19,Sloanea,20.7,A
398.16,211.49,Jacaranda,,D
179.72,247.54,Cordia,81.0,A
284.21,343.17,Alseis,23.9,A
321.99,174.69,Cordia,159.5,A
270.28,258.99,Jacaranda,21.2,A
56.88,34.85,Shorea,,M
387.89,29.91,Inga,31.9,A
521.74,54.76,Faramea,11.2,A
148.13,139.71,Beilschmiedia,56.6,A
192.59,154.58,Hirtella,16.1,A
130.61,96.67,Calophyllum,12.9,A
118.04,336.05,Garcinia,,D
198.07,235.84,Dipteryx,,D
383.31,249.87,Shorea,118.0,A
3.49,260.36,Cordia,10.8,A
544.26,176.35,Beilschmiedia,128.5,A
195.69,176.67,Cordia,109.0,A
245.07,275.68,Beilschmiedia,21.7,A
309.65,115.02,Aglaia,73.8,A
236.24,384.68,Alseis,30.3,A
224.21,48.18,Anacardium,35.4,A
4.79,380.87,Eugenia,30.4,A
467.88,176.44,Cordia,65.4,A
307.51,352.87,Calophyllum,11.6,A
103.05,364.09,Dipteryx,126.1,A
182.16,275.0,Cordia,137.9,A
395.01,153.61,Faramea,45.9,A
439.17,94.36,Eugenia,63.6,A
147.7,385.53,Alseis,36.5,A
232.54,334.68,Aglaia,10.8,A
303.6,304.33,Aglaia,95.2,A
82.94,362.51,Garcinia,25.9,A
485.02,112.72,Eugenia,10.2,A
387.9,107.21,Alseis,489.9,A
376.77,249.98,Aglaia,86.5,A
275.02,282.28,Aglaia,10.5,A
87.74,297.43,Drypetes,14.3,A
411.19,84.41,Beilschmiedia,25.5,A
332.65,294.14,Alseis,29.1,A
486.83,86.4,Drypetes,56.7,A
66.6,365.7,Cordia,183.8,A
164.56,91.96,Inga,18.4,A
312.47,166.02,Inga,120.6,A
179.35,236.39,Calophyllum,16.7,A
199.91,34.56,Cordia,28.4,A
361.37,163.1,Jacaranda,10.1,A
104.09,7.86,Dipteryx,23.2,A
290.93,363.14,Alseis,480.0,A
102.91,253.28,Swartzia,13.4,A
27.69,54.6,Licania,27.4,A
306.06,385.03,Guarea,64.7,A
545.41,109.79,Aglaia,27.2,A
243.25,180.54,Alseis,39.3,A
419.92,112.21,Aglaia,36.5,A
63.53,222.81,Calophyllum,10.5,A
513.07,182.7,Ocotea,12.5,A
55.74,312.18,Aglaia,15.8,A
181.41,176.04,Cordia,68.8,A
565.65,77.09,Guarea,47.2,A
21.42,196.95,Nectandra,11.3,A
450.37,178.55,Dipteryx,50.6,A
98.82,37.66,Calophyllum,116.1,A
174.96,331.74,Drypetes,13.6,A
217.55,373.35,Calophyllum,,D
357.63,85.72,Knema,43.5,A
295.23,206.11,Garcinia,17.1,A
301.27,135.95,Ocotea,10.3,A
42.32,127.3,Virola,33.2,A
442.6,76.97,Eugenia,75.5,A
415.24,138.02,Dipteryx,25.9,A
249.5,174.53,Alseis,41.3,A
167.7,344.22,Dipteryx,,D
448.88,55.72,Beilschmiedia,65.8,A
41.5,98.59,Eugenia,27.8,A
193.05,370.83,Rinorea,19.7,A
34.97,334.48,Drypetes,,D
221.16,271.2,Aglaia,,D
331.17,376.31,Tetragastris,19.6,A
170.9,104.35,Hirtella,,D
232.8,224.41,Jacaranda,104.0,A
95.61,315.65,Calophyllum,10.1,A
95.87,104.82,Drypetes,114.8,A
451.1,175.45,Drypetes,132.7,A
200.71,155.8,Knema,16.5,A
38.96,344.16,Garcinia,15.3,A
323.65,155.5,Calophyllum,10.6,A
223.52,150.33,Protium,10.6,A
401.09,44.97,Inga,20.0,A
370.29,79.05,Alseis,244.0,A
325.37,382.04,Aglaia,108.9,A
73.3,156.47,Alseis,50.4,A
195.54,289.66,Nectandra,26.3,A
390.6,81.55,Calophyllum,714.7,A
161.45,292.63,Alseis,36.3,A
95.81,338.96,Aglaia,14.5,A
20.64,270.53,Calophyllum,11.5,A
519.07,62.12,Calophyllum,556.4,A
391.15,377.68,Alseis,55.4,A
436.54,39.08,Beilschmiedia,38.4,A
177.34,350.69,Rinorea,29.6,A
248.18,192.67,Garcinia,69.5,A
490.8,138.39,Beilschmiedia,,D
388.44,397.66,Ocotea,48.6,A
230.03,346.28,Cordia,59.3,A
72.54,294.71,Aglaia,15.7,A
21.13,365.54,Swartzia,12.8,A
56.72,32.81,Cordia,33.1,A
166.92,30.74,Hirtella,11.9,A
145.89,235.98,Dipteryx,17.6,A
139.52,140.04,Beilschmiedia,44.1,A
380.75,73.26,Macaranga,40.6,A
257.98,297.82,Cordia,,D
237.12,373.21,Alseis,28.4,A
387.17,18.33,Sloanea,12.8,A
97.91,294.66,Beilschmiedia,51.2,A
249.56,207.19,Garcinia,63.8,A
222.3,337.31,Aglaia,42.7,A
535.61,154.7,Ocotea,10.6,A
473.66,165.32,Dipteryx,108.7,A
82.02,255.76,Drypetes,47.0,A
39.48,126.11,Inga,11.4,A
549.75,94.25,Beilschmiedia,65.9,A
4.75,326.6,Calophyllum,653.4,A
173.36,176.89,Faramea,369.7,A
74.77,72.38,Alseis,10.9,A
318.43,98.66,Guarea,11.4,A
83.31,208.33,Dipteryx,22.2,A
235.33,286.46,Aglaia,,D
507.34,25.25,Drypetes,36.5,A
360.68,73.92,Aglaia,72.3,A
222.09,140.7,Cordia,,D
236.51,303.98,Jacaranda,27.6,A
31.85,147.67,Drypetes,11.0,A
413.97,53.97,Eugenia,12.5,A
280.44,261.18,Macaranga,11.2,A
235.62,116.11,Licania,83.0,A
389.51,382.77,Tetragastris,13.6,A
53.84,165.1,Anacardium,21.5,A
150.84,277.2,Ocotea,60.7,A
185.37,109.55,Palaquium,90.7,A
205.73,229.22,Garcinia,10.9,A
475.7,132.33,Eugenia,18.7,A
198.11,186.08,Aglaia,14.7,A
527.69,191.42,Beilschmiedia,36.8,A
25.3,112.12,Dipteryx,94.5,A
280.77,366.87,Aglaia,13.6,A
102.92,272.74,Alseis,44.8,A
32.41,314.62,Guarea,97.1,A
337.5,245.61,Jacaranda,35.8,A
3.45,200.28,Alseis,11.1,A
268.91,247.58,Beilschmiedia,86.0,A
281.57,368.45,Calophyllum,130.8,A
304.71,208.45,Garcinia,275.3,A
128.55,24.38,Hirtella,54.4,A
552.62,167.39,Rinorea,54.4,A
55.55,217.47,Drypetes,18.5,A
54.01,137.1,Cordia,15.8,A
418.96,32.56,Calophyllum,127.6,A
57.87,55.13,Alseis,29.1,A
529.55,46.45,Licania,35.6,A
309.87,275.32,Nectandra,,M
78.39,324.97,Sloanea,72.1,A
30.08,42.68,Erythroxylum,25.0,A
479.5,56.28,Guarea,18.3,A
93.46,293.26,Knema,32.4,A
68.82,171.05,Alseis,60.5,A
415.45,158.84,Faramea,113.8,A
66.92,366.22,Ocotea,31.7,A
501.44,53.96,Guarea,21.0,A
453.31,76.84,Eugenia,30.4,A
76.28,221.23,Alseis,88.5,A
338.0,130.57,Alseis,31.1,A
352.19,63.0,Aglaia,38.5,A
92.63,371.89,Garcinia,25.4,A
254.62,18.95,Guarea,82.2,A
72.81,148.6,Macaranga,11.6,A
122.08,394.92,Guarea,132.3,A
191.92,145.44,Palaquium,50.5,A
103.17,47.51,Aglaia,20.6,A
374.52,339.53,Guarea,10.4,A
189.71,210.36,Drypetes,13.6,A
91.39,59.66,Ocotea,39.7,A
137.84,135.32,Alseis,29.3,A
563.02,89.13,Beilschmiedia,15.3,A
96.19,134.69,Alseis,117.8,A
318.77,357.58,Trichilia,49.3,A
202.59,294.28,Faramea,16.6,A
390.49,37.18,Alseis,11.7,A
110.3,288.77,Guarea,10.3,A
529.03,194.4,Knema,13.7,A
473.72,145.53,Dipteryx,84.6,A
380.93,310.97,Calophyllum,29.8,A
383.03,169.88,Swartzia,10.6,A
540.27,49.63,Cordia,69.0,A
9.08,395.19,Alseis,10.3,A
226.01,254.67,Dipteryx,12.1,A
229.83,172.15,Alseis,,D
45.39,142.86,Drypetes,12.7,A
279.93,353.48,Aglaia,17.6,A
130.54,118.31,Garcinia,23.3,A
96.71,213.27,Faramea,62.1,A
521.75,136.89,Aglaia,10.7,A
32.48,91.6,Eugenia,10.2,A
461.09,134.98,Calophyllum,29.5,A
42.0,192.11,Dipteryx,,D
156.28,279.55,Alseis,19.7,A
363.49,93.64,Ficus,10.4,A
524.78,183.25,Calophyllum,23.7,A
212.67,98.94,Aglaia,,D
229.83,284.21,Beilschmiedia,21.6,A
403.78,77.0,Beilschmiedia,262.0,A
511.19,79.25,Drypetes,,D
37.06,230.51,Calophyllum,35.2,A
563.7,72.93,Alseis,48.9,A
16.75,191.01,Dipteryx,23.4,A
279.5,343.77,Aglaia,31.7,A
175.41,191.94,Garcinia,14.4,A
57.43,167.45,Alseis,58.2,A
75.26,139.27,Guarea,124.7,A
557.16,24.01,Macaranga,47.9,A
392.56,5.69,Macaranga,,D
134.27,261.77,Alseis,,D
520.74,95.77,Licania,61.6,A
394.52,145.02,Dipteryx,143.2,A
304.58,101.45,Beilschmiedia,62.6,A
458.51,59.9,Cordia,,D
192.97,280.69,Knema,107.3,A
8.42,246.99,Alseis,235.0,A
399.87,217.22,Dipteryx,,D
236.93,280.64,Eugenia,15.4,A
308.33,152.63,Trichilia,62.9,A
344.41,132.7,Aglaia,81.5,A
45.71,376.07,Quararibea,88.1,A
82.61,312.3,Beilschmiedia,12.0,A
236.66,131.84,Hirtella,140.4,A
329.04,388.95,Alseis,22.5,A
372.96,319.57,Aglaia,,D
406.77,137.92,Jacaranda,14.5,A
244.93,168.26,Alseis,71.9,A
79.54,94.72,Inga,,D
318.47,263.27,Cordia,11.0,A
359.43,187.22,Dipteryx,11.1,A
152.17,226.6,Calophyllum,256.7,A
125.35,311.04,Diospyros,74.4,A
494.66,67.17,Faramea,38.0,A
413.05,101.23,Cordia,117.3,A
204.67,307.76,Aglaia,32.7,A
396.78,108.41,Aglaia,,D
541.0,184.48,Beilschmiedia,19.5,A
358.7,131.25,Eugenia,37.9,A
482.34,165.58,Beilschmiedia,13.6,A
268.3,274.77,Aglaia,10.5,A
279.43,311.65,Aglaia,40.3,A
330.55,372.34,Trichilia,30.0,A
398.49,52.24,Inga,25.8,A
129.74,46.86,Calophyllum,14.7,A
436.54,44.94,Drypetes,54.3,A
78.88,172.22,Alseis,114.4,A
593.44,89.28,Alseis,16.7,A
69.19,116.26,Palaquium,190.6,A
365.02,154.96,Eugenia,36.4,A
78.05,248.57,Guarea,121.6,A
17.68,256.47,Eugenia,38.0,A
122.4,227.09,Dipteryx,111.1,A
116.0,52.75,Cordia,52.2,A
80.14,323.93,Garcinia,12.5,A
336.16,279.16,Dipteryx,44.2,A
469.51,35.17,Calophyllum,22.1,A
16.76,155.7,Aglaia,26.2,A
464.89,70.1,Calophyllum,149.1,A
304.78,199.44,Inga,25.1,A
318.28,246.84,Cordia,,D
312.35,161.6,Inga,238.3,A
62.16,251.26,Drypetes,23.5,A
163.4,284.96,Jacaranda,,D
268.39,199.06,Faramea,25.7,A
85.54,178.03,Alseis,12.9,A
145.53,147.26,Alseis,32.1,A
49.63,260.6,Drypetes,24.4,A
554.79,57.85,Faramea,12.5,A
595.79,132.67,Hirtella,23.8,A
77.09,230.42,Cordia,64.6,A
415.94,189.42,Alseis,82.8,A
208.68,233.88,Aglaia,25.3,A
49.58,192.6,Aglaia,10.7,A
235.98,212.7,Garcinia,25.7,A
279.88,372.07,Nectandra,49.2,A
384.64,84.35,Aglaia,14.6,A
335.06,86.07,Drypetes,22.6,A
530.83,147.32,Aglaia,19.1,A
532.88,69.62,Cordia,11.7,A
34.85,101.18,Cordia,24.7,A
443.23,132.32,Beilschmiedia,18.6,A
520.08,190.66,Alseis,157.3,A
536.07,164.29,Beilschmiedia,217.5,A
537.83,192.62,Alseis,,D
99.81,151.36,Drypetes,,D
526.78,182.65,Beilschmiedia,12.3,A
356.52,273.53,Hirtella,15.4,A
238.37,253.81,Calophyllum,169.9,A
546.15,168.61,Beilschmiedia,24.3,A
207.19,38.61,Anacardium,21.0,A
388.82,218.69,Eugenia,18.1,A
254.45,35.42,Faramea,25.1,A
106.95,244.77,Hirtella,18.8,A
357.34,191.31,Calophyllum,61.2,A
168.03,255.81,Faramea,122.5,A
333.47,89.79,Cordia,11.5,A
294.18,347.72,Aglaia,12.6,A
44.55,130.57,Cordia,13.7,A
239.64,323.81,Luehea,59.2,A
177.53,71.58,Shorea,53.1,A
103.97,30.7,Xylopia,14.9,A
305.07,192.76,Inga,24.1,A
215.27,242.95,Beilschmiedia,38.4,A
512.95,15.25,Knema,154.3,A
363.67,147.2,Eugenia,34.4,A
330.83,174.42,Calophyllum,146.3,A
210.7,158.28,Ocotea,138.5,A
94.52,320.39,Diospyros,,D
50.71,209.46,Alseis,17.4,A
361.13,340.83,Eugenia,29.0,A
125.78,156.05,Drypetes,10.7,A
514.85,181.25,Beilschmiedia,25.3,A
122.82,49.06,Aglaia,16.3,A
22.51,244.81,Faramea,,D
246.73,44.37,Hirtella,27.9,A
197.25,87.54,Aglaia,,D
165.59,63.7,Calophyllum,18.1,A
361.89,204.96,Dipteryx,12.0,A
252.99,182.92,Eugenia,45.5,A
199.65,187.91,Aglaia,,D
341.46,232.63,Faramea,31.4,A
152.26,191.28,Faramea,12.6,A
179.66,338.5,Beilschmiedia,204.7,A
171.68,218.03,Shorea,,D
41.29,224.31,Cordia,,D
30.44,367.54,Quararibea,,D
508.65,25.68,Faramea,10.5,A
101.28,178.53,Aglaia,30.0,A
57.7,180.52,Aglaia,63.8,A
107.19,334.36,Aglaia,12.4,A
351.25,113.5,Calophyllum,10.1,A
265.58,159.35,Protium,174.9,A
254.61,226.47,Guarea,15.3,A
226.22,273.45,Eugenia,15.0,A
13.1,211.53,Xylopia,14.2,A
263.72,7.97,Beilschmiedia,53.5,A
171.82,203.39,Drypetes,31.2,A
237.65,169.75,Alseis,19.6,A
340.22,321.41,Trichilia,16.1,A
421.64,92.76,Garcinia,35.5,A
243.34,124.56,Beilschmiedia,60.2,A
164.41,129.34,Aglaia,14.5,A
156.01,222.58,Aglaia,11.9,A
23.34,241.7,Knema,14.4,A
542.22,104.25,Aglaia,17.6,A
555.13,69.33,Ocotea,11.0,A
225.24,88.49,Eugenia,17.1,A
546.76,11.71,Cordia,44.7,A
128.56,226.88,Cordia,106.6,A
28.99,114.67,Alseis,74.7,A
96.38,255.15,Aglaia,30.3,A
124.68,369.46,Cordia,59.8,A
168.64,170.8,Sloanea,,D
65.11,192.66,Calophyllum,17.3,A
161.33,366.9,Alseis,12.8,A
94.61,395.14,Beilschmiedia,10.5,A
16.79,364.02,Beilschmiedia,15.9,A
37.14,216.82,Drypetes,37.3,A
214.23,331.8,Aglaia,70.9,A
564.2,83.73,Guarea,,D
444.53,51.04,Drypetes,18.4,A
173.91,303.45,Alseis,94.1,A
224.63,65.83,Eugenia,,D
215.69,286.07,Eugenia,15.0,A
346.11,129.55,Alseis,62.0,A
518.98,28.73,Knema,196.4,A
340.24,369.86,Aglaia,17.4,A
103.25,67.85,Hirtella,191.0,A
40.49,335.82,Garcinia,35.6,A
36.17,49.03,Cordia,29.4,A
314.37,318.36,Alseis,78.7,A
400.22,61.62,Aglaia,10.8,A
209.95,144.18,Licania,33.9,A
507.68,107.8,Calophyllum,31.7,A
14.57,352.32,Alseis,296.1,A
406.23,53.02,Garcinia,15.7,A
22.88,379.67,Cordia,,D
153.27,301.28,Knema,52.5,A
14.92,76.89,Cordia,44.9,A
62.45,291.0,Aglaia,17.7,A
161.84,254.91,Cordia,130.8,A
224.34,116.9,Garcinia,,M
10.66,156.27,Inga,63.2,A
428.64,54.12,Jacaranda,261.9,A
501.27,74.44,Ocotea,37.9,A
374.7,329.97,Tetragastris,14.5,A
251.1,278.04,Aglaia,131.4,A
159.67,112.46,Inga,,D
231.59,273.4,Beilschmiedia,24.5,A
232.96,322.82,Ocotea,161.2,A
80.51,199.67,Calophyllum,25.9,A
95.66,251.1,Dipteryx,94.9,A
171.66,53.11,Calophyllum,26.3,A
420.5,36.31,Inga,20.5,A
405.01,97.86,Hura,12.2,A
23.36,142.64,Hirtella,63.2,A
103.29,370.09,Garcinia,13.6,A
353.14,55.26,Ocotea,31.6,A
534.22,195.95,Beilschmiedia,70.1,A
209.32,250.83,Cordia,54.1,A
381.88,104.26,Calophyllum,11.5,A
43.37,319.07,Alseis,,D
85.45,214.77,Eugenia,14.1,A
398.69,103.65,Alseis,37.1,A
226.19,144.58,Aglaia,92.5,A
36.28,160.88,Aglaia,16.6,A
441.08,30.43,Beilschmiedia,98.3,A
169.01,137.14,Cordia,40.8,A
227.49,388.25,Hirtella,,D
429.43,189.37,Aglaia,10.3,A
16.01,150.12,Inga,28.1,A
123.93,316.75,Dipteryx,31.6,A
32.65,79.15,Dipteryx,40.2,A
274.33,245.36,Jacaranda,10.1,A
115.2,238.92,Palaquium,11.0,A
84.21,350.14,Dipteryx,19.1,A
35.71,253.92,Knema,253.6,A
126.96,378.48,Hirtella,11.2,A
562.47,87.98,Beilschmiedia,35.2,A
375.92,236.92,Calophyllum,535.9,A
176.16,14.74,Nectandra,33.9,A
124.84,347.67,Cordia,10.5,A
68.73,34.83,Rinorea,25.9,A
72.73,148.95,Drypetes,21.2,A
368.97,205.63,Alseis,383.4,A
208.75,202.81,Aglaia,67.0,A
548.1,187.93,Faramea,36.5,A
301.81,193.91,Dipteryx,13.9,A
115.79,249.47,Hirtella,12.4,A
251.7,333.2,Luehea,13.8,A
299.97,250.39,Aglaia,18.3,A
197.58,259.35,Dipteryx,26.8,A
437.12,177.11,Ocotea,18.4,A
477.12,49.1,Eugenia,54.8,A
394.53,85.67,Beilschmiedia,20.9,A
471.89,28.79,Eugenia,17.3,A
57.82,274.42,Eugenia,,D
226.59,49.22,Garcinia,32.1,A
114.42,279.06,Jacaranda,10.7,A
521.26,38.0,Calophyllum,16.7,A
97.31,269.03,Garcinia,211.9,A
75.21,364.48,Knema,74.8,A
493.31,173.08,Cordia,32.0,A
20.23,269.06,Faramea,29.5,A
126.96,279.22,Cordia,16.8,A
130.28,175.41,Calophyllum,,D
62.94,322.54,Cordia,32.2,A
339.13,115.08,Beilschmiedia,,D
193.58,379.89,Dipteryx,11.0,A
155.2,128.12,Palaquium,213.8,A
379.75,346.45,Tetragastris,,D
336.43,229.69,Cordia,33.6,A
138.17,128.36,Beilschmiedia,32.6,A
83.62,239.34,Garcinia,,D
187.67,311.56,Dipteryx,25.6,A
325.22,146.15,Trichilia,26.6,A
134.58,186.45,Aglaia,91.5,A
76.23,90.6,Shorea,15.0,A
596.42,162.45,Calophyllum,11.5,A
9.02,283.54,Knema,18.2,A
28.43,323.93,Drypetes,35.6,A
213.86,341.61,Drypetes,15.5,A
10.86,331.13,Knema,15.4,A
57.54,233.93,Calophyllum,19.6,A
308.35,231.78,Dipteryx,,M
403.14,15.33,Dipteryx,15.3,A
419.36,138.65,Beilschmiedia,10.6,A
72.34,57.79,Calophyllum,,M
313.78,351.98,Nectandra,17.5,A
108.3,207.61,Eugenia,,M
155.2,30.07,Calophyllum,19.4,A
384.59,74.26,Alseis,,D
424.73,176.21,Alseis,11.6,A
222.17,232.48,Drypetes,,D
12.5,326.21,Calophyllum,408.5,A
124.52,75.91,Cordia,19.1,A
409.4,121.44,Aglaia,34.5,A
475.16,156.36,Drypetes,239.4,A
6.24,390.33,Eugenia,24.8,A
344.58,308.34,Knema,,D
370.36,314.72,Aglaia,18.6,A
433.07,41.05,Beilschmiedia,36.3,A
216.96,259.25,Aglaia,53.7,A
192.28,340.8,Faramea,14.3,A
0.5,268.82,Calophyllum,,D
27.6,126.18,Garcinia,97.3,A
129.96,197.29,Cordia,95.0,A
245.2,190.95,Eugenia,13.8,A
220.91,273.97,Calophyllum,11.4,A
97.36,160.05,Alseis,15.5,A
567.95,100.3,Faramea,14.1,A
221.5,269.71,Dipteryx,468.2,A
300.66,95.47,Ocotea,34.6,A
161.36,224.33,Aglaia,,D
384.29,329.32,Aglaia,16.2,A
93.98,352.97,Beilschmiedia,,D
349.57,100.07,Garcinia,143.1,A
186.88,292.94,Faramea,35.3,A
22.03,303.35,Macaranga,23.5,A
155.56,215.39,Alseis,16.8,A
295.69,287.67,Aglaia,11.6,A
564.17,28.72,Calophyllum,133.4,A
231.69,304.0,Eugenia,12.0,A
158.32,104.16,Inga,25.3,A
196.6,137.19,Aglaia,26.2,A
108.87,249.1,Cordia,124.4,A
382.94,98.06,Calophyllum,23.2,A
194.09,317.01,Eugenia,11.1,A
147.94,165.53,Quararibea,,D
60.91,122.12,Macaranga,70.4,A
375.6,215.15,Guarea,19.5,A
28.73,87.77,Beilschmiedia,18.0,A
29.38,360.53,Beilschmiedia,17.2,A
310.18,108.17,Knema,50.3,A
408.37,87.23,Calophyllum,146.1,A
373.49,252.65,Aglaia,19.8,A
132.17,154.04,Cordia,86.5,A
264.48,199.77,Faramea,25.0,A
328.98,226.86,Cordia,12.5,A
351.13,304.55,Dipteryx,21.2,A
144.39,48.32,Protium,133.3,A
128.48,280.58,Brosimum,17.1,A
199.54,310.98,Aglaia,12.3,A
293.39,1.72,Beilschmiedia,61.8,A
160.62,377.32,Calophyllum,12.6,A
145.39,128.3,Calophyllum,55.7,A
220.14,288.1,Aglaia,,D
87.14,391.21,Beilschmiedia,148.4,A
493.9,91.92,Jacaranda,32.3,A
528.77,162.4,Calophyllum,18.9,A
210.06,299.07,Cordia,11.5,A
392.59,229.56,Eugenia,15.9,A
90.36,198.88,Dipteryx,,D
269.39,304.94,Calophyllum,190.6,A
449.69,83.24,Dipteryx,10.2,A
56.6,314.99,Alseis,28.5,A
207.97,220.8,Guarea,16.5,A
298.79,193.31,Calophyllum,36.8,A
114.12,227.65,Nectandra,40.9,A
545.33,105.15,Dipteryx,,D
137.25,159.75,Calophyllum,16.9,A
428.74,55.4,Garcinia,20.9,A
114.57,136.34,Beilschmiedia,230.4,A
311.14,345.24,Cordia,,D
348.15,161.52,Jacaranda,,D
94.25,61.91,Sloanea,,D
519.51,179.26,Knema,,D
144.89,41.09,Protium,20.1,A
149.67,386.16,Alseis,11.5,A
204.99,347.87,Nectandra,120.0,A
384.8,384.95,Cordia,10.3,A
222.07,84.72,Eugenia,23.8,A
433.17,29.9,Dipteryx,21.2,A
104.22,310.78,Cordia,62.8,A
45.86,256.08,Eugenia,11.8,A
387.49,140.18,Jacaranda,18.7,A
10.61,261.98,Alseis,,D
106.0,31.02,Cordia,96.5,A
521.22,127.18,Cordia,117.8,A
369.17,89.46,Garcinia,27.8,A
83.79,361.57,Beilschmiedia,270.4,A
576.4,107.23,Alseis,348.7,A
73.22,278.41,Faramea,49.0,A
414.66,53.79,Inga,11.2,A
202.46,285.09,Faramea,96.1,A
305.47,94.51,Ficus,21.4,A
44.06,9.88,Protium,,D
563.9,50.85,Dipteryx,65.9,A
512.09,160.53,Drypetes,13.5,A
587.35,81.04,Alseis,478.3,A
422.16,41.2,Eugenia,10.2,A
230.88,183.57,Eugenia,47.7,A
82.62,363.32,Quararibea,11.7,A
26.79,138.91,Cordia,,M
515.17,88.49,Drypetes,24.3,A
399.36,296.33,Hirtella,21.3,A
26.82,307.69,Drypetes,37.2,A
322.16,387.52,Cupania,10.5,A
16.4,104.91,Calophyllum,44.4,A
119.54,284.31,Drypetes,17.9,A
41.69,148.54,Cordia,110.0,A
160.07,131.32,Palaquium,79.3,A
50.2,237.56,Calophyllum,309.3,A
35.74,139.31,Inga,,M
76.69,183.48,Macaranga,48.5,A
301.18,42.12,Eugenia,,D
140.62,368.73,Cupania,11.9,A
194.53,46.16,Nectandra,10.7,A
408.3,83.24,Garcinia,59.8,A
425.12,189.8,Cordia,17.7,A
464.08,147.81,Drypetes,161.5,A
330.0,159.21,Hirtella,14.5,A
239.38,360.64,Eugenia,,D
419.44,62.31,Aglaia,81.0,A
59.25,153.47,Macaranga,15.9,A
23.99,111.8,Cordia,69.3,A
303.54,343.74,Trichilia,36.5,A
45.07,96.24,Drypetes,57.6,A
232.11,200.39,Calophyllum,18.6,A
227.88,281.07,Jacaranda,20.6,A
357.66,339.41,Calophyllum,,D
135.01,202.12,Guarea,127.6,A
91.87,310.71,Beilschmiedia,138.1,A
427.18,40.57,Eugenia,32.5,A
140.63,374.57,Aglaia,,D
403.41,30.35,Drypetes,22.0,A
496.68,47.41,Drypetes,29.7,A
180.25,36.21,Alseis,97.0,A
66.11,246.75,Drypetes,21.1,A
392.23,46.96,Inga,,D
40.38,132.42,Dipteryx,25.9,A
118.64,107.15,Inga,18.7,A
99.56,158.99,Alseis,41.4,A
229.05,229.99,Eugenia,133.9,A
182.98,207.21,Cordia,31.6,A
118.74,122.03,Alseis,13.6,A
456.9,165.36,Beilschmiedia,,D
54.05,139.1,Nectandra,96.0,A
96.95,247.93,Garcinia,12.8,A
107.88,129.54,Alseis,10.5,A
190.54,169.47,Licania,18.0,A
253.86,282.27,Alseis,122.4,A
318.28,184.8,Inga,89.0,A
355.99,318.15,Cordia,12.3,A
264.97,329.69,Nectandra,64.9,A
59.54,157.45,Hirtella,36.9,A
172.23,332.64,Beilschmiedia,34.6,A
356.51,329.54,Eugenia,15.9,A
312.88,143.61,Cordia,31.8,A
63.11,219.38,Eugenia,83.1,A
199.57,297.67,Faramea,33.1,A
176.52,138.98,Sloanea,17.1,A
242.7,279.82,Eugenia,10.9,A
203.65,259.52,Aglaia,31.1,A
28.43,170.97,Calophyllum,65.3,A
48.9,39.37,Licania,33.5,A
231.72,343.81,Eugenia,,D
336.01,50.71,Guarea,19.8,A
594.47,174.57,Knema,15.0,A
145.1,264.41,Brosimum,22.6,A
5.63,388.54,Eugenia,80.4,A
213.47,83.27,Alseis,,D
141.96,127.44,Beilschmiedia,22.0,A
184.15,197.87,Drypetes,40.7,A
34.79,146.37,Aglaia,28.8,A
482.07,29.65,Calophyllum,42.5,A
402.8,22.61,Cordia,22.8,A
146.43,308.8,Cordia,12.9,A
486.68,37.16,Drypetes,,M
241.12,264.91,Dipteryx,,D
516.91,137.79,Aglaia,,D
531.63,34.46,Drypetes,,D
393.95,68.5,Aglaia,18.6,A
311.39,3.37,Hirtella,11.9,A
215.32,83.41,Garcinia,64.5,A
423.87,155.02,Palaquium,10.7,A
360.16,74.29,Aglaia,55.6,A
454.34,164.25,Dipteryx,10.0,A
229.3,332.56,Cordia,98.5,A
110.8,35.74,Eugenia,39.4,A
397.43,99.78,Hirtella,31.9,A
282.74,346.84,Alseis,11.1,A
227.9,386.79,Calophyllum,,D
53.4,227.73,Eugenia,11.7,A
544.95,51.34,Alseis,12.5,A
211.93,205.57,Drypetes,15.3,A
187.8,211.64,Drypetes,13.0,A
294.65,336.46,Protium,76.4,A
24.85,80.61,Beilschmiedia,14.9,A
253.83,364.05,Nectandra,,D
90.93,92.25,Dipteryx,,D
83.81,332.4,Hirtella,55.9,A
242.02,178.25,Alseis,20.5,A
424.12,27.35,Beilschmiedia,10.4,A
250.79,269.7,Beilschmiedia,15.2,A
203.72,354.29,Aglaia,16.3,A
459.77,48.65,Eugenia,17.1,A
380.22,151.68,Calophyllum,478.0,A
15.93,169.92,Aglaia,133.5,A
385.82,382.46,Tetragastris,49.3,A
441.57,75.08,Eugenia,24.0,A
579.98,91.17,Beilschmiedia,125.0,A
458.04,159.82,Calophyllum,63.1,A
244.6,240.04,Protium,98.7,A
132.33,138.53,Beilschmiedia,210.9,A
368.06,219.82,Cordia,36.0,A
203.74,247.06,Beilschmiedia,17.7,A
231.04,312.03,Aglaia,146.5,A
121.24,164.38,Calophyllum,11.5,A
318.31,247.59,Faramea,48.3,A
519.24,154.31,Calophyllum,11.9,A
96.94,335.87,Aglaia,13.4,A
103.58,281.89,Calophyllum,79.7,A
93.64,231.52,Dipteryx,,M
180.21,216.42,Alseis,37.8,A
52.79,147.11,Virola,19.2,A
95.6,110.52,Inga,11.7,A
238.75,360.01,Alseis,10.7,A
205.2,247.51,Beilschmiedia,19.5,A
104.1,180.23,Cordia,55.3,A
237.11,64.1,Garcinia,41.4,A
263.11,259.46,Jacaranda,87.9,A
205.85,47.34,Alseis,18.7,A
235.92,276.52,Beilschmiedia,24.0,A
42.7,345.5,Aglaia,20.2,A
304.45,90.98,Aglaia,100.4,A
508.83,182.16,Cordia,,M
469.72,46.91,Eugenia,10.6,A
391.21,232.43,Garcinia,161.6,A
267.72,170.83,Cordia,19.4,A
381.91,363.96,Tetragastris,13.8,A
334.91,35.71,Swartzia,343.6,A
495.36,27.24,Eugenia,29.6,A
472.88,28.02,Beilschmiedia,,D
81.89,181.31,Alseis,93.9,A
279.95,345.15,Aglaia,30.4,A
102.79,134.6,Drypetes,38.0,A
393.71,399.26,Tetragastris,72.8,A
530.86,68.15,Ocotea,17.5,A
62.2,6.55,Cordia,47.5,A
28.7,11.74,Garcinia,18.4,A
299.31,196.39,Cordia,72.1,A
285.72,313.13,Dipteryx,294.9,A
404.23,102.74,Aglaia,15.7,A
161.83,341.9,Faramea,41.4,A
385.61,197.73,Jacaranda,67.5,A
307.44,368.79,Alseis,16.6,A
207.97,330.79,Cordia,,D
379.07,236.22,Beilschmiedia,12.6,A
397.97,3.4,Alseis,55.5,A
146.48,317.42,Jacaranda,10.8,A
93.22,386.69,Garcinia,42.7,A
414.8,138.59,Calophyllum,39.7,A
528.64,110.38,Guarea,321.8,A
431.21,77.56,Guarea,129.6,A
382.7,70.62,Aglaia,26.3,A
190.15,306.85,Faramea,17.1,A
234.71,112.91,Ocotea,,D
11.32,246.64,Alseis,38.5,A
351.81,30.45,Alseis,141.6,A
349.57,250.27,Shorea,14.4,A
469.58,59.61,Eugenia,23.2,A
431.17,115.06,Protium,229.8,A
340.53,333.26,Calophyllum,83.8,A
395.88,342.47,Aglaia,29.5,A
72.75,249.84,Aglaia,98.7,A
244.86,340.2,Jacaranda,31.1,A
47.92,344.49,Aglaia,159.5,A
103.73,291.82,Ocotea,24.1,A
374.22,75.2,Alseis,12.2,A
333.21,79.85,Calophyllum,208.1,A
553.16,169.04,Faramea,630.4,A
233.36,305.44,Faramea,105.3,A
355.32,210.91,Macaranga,11.7,A
219.34,74.9,Nectandra,17.7,A
538.27,65.6,Macaranga,10.7,A
137.73,256.84,Alseis,82.1,A
257.01,248.27,Cordia,10.9,A
521.38,100.51,Aglaia,13.6,A
110.41,166.76,Calophyllum,12.9,A
107.42,142.56,Jacaranda,300.2,A
240.81,337.52,Beilschmiedia,67.8,A
64.45,299.82,Dipteryx,33.0,A
420.13,63.93,Aglaia,12.9,A
417.93,137.77,Macaranga,24.1,A
423.17,181.33,Eugenia,13.1,A
81.94,369.67,Dipteryx,61.7,A
432.87,194.34,Alseis,25.6,A
194.51,115.9,Aglaia,94.8,A
151.53,95.04,Guarea,241.2,A
345.48,124.79,Guarea,12.7,A
277.71,172.49,Knema,181.2,A
107.75,292.07,Knema,70.8,A
285.05,167.45,Cordia,125.4,A
136.05,278.58,Garcinia,144.5,A
371.74,41.34,Macaranga,97.1,A
6.68,87.97,Beilschmiedia,18.4,A
246.6,228.66,Garcinia,137.5,A
215.17,5.21,Calophyllum,36.2,A
315.89,32.24,Aglaia,15.0,A
118.4,50.71,Swartzia,25.6,A
203.18,313.63,Diospyros,20.8,A
112.94,142.49,Protium,13.4,A
167.02,377.4,Cupania,11.6,A
122.97,75.22,Dipteryx,17.0,A
8.0,140.96,Aglaia,10.2,A
574.19,42.08,Aglaia,28.6,A
144.68,305.9,Aglaia,11.4,A
406.13,35.21,Calophyllum,34.4,A
265.41,156.7,Faramea,261.5,A
189.22,280.36,Aglaia,27.0,A
18.62,83.77,Beilschmiedia,167.3,A
169.89,283.35,Dipteryx,223.4,A
101.2,159.52,Alseis,157.6,A
76.57,347.3,Jacaranda,10.6,A
40.71,371.24,Beilschmiedia,15.1,A
155.78,18.3,Alseis,212.2,A
289.55,156.46,Beilschmiedia,28.5,A
419.15,149.79,Calophyllum,16.0,A
140.6,186.15,Cordia,19.2,A
106.91,19.55,Licania,50.5,A
12.51,218.64,Cordia,15.7,A
348.19,49.48,Drypetes,490.7,A
514.97,43.69,Guarea,70.9,A
157.51,49.91,Shorea,61.2,A
209.69,118.07,Garcinia,23.2,A
147.71,251.86,Macaranga,25.6,A
108.59,272.07,Garcinia,10.7,A
288.11,327.89,Nectandra,43.0,A
424.49,149.79,Nectandra,20.8,A
217.2,206.54,Eugenia,10.1,A
418.48,36.74,Garcinia,195.7,A
319.0,160.03,Dipteryx,85.7,A
303.89,131.71,Inga,,D
427.03,30.86,Cordia,13.5,A
227.66,254.48,Beilschmiedia,16.1,A
472.65,174.09,Drypetes,27.2,A
547.48,192.42,Faramea,,D
49.72,244.98,Calophyllum,58.5,A
65.71,234.29,Dipteryx,63.5,A
419.47,189.49,Eugenia,11.0,A
153.91,218.16,Alseis,19.7,A
186.94,188.1,Calophyllum,423.5,A
515.9,60.48,Guarea,16.1,A
211.98,191.52,Alseis,66.5,A
148.38,352.0,Cordia,13.6,A
56.46,223.31,Eugenia,16.7,A
107.95,142.54,Jacaranda,10.9,A
112.08,391.49,Beilschmiedia,15.8,A
565.9,176.21,Guarea,28.6,A
51.05,305.52,Alseis,42.4,A
332.16,338.87,Swartzia,19.7,A
426.45,62.02,Alseis,,M
127.36,133.31,Beilschmiedia,19.0,A
249.87,340.22,Dipteryx,,D
59.37,309.14,Aglaia,46.7,A
40.75,202.27,Calophyllum,13.1,A
90.26,76.85,Quararibea,10.2,A
533.98,126.21,Aglaia,43.4,A
137.36,54.74,Alseis,26.6,A
149.97,213.7,Dipteryx,418.7,A
111.61,51.83,Aglaia,17.8,A
10.37,360.78,Beilschmiedia,73.3,A
67.01,229.23,Drypetes,61.0,A
436.79,33.83,Beilschmiedia,20.7,A
29.23,172.94,Guarea,15.7,A
294.12,246.7,Cordia,12.6,A
6.03,224.78,Faramea,222.5,A
140.78,162.31,Guarea,19.4,A
39.07,300.85,Knema,11.6,A
436.62,75.69,Aglaia,43.8,A
189.33,378.41,Cordia,19.0,A
144.17,188.92,Faramea,64.0,A
517.28,164.02,Shorea,22.3,A
108.97,244.57,Palaquium,64.2,A
533.36,186.41,Beilschmiedia,22.7,A
208.91,369.27,Cordia,71.8,A
69.13,59.48,Alseis,197.9,A
137.96,119.88,Beilschmiedia,108.8,A
402.71,129.97,Alseis,12.6,A
537.63,179.68,Beilschmiedia,23.5,A
564.64,190.62,Guarea,13.4,A
132.63,107.5,Garcinia,115.3,A
4.07,212.71,Anacardium,,D
127.05,171.44,Aglaia,14.8,A
258.65,216.73,Garcinia,36.6,A
155.49,336.1,Drypetes,,D
582.97,98.99,Alseis,16.0,A
233.7,264.11,Eugenia,28.8,A
255.78,1.07,Faramea,120.6,A
111.51,186.35,Jacaranda,54.8,A
184.75,304.22,Drypetes,100.8,A
399.34,20.38,Inga,29.8,A
272.93,295.97,Cordia,48.3,A
384.72,63.47,Nectandra,43.0,A
36.57,261.77,Cordia,10.8,A
367.42,236.26,Beilschmiedia,14.1,A
344.05,169.35,Protium,14.9,A
359.81,97.47,Hirtella,19.5,A
237.43,84.08,Sloanea,16.1,A
69.52,90.55,Guarea,32.8,A
45.66,192.83,Aglaia,14.6,A
181.34,329.03,Faramea,,D
94.46,226.69,Dipteryx,206.4,A
490.65,91.35,Hirtella,24.9,A
257.17,331.24,Aglaia,25.5,A
242.34,122.34,Beilschmiedia,55.9,A
235.97,316.95,Eugenia,,D
182.21,389.71,Calophyllum,150.9,A
277.72,291.2,Calophyllum,76.3,A
156.97,14.74,Calophyllum,57.8,A
211.7,112.66,Garcinia,108.2,A
203.2,54.55,Cordia,11.7,A
28.4,103.25,Alseis,,D
254.98,162.19,Alseis,192.9,A
170.59,40.72,Jacaranda,,D
568.4,67.18,Beilschmiedia,15.8,A
176.87,203.76,Aglaia,,D
81.01,224.14,Eugenia,104.8,A
369.4,62.03,Macaranga,75.8,A
79.31,91.28,Guarea,15.9,A
397.91,83.16,Beilschmiedia,14.2,A
219.88,114.33,Dipteryx,201.4,A
313.73,89.5,Alseis,27.7,A
315.04,104.4,Hirtella,14.5,A
35.61,370.73,Beilschmiedia,33.1,A
117.91,42.92,Eugenia,10.6,A
100.85,240.02,Macaranga,84.1,A
141.19,146.44,Alseis,53.9,A
257.74,326.12,Aglaia,109.4,A
321.2,139.96,Calophyllum,473.1,A
220.25,371.29,Aglaia,16.7,A
37.42,258.47,Calophyllum,148.0,A
409.95,73.04,Garcinia,12.8,A
211.06,43.71,Alseis,106.2,A
44.08,190.79,Calophyllum,60.6,A
525.27,147.11,Calophyllum,14.0,A
167.03,127.98,Shorea,14.8,A
191.06,178.68,Guarea,37.1,A
532.19,5.04,Calophyllum,14.6,A
200.98,207.18,Dipteryx,,D
394.28,337.86,Aglaia,23.9,A
243.81,66.19,Jacaranda,37.9,A
94.74,239.83,Cordia,15.6,A
371.62,53.03,Xylopia,51.2,A
266.79,238.35,Macaranga,31.5,A
119.17,141.46,Guarea,19.2,A
393.45,356.94,Knema,455.8,A
224.05,109.94,Jacaranda,140.8,A
476.94,122.34,Eugenia,25.1,A
303.69,30.43,Aglaia,14.7,A
187.28,377.91,Cupania,11.4,A
238.7,270.33,Eugenia,11.1,A
267.35,313.77,Aglaia,34.9,A
72.08,277.29,Guarea,,D
225.62,229.05,Hirtella,86.6,A
494.4,39.72,Licania,174.5,A
104.21,64.83,Shorea,32.7,A
320.72,342.39,Cordia,16.1,A
176.3,300.99,Drypetes,75.5,A
573.86,153.28,Faramea,110.8,A
19.67,54.38,Jacaranda,67.8,A
325.72,95.22,Nectandra,13.8,A
187.66,391.89,Swartzia,11.7,A
377.39,250.68,Aglaia,34.0,A
487.09,87.83,Beilschmiedia,31.4,A
509.74,48.27,Drypetes,31.8,A
37.03,251.98,Drypetes,150.5,A
173.84,363.82,Drypetes,13.0,A
84.92,74.55,Aglaia,41.1,A
197.44,320.74,Faramea,15.7,A
77.72,349.3,Beilschmiedia,16.1,A
60.67,142.31,Protium,292.9,A
287.34,363.87,Dipteryx,131.9,A
564.02,56.35,Faramea,465.6,A
482.88,71.64,Cordia,28.7,A
30.97,302.45,Drypetes,11.7,A
403.96,73.36,Garcinia,11.3,A
132.78,13.03,Cordia,17.4,A
532.71,27.36,Faramea,13.2,A
18.48,162.14,Inga,82.0,A
188.61,9.4,Dipteryx,101.9,A
540.64,31.21,Licania,45.4,A
283.95,9.64,Aglaia,32.5,A
84.0,108.82,Calophyllum,200.3,A
41.43,233.4,Eugenia,15.1,A
19.31,249.78,Calophyllum,77.0,A
228.45,263.62,Sloanea,38.6,A
385.72,17.54,Macaranga,34.7,A
545.68,60.83,Alseis,,D
552.76,168.21,Rinorea,28.7,A
108.91,180.33,Cordia,,D
540.09,79.86,Licania,592.8,A
528.1,174.36,Guarea,24.0,A
103.4,167.49,Alseis,115.3,A
99.49,96.44,Inga,23.8,A
41.71,276.1,Cordia,38.1,A
586.91,69.21,Eugenia,64.1,A
314.14,178.45,Inga,12.8,A
2.36,324.53,Drypetes,39.7,A
412.76,151.06,Cordia,25.8,A
365.96,328.55,Dipteryx,269.5,A
399.66,13.48,Swartzia,167.3,A
231.65,281.32,Dipteryx,20.4,A
96.59,128.57,Inga,11.0,A
147.44,281.2,Cordia,25.7,A
433.67,58.57,Inga,10.8,A
381.0,44.1,Macaranga,11.1,A
429.68,51.43,Alseis,608.1,A
250.82,303.15,Aglaia,17.7,A
409.33,191.73,Hura,,D
42.67,134.69,Inga,15.1,A
71.22,55.59,Alseis,55.5,A
118.86,179.72,Aglaia,20.5,A
154.13,162.63,Ocotea,48.7,A
439.56,32.65,Cordia,11.8,A
400.04,52.04,Inga,10.2,A
170.99,306.08,Jacaranda,36.1,A
587.33,139.6,Tetragastris,,M
355.3,367.11,Tetragastris,22.5,A
283.83,315.87,Aglaia,15.8,A
474.6,60.07,Eugenia,19.5,A
242.15,222.77,Jacaranda,60.6,A
139.34,45.25,Alseis,15.4,A
405.16,89.34,Garcinia,29.2,A
251.35,272.68,Aglaia,74.0,A
48.68,170.56,Aglaia,18.0,A
500.06,95.21,Drypetes,53.2,A
320.1,117.46,Beilschmiedia,12.8,A
207.07,333.42,Garcinia,69.2,A
285.24,204.19,Inga,14.1,A
268.48,214.27,Jacaranda,10.3,A
109.57,81.86,Dipteryx,17.9,A
279.41,35.76,Aglaia,33.3,A
228.4,165.89,Alseis,39.8,A
55.48,309.45,Garcinia,,D
477.57,48.93,Calophyllum,60.8,A
400.88,102.02,Alseis,26.8,A
558.37,92.73,Beilschmiedia,53.5,A
217.88,211.77,Swartzia,25.9,A
47.09,347.68,Aglaia,36.8,A
104.45,399.5,Beilschmiedia,30.7,A
4.77,399.14,Alseis,28.8,A
216.52,41.54,Alseis,30.4,A
120.48,339.07,Knema,35.4,A
102.49,137.38,Cordia,114.4,A
490.65,139.06,Beilschmiedia,113.3,A
306.92,294.18,Aglaia,29.4,A
8.1,84.21,Beilschmiedia,95.9,A
217.24,278.59,Jacaranda,12.9,A
66.77,224.32,Eugenia,10.9,A
71.82,61.36,Alseis,18.4,A
224.24,350.28,Macaranga,14.9,A
300.67,243.4,Cordia,12.8,A
366.77,301.65,Aglaia,93.0,A
241.15,69.42,Garcinia,16.4,A
333.4,205.14,Ocotea,,D
468.29,127.38,Guarea,27.9,A
274.28,185.42,Faramea,33.4,A
110.01,101.69,Inga,137.3,A
187.81,67.32,Protium,46.9,A
111.06,96.0,Dipteryx,15.6,A
57.89,252.8,Nectandra,149.7,A
122.56,150.47,Nectandra,85.9,A
97.55,316.77,Beilschmiedia,19.1,A
233.59,46.93,Dipteryx,13.5,A
78.05,103.38,Inga,79.0,A
126.23,267.84,Cordia,183.2,A
435.51,31.93,Beilschmiedia,18.7,A
73.48,307.26,Anacardium,14.1,A
150.92,89.89,Macaranga,10.0,A
2.12,147.46,Aglaia,38.3,A
374.37,217.33,Garcinia,10.8,A
465.49,174.15,Drypetes,16.8,A
473.4,155.51,Guarea,119.3,A
61.9,220.03,Eugenia,,D
16.88,288.6,Faramea,,D
358.33,186.17,Dipteryx,42.6,A
235.4,283.11,Guarea,17.5,A
507.5,156.29,Cordia,43.8,A
301.69,155.96,Inga,,D
67.62,293.88,Calophyllum,30.9,A
213.81,95.81,Guarea,26.5,A
83.68,342.66,Aglaia,10.4,A
138.51,154.04,Drypetes,138.0,A
476.39,122.36,Eugenia,23.1,A
239.36,338.53,Dipteryx,102.4,A
341.85,398.11,Beilschmiedia,16.4,A
62.56,79.01,Cordia,11.5,A
40.93,125.36,Virola,82.9,A
114.59,118.83,Drypetes,11.0,A
306.51,318.36,Cordia,74.3,A
565.07,174.0,Faramea,,D
199.69,69.49,Calophyllum,,M
199.73,117.2,Dipteryx,165.4,A
222.34,136.77,Cordia,10.6,A
320.41,93.3,Aglaia,19.0,A
128.82,163.31,Guarea,10.2,A
422.82,24.54,Beilschmiedia,19.0,A
438.88,129.24,Beilschmiedia,,D
201.49,312.37,Drypetes,153.8,A
56.25,165.29,Alseis,11.0,A
275.33,177.89,Swartzia,68.7,A
412.75,59.56,Inga,11.2,A
375.07,68.05,Alseis,32.7,A
224.57,304.89,Cordia,20.6,A
409.03,140.93,Cordia,80.7,A
234.39,276.88,Eugenia,11.0,A
19.75,136.43,Garcinia,,D
517.59,144.63,Cordia,46.3,A
90.52,234.55,Nectandra,10.6,A
34.25,349.83,Beilschmiedia,34.3,A
349.69,269.87,Calophyllum,,D
186.35,311.22,Drypetes,35.7,A
17.42,296.82,Drypetes,195.0,A
7.37,266.04,Eugenia,13.7,A
489.08,125.22,Eugenia,23.3,A
228.35,320.36,Aglaia,33.8,A
372.1,77.46,Drypetes,55.9,A
225.59,351.86,Eugenia,35.0,A
36.59,271.59,Eugenia,16.2,A
154.12,115.25,Nectandra,81.6,A
215.96,135.59,Dipteryx,10.7,A
129.28,369.67,Dipteryx,52.6,A
466.26,40.92,Drypetes,202.4,A
128.2,22.82,Protium,27.8,A
494.82,56.06,Licania,201.0,A
128.24,106.78,Dipteryx,169.8,A
213.98,319.17,Cordia,,D
371.46,63.0,Garcinia,,D
151.81,103.83,Inga,75.4,A
62.18,155.66,Drypetes,33.5,A
358.81,18.69,Calophyllum,72.5,A
201.57,153.93,Aglaia,17.7,A
353.17,349.36,Aglaia,38.0,A
49.77,25.56,Licania,80.2,A
188.4,353.62,Aglaia,11.6,A
204.56,101.41,Aglaia,37.3,A
170.73,42.41,Cordia,14.0,A
183.8,202.62,Licania,244.5,A
92.16,103.81,Drypetes,315.6,A
74.85,230.92,Drypetes,77.1,A
127.07,113.96,Calophyllum,10.0,A
275.74,333.45,Aglaia,42.4,A
55.16,240.49,Drypetes,14.3,A
226.69,131.86,Dipteryx,,D
248.61,124.56,Beilschmiedia,104.5,A
356.87,387.06,Calophyllum,53.8,A
155.33,10.66,Alseis,12.5,A
433.16,145.93,Beilschmiedia,15.6,A
121.4,249.75,Garcinia,287.2,A
394.73,227.15,Eugenia,34.3,A
35.5,20.46,Hirtella,72.9,A
239.84,334.11,Beilschmiedia,10.3,A
518.37,171.03,Calophyllum,21.1,A
52.75,217.61,Calophyllum,495.9,A
298.0,199.55,Garcinia,11.5,A
386.97,328.08,Aglaia,22.8,A
109.42,17.06,Aglaia,26.3,A
567.33,73.11,Aglaia,16.3,A
55.3,219.06,Hirtella,103.5,A
557.37,161.32,Beilschmiedia,,D
213.32,61.34,Cordia,13.6,A
16.24,216.47,Macaranga,,D
455.33,60.2,Eugenia,16.3,A
269.97,265.37,Aglaia,15.6,A
210.88,372.14,Aglaia,10.1,A
330.3,329.46,Nectandra,13.1,A
161.57,235.17,Alseis,38.0,A
84.24,37.52,Aglaia,20.1,A
78.14,309.65,Dipteryx,,D
559.63,48.62,Aglaia,45.7,A
53.15,201.94,Alseis,43.8,A
60.05,329.7,Aglaia,10.1,A
536.08,51.6,Dipteryx,19.5,A
385.84,250.43,Garcinia,12.3,A
116.79,47.19,Aglaia,13.4,A
504.55,133.56,Hirtella,205.0,A
203.92,175.22,Guarea,,D
167.38,264.2,Faramea,221.0,A
258.91,285.42,Garcinia,15.0,A
569.33,145.34,Faramea,,D
124.98,117.7,Inga,47.0,A
346.26,68.51,Aglaia,,D
340.35,386.6,Cupania,15.6,A
179.75,362.76,Cupania,,D
53.6,330.4,Garcinia,41.1,A
323.81,397.11,Cupania,18.2,A
146.2,12.94,Hirtella,38.6,A
23.89,173.27,Inga,40.1,A
29.24,163.26,Inga,13.3,A
132.3,366.31,Aglaia,38.8,A
133.87,163.46,Calophyllum,17.8,A
46.54,261.31,Eugenia,32.4,A
326.12,138.95,Shorea,35.2,A
511.85,56.62,Drypetes,11.4,A
104.52,42.58,Rinorea,17.2,A
139.36,311.63,Guarea,35.6,A
154.53,360.9,Guarea,336.2,A
388.85,337.63,Knema,60.9,A
217.65,248.81,Aglaia,21.7,A
585.11,28.05,Calophyllum,12.5,A
241.84,118.56,Guarea,14.3,A
63.81,333.0,Garcinia,,D
354.79,181.33,Faramea,52.0,A
407.94,192.38,Macaranga,38.4,A
526.83,194.81,Eugenia,10.3,A
59.84,305.54,Calophyllum,,D
469.61,78.85,Licania,84.4,A
244.62,249.54,Jacaranda,21.3,A
215.3,300.27,Aglaia,107.0,A
93.23,278.37,Swartzia,,D
291.15,172.94,Beilschmiedia,12.9,A
127.95,133.25,Beilschmiedia,21.4,A
87.27,27.73,Eugenia,11.6,A
385.02,20.2,Xylopia,39.2,A
149.13,203.91,Jacaranda,11.1,A
47.64,120.34,Shorea,27.3,A
196.16,135.01,Aglaia,58.3,A
289.32,211.19,Quararibea,26.8,A
398.3,68.89,Aglaia,103.7,A
337.03,289.12,Cordia,95.4,A
308.53,213.11,Inga,38.2,A
580.34,91.04,Beilschmiedia,201.0,A
278.02,170.19,Trichilia,66.7,A
473.03,173.31,Drypetes,26.0,A
131.3,196.08,Dipteryx,28.8,A
393.6,189.47,Calophyllum,87.5,A
207.22,232.55,Aglaia,,M
243.15,80.81,Macaranga,19.7,A
363.92,39.46,Alseis,107.1,A
74.87,282.92,Drypetes,24.1,A
433.55,178.02,Eugenia,13.0,A
177.59,196.82,Palaquium,14.7,A
114.77,138.97,Alseis,20.3,A
78.27,160.96,Alseis,22.2,A
4.12,92.76,Cordia,,D
287.59,290.57,Calophyllum,16.2,A
202.24,238.55,Beilschmiedia,28.7,A
107.7,272.92,Garcinia,24.4,A
346.34,225.27,Dipteryx,184.3,A
269.18,238.84,Nectandra,197.3,A
0.67,147.06,Aglaia,13.7,A
405.79,161.95,Palaquium,34.4,A
514.29,95.37,Jacaranda,11.6,A
236.96,30.54,Jacaranda,,D
28.31,399.6,Alseis,31.4,A
578.22,92.26,Beilschmiedia,12.0,A
539.12,8.44,Faramea,20.4,A
249.08,308.03,Eugenia,47.9,A
489.63,10.8,Eugenia,14.3,A
447.91,47.56,Drypetes,82.3,A
163.31,210.99,Palaquium,300.8,A
223.1,175.11,Protium,64.6,A
545.94,117.72,Aglaia,18.0,A
540.06,106.6,Aglaia,18.1,A
592.91,72.23,Cordia,102.9,A
297.79,308.49,Nectandra,20.7,A
98.41,148.51,Protium,23.0,A
385.61,19.54,Dipteryx,258.1,A
127.32,76.03,Jacaranda,11.3,A
318.1,154.14,Cordia,43.9,A
363.92,367.63,Aglaia,10.8,A
398.9,68.88,Garcinia,10.3,A
11.23,22.48,Licania,,D
372.35,68.48,Ocotea,16.2,A
64.61,253.41,Drypetes,13.6,A
426.11,66.06,Calophyllum,21.0,A
202.83,161.35,Nectandra,,D
320.47,114.3,Beilschmiedia,29.0,A
513.38,70.0,Guarea,318.9,A
84.01,145.33,Gustavia,11.9,A
363.29,146.22,Hirtella,197.9,A
32.56,42.78,Erythroxylum,45.2,A
187.75,352.44,Rinorea,34.7,A
420.51,192.17,Alseis,40.3,A
309.19,228.69,Faramea,29.4,A
392.78,79.94,Dipteryx,13.5,A
527.47,162.2,Calophyllum,41.0,A
590.19,136.64,Xylopia,,D
9.71,257.04,Eugenia,,D
324.28,150.03,Knema,13.2,A
395.1,226.89,Calophyllum,218.4,A
110.22,60.84,Aglaia,17.0,A
6.18,212.97,Alseis,21.5,A
407.89,67.06,Aglaia,15.4,A
523.65,137.18,Aglaia,61.5,A
255.48,158.89,Calophyllum,807.0,A
65.0,123.08,Palaquium,22.4,A
235.03,280.64,Garcinia,59.6,A
9.32,3.69,Shorea,23.1,A
364.11,35.18,Drypetes,,D
84.9,351.27,Beilschmiedia,14.5,A
9.35,146.02,Dipteryx,,D
54.56,113.58,Cordia,84.5,A
171.64,229.39,Dipteryx,23.4,A
388.86,49.89,Drypetes,79.3,A
74.07,19.26,Jacaranda,10.5,A
477.44,84.2,Licania,413.5,A
367.79,85.73,Aglaia,29.4,A
199.58,205.23,Drypetes,14.1,A
374.5,143.67,Cordia,16.8,A
380.0,246.97,Beilschmiedia,110.3,A
113.54,214.36,Eugenia,38.5,A
418.46,76.58,Guarea,78.9,A
310.41,305.32,Aglaia,117.6,A
166.1,217.69,Drypetes,11.2,A
195.42,113.25,Protium,43.3,A
191.63,168.44,Calophyllum,13.5,A
86.55,95.38,Inga,38.9,A
356.47,393.73,Beilschmiedia,17.7,A
82.15,164.98,Alseis,,D
200.94,312.89,Drypetes,12.8,A
260.69,202.04,Jacaranda,11.0,A
7.07,374.18,Eugenia,19.2,A
248.58,15.21,Alseis,24.8,A
591.03,161.83,Tetragastris,36.6,A
314.57,111.58,Aglaia,12.5,A
107.64,239.59,Calophyllum,24.1,A
330.86,15.95,Aglaia,16.2,A
182.3,370.15,Faramea,419.9,A
330.73,231.84,Hirtella,10.9,A
204.24,213.3,Garcinia,10.1,A
192.6,210.65,Garcinia,17.5,A
389.91,281.94,Macaranga,121.7,A
147.63,330.14,Knema,113.4,A
217.26,384.46,Cordia,,M
459.02,59.86,Cordia,63.8,A
75.7,9.41,Cordia,10.1,A
377.36,347.82,Ocotea,44.8,A
443.06,38.45,Garcinia,22.8,A
309.66,59.4,Anacardium,62.0,A
169.77,32.09,Alseis,12.7,A
182.84,233.41,Garcinia,14.3,A
265.53,225.83,Quararibea,70.6,A
241.32,62.91,Calophyllum,106.4,A
84.15,267.14,Rinorea,24.8,A
115.01,18.98,Alseis,20.1,A
515.6,61.73,Faramea,189.6,A
147.35,82.66,Calophyllum,10.2,A
562.99,44.44,Calophyllum,34.8,A
588.38,159.27,Faramea,19.2,A
314.08,75.77,Knema,39.7,A
553.84,117.2,Aglaia,,M
536.51,28.43,Licania,24.8,A
101.06,194.55,Guarea,15.3,A
81.18,95.46,Alseis,57.8,A
30.71,129.46,Hirtella,11.4,A
171.36,263.53,Aglaia,49.5,A
409.23,163.05,Cordia,77.8,A
438.7,163.85,Cordia,12.0,A
347.15,374.32,Aglaia,75.6,A
182.68,149.35,Hirtella,31.8,A
363.94,315.09,Cordia,,D
320.48,118.54,Beilschmiedia,46.4,A
507.0,25.58,Drypetes,,D
175.86,361.23,Alseis,151.1,A
241.72,174.7,Eugenia,81.4,A
574.52,72.64,Alseis,392.1,A
177.01,23.03,Alseis,100.6,A
549.97,99.47,Aglaia,160.2,A
211.31,31.93,Dipteryx,80.2,A
522.84,175.92,Beilschmiedia,22.6,A
289.32,168.13,Beilschmiedia,,D
265.0,181.2,Sloanea,45.3,A
597.84,98.76,Cordia,110.2,A
54.89,226.58,Drypetes,13.0,A
181.01,332.72,Garcinia,25.2,A
145.34,178.62,Faramea,87.3,A
94.08,39.91,Eugenia,,D
49.15,95.38,Eugenia,15.9,A
385.46,65.37,Alseis,225.5,A
163.34,130.15,Beilschmiedia,26.7,A
384.32,354.68,Guarea,22.4,A
584.87,101.92,Faramea,209.5,A
120.05,329.15,Aglaia,38.3,A
78.58,174.99,Alseis,26.7,A
11.74,376.46,Beilschmiedia,15.6,A
497.83,21.85,Guarea,99.5,A
69.05,319.78,Guarea,21.8,A
121.21,317.67,Cordia,34.8,A
292.22,0.36,Jacaranda,38.6,A
538.73,189.46,Calophyllum,169.1,A
150.73,281.68,Alseis,68.0,A
34.87,66.9,Drypetes,49.3,A
204.24,272.4,Alseis,79.5,A
327.1,204.37,Guarea,41.0,A
389.11,372.96,Tetragastris,60.2,A
193.51,43.49,Alseis,281.9,A
212.52,135.59,Alseis,185.2,A
233.71,170.78,Calophyllum,55.0,A
115.82,175.38,Dipteryx,308.1,A
436.4,134.9,Beilschmiedia,109.0,A
411.65,9.1,Drypetes,68.9,A
151.18,353.28,Eugenia,74.2,A
76.8,207.92,Jacaranda,12.6,A
190.2,29.32,Cordia,148.6,A
53.6,272.39,Calophyllum,200.4,A
142.33,120.8,Garcinia,154.8,A
221.23,329.56,Aglaia,20.6,A
215.67,0.63,Knema,759.6,A
128.94,82.76,Nectandra,12.9,A
594.58,182.29,Guarea,278.4,A
397.21,80.64,Garcinia,14.8,A
7.05,119.25,Garcinia,154.0,A
148.35,380.24,Aglaia,41.7,A
252.28,179.83,Quararibea,25.3,A
90.44,129.82,Palaquium,,D
453.52,177.38,Drypetes,162.9,A
89.36,24.61,Dipteryx,49.6,A
50.8,52.69,Erythroxylum,34.2,A
45.54,138.43,Alseis,16.0,A
381.45,70.54,Calophyllum,,D
60.4,313.18,Calophyllum,68.4,A
599.22,49.8,Alseis,53.8,A
164.5,360.74,Alseis,277.6,A
238.8,117.9,Beilschmiedia,15.2,A
27.16,361.61,Beilschmiedia,12.5,A
80.36,1.82,Anacardium,97.9,A
142.15,217.77,Faramea,93.9,A
230.18,265.51,Aglaia,11.2,A
9.46,160.67,Inga,76.7,A
5.81,389.26,Beilschmiedia,239.5,A
367.39,344.96,Eugenia,56.8,A
509.97,86.48,Drypetes,,D
418.78,32.17,Garcinia,51.7,A
350.55,160.88,Cordia,96.8,A
50.9,139.32,Alseis,89.6,A
388.85,10.83,Alseis,12.5,A
321.47,40.27,Calophyllum,27.3,A
425.72,173.92,Garcinia,,D
167.07,151.93,Palaquium,,D
316.5,72.19,Ocotea,42.4,A
45.12,244.82,Garcinia,,D
222.41,267.16,Garcinia,116.1,A
218.84,71.13,Calophyllum,57.7,A
106.58,352.32,Knema,37.5,A
53.41,259.87,Nectandra,19.4,A
248.38,270.54,Beilschmiedia,11.4,A
171.61,130.5,Dipteryx,34.6,A
184.88,208.48,Drypetes,138.1,A
185.48,13.97,Protium,10.6,A
274.91,187.33,Guarea,28.7,A
310.22,28.94,Cordia,21.1,A
14.25,190.26,Cordia,,D
425.96,126.35,Calophyllum,31.0,A
569.16,154.78,Cordia,36.0,A
192.22,229.91,Aglaia,,D
119.25,327.18,Dipteryx,51.4,A
548.61,107.2,Aglaia,32.9,A
42.09,247.22,Hirtella,97.1,A
164.8,99.17,Inga,14.2,A
397.29,53.84,Inga,47.3,A
552.95,16.37,Knema,21.7,A
129.29,134.79,Nectandra,13.9,A
72.89,199.64,Dipteryx,178.6,A
560.6,143.11,Ocotea,12.5,A
575.35,88.85,Beilschmiedia,21.2,A
457.86,145.74,Drypetes,63.1,A
149.37,121.35,Calophyllum,686.9,A
500.31,25.43,Eugenia,15.4,A
481.95,13.47,Macaranga,42.2,A
123.96,269.08,Cordia,34.9,A
552.12,190.8,Dipteryx,12.7,A
242.24,324.08,Cordia,39.3,A
515.11,116.56,Dipteryx,265.2,A
106.65,54.11,Cordia,21.4,A
105.51,270.16,Drypetes,50.5,A
211.31,261.49,Guarea,24.3,A
268.02,246.63,Beilschmiedia,162.9,A
198.25,84.78,Dipteryx,32.2,A
57.33,362.23,Quararibea,347.4,A
184.15,196.72,Garcinia,21.4,A
351.27,191.68,Shorea,31.9,A
342.39,178.91,Cordia,18.1,A
556.8,150.64,Rinorea,10.3,A
225.42,283.25,Protium,17.8,A
92.35,291.58,Knema,12.1,A
380.22,190.21,Calophyllum,,D
284.11,357.33,Cupania,24.3,A
20.89,288.44,Drypetes,14.3,A
194.13,100.38,Ocotea,41.8,A
450.34,76.23,Eugenia,117.2,A
345.33,131.46,Aglaia,18.7,A
556.51,103.18,Guarea,188.8,A
249.76,210.41,Garcinia,16.8,A
340.86,246.04,Dipteryx,314.3,A
313.79,41.07,Hirtella,45.6,A
16.67,253.72,Alseis,159.7,A
399.5,103.18,Macaranga,12.6,A
422.77,40.92,Eugenia,24.5,A
132.81,319.8,Aglaia,11.4,A
560.82,52.97,Faramea,,D
132.04,120.29,Garcinia,43.3,A
50.34,242.34,Cordia,29.8,A
491.32,32.87,Licania,95.2,A
142.76,92.31,Inga,67.8,A
239.13,92.2,Hirtella,34.4,A
326.49,187.6,Inga,91.5,A
27.14,141.18,Garcinia,29.1,A
273.67,350.18,Aglaia,20.9,A
414.38,53.56,Inga,,D
51.14,370.17,Beilschmiedia,51.5,A
105.2,124.76,Alseis,108.5,A
329.81,387.59,Beilschmiedia,72.1,A
73.23,108.52,Dipteryx,,D
250.33,206.53,Dipteryx,48.7,A
285.24,196.71,Faramea,20.6,A
219.23,341.21,Trichilia,36.6,A
469.93,44.09,Eugenia,,D
526.39,45.04,Knema,288.9,A
182.3,214.26,Garcinia,121.1,A
242.99,279.93,Eugenia,,D
78.59,314.78,Rinorea,22.1,A
492.02,174.2,Calophyllum,13.9,A
162.36,291.09,Cordia,10.8,A
221.53,176.52,Cordia,,D
83.96,6.24,Dipteryx,14.3,A
483.72,93.35,Beilschmiedia,,D
283.58,266.48,Aglaia,48.5,A
423.08,138.34,Beilschmiedia,134.7,A
94.13,394.04,Beilschmiedia,33.5,A
302.41,174.72,Faramea,18.6,A
259.87,240.51,Garcinia,182.4,A
11.86,244.13,Hirtella,34.2,A
209.7,124.97,Swartzia,11.5,A
209.48,35.5,Alseis,,D
213.07,98.93,Aglaia,24.5,A
110.15,309.0,Drypetes,46.0,A
91.55,397.75,Diospyros,,D
44.13,310.38,Alseis,175.7,A
104.27,36.17,Rinorea,35.0,A
305.88,229.92,Jacaranda,32.8,A
96.38,134.98,Alseis,,D
136.84,9.06,Alseis,22.6,A
587.29,130.35,Tetragastris,11.7,A
112.58,120.14,Alseis,214.1,A
403.89,40.27,Drypetes,19.1,A
284.29,156.78,Dipteryx,48.4,A
227.09,54.26,Hirtella,17.1,A
297.44,37.8,Aglaia,69.0,A
68.0,334.39,Cordia,14.0,A
198.58,88.12,Alseis,,D
332.04,177.49,Faramea,,D
405.37,43.78,Drypetes,26.2,A
119.36,345.38,Guarea,28.0,A
106.72,31.49,Cordia,,D
341.59,371.98,Alseis,26.4,A
48.44,118.08,Virola,48.8,A
333.98,97.43,Cecropia,222.0,A
330.58,148.88,Jacaranda,31.6,A
552.43,188.16,Calophyllum,31.9,A
22.91,257.68,Eugenia,35.0,A
413.67,164.23,Ocotea,50.8,A
176.27,159.05,Dipteryx,13.5,A
107.05,333.22,Calophyllum,48.0,A
26.88,228.31,Aglaia,,D
231.28,281.28,Diospyros,10.2,A
528.28,65.92,Dipteryx,,D
72.75,142.21,Drypetes,13.1,A
96.5,304.46,Drypetes,23.6,A
496.83,111.96,Drypetes,15.3,A
64.61,65.26,Alseis,10.6,A
396.13,253.92,Garcinia,10.4,A
46.42,311.56,Faramea,14.6,A
225.75,81.37,Eugenia,23.1,A
315.5,171.67,Calophyllum,17.2,A
517.34,69.22,Calophyllum,,D
523.08,64.75,Licania,28.4,A
135.94,314.04,Dipteryx,83.9,A
438.05,71.85,Alseis,442.7,A
558.17,114.35,Jacaranda,27.9,A
405.46,173.08,Hirtella,137.2,A
305.96,146.92,Inga,14.1,A
447.55,184.65,Calophyllum,197.3,A
433.42,190.45,Garcinia,18.2,A
114.65,109.42,Garcinia,56.6,A
193.21,247.0,Licania,18.4,A
153.44,211.23,Aglaia,28.2,A
78.11,362.88,Beilschmiedia,23.0,A
234.21,48.3,Hirtella,11.2,A
10.2,127.52,Aglaia,14.1,A
585.34,175.14,Jacaranda,10.1,A
89.79,162.12,Calophyllum,30.2,A
142.92,171.4,Faramea,83.6,A
66.29,329.54,Aglaia,72.8,A
315.15,360.61,Cordia,79.4,A
54.9,393.78,Dipteryx,148.9,A
408.52,61.98,Inga,18.7,A
105.5,124.95,Alseis,,D
74.98,111.6,Dipteryx,177.5,A
11.16,58.29,Protium,,D
520.54,178.5,Beilschmiedia,82.0,A
214.05,218.55,Drypetes,17.9,A
104.71,33.52,Alseis,171.5,A
216.4,116.59,Licania,32.9,A
149.32,175.37,Jacaranda,11.5,A
9.36,18.62,Calophyllum,409.0,A
320.28,51.59,Macaranga,84.2,A
568.75,128.61,Hura,11.5,A
54.19,100.78,Dipteryx,15.8,A
253.12,188.35,Licania,17.5,A
178.37,298.64,Guarea,308.9,A
107.09,326.72,Knema,24.1,A
432.34,186.68,Guarea,,D
111.55,290.95,Jacaranda,124.8,A
412.46,161.54,Ocotea,15.3,A
18.2,385.52,Knema,22.4,A
77.8,117.97,Palaquium,39.9,A
400.81,141.72,Aglaia,50.0,A
369.17,206.71,Alseis,,D
154.47,205.32,Palaquium,13.3,A
101.92,127.13,Alseis,,D
100.63,42.98,Aglaia,29.2,A
363.03,304.28,Hirtella,10.2,A
272.91,320.17,Cordia,58.8,A
94.96,161.16,Alseis,13.3,A
373.92,217.36,Alseis,79.7,A
528.67,101.11,Aglaia,119.8,A
481.27,151.76,Calophyllum,87.5,A
156.88,362.5,Drypetes,39.5,A
55.01,367.53,Aglaia,31.8,A
371.81,336.76,Aglaia,120.4,A
497.08,85.91,Beilschmiedia,31.8,A
236.41,181.71,Quararibea,30.5,A
369.97,57.81,Drypetes,32.9,A
29.31,203.87,Aglaia,91.0,A
340.83,260.37,Faramea,33.2,A
470.69,48.25,Xylopia,36.6,A
16.96,120.31,Knema,267.1,A
153.7,147.42,Beilschmiedia,13.2,A
510.63,143.35,Hirtella,14.2,A
57.51,194.36,Cordia,42.2,A
84.26,84.02,Alseis,25.3,A
548.58,35.87,Licania,51.9,A
94.77,209.03,Eugenia,13.0,A
76.95,331.32,Quararibea,23.3,A
226.23,197.53,Ocotea,10.0,A
140.3,87.32,Inga,159.9,A
460.33,148.4,Beilschmiedia,247.8,A
127.8,122.67,Beilschmiedia,21.7,A
496.32,109.0,Eugenia,28.4,A
80.34,213.7,Cordia,21.6,A
154.38,330.47,Aglaia,,D
178.92,306.67,Alseis,37.3,A
270.93,294.43,Calophyllum,,D
96.98,244.49,Jacaranda,11.9,A
149.38,2.81,Calophyllum,44.8,A
330.21,95.15,Cecropia,22.0,A
562.16,47.84,Licania,11.1,A
523.83,138.93,Aglaia,90.9,A
427.9,28.29,Macaranga,93.0,A
175.91,351.72,Rinorea,125.3,A
183.72,81.8,Hirtella,14.5,A
293.61,3.1,Beilschmiedia,66.5,A
425.43,126.77,Aglaia,35.4,A
422.49,47.49,Eugenia,15.3,A
161.37,23.03,Cordia,90.8,A
101.78,388.36,Beilschmiedia,,D
598.23,157.14,Tetragastris,32.8,A
590.78,79.1,Eugenia,20.5,A
430.76,93.79,Calophyllum,44.2,A
272.85,231.69,Sloanea,13.1,A
44.34,15.2,Calophyllum,12.4,A
516.12,102.9,Xylopia,16.1,A
516.51,4.14,Faramea,634.5,A
114.96,28.18,Alseis,19.3,A
127.39,30.25,Macaranga,19.4,A
103.02,140.55,Quararibea,24.2,A
171.09,392.1,Cupania,11.9,A
130.57,256.65,Alseis,98.0,A
532.38,188.83,Beilschmiedia,21.0,A
402.8,168.5,Palaquium,63.6,A
398.83,47.79,Ocotea,12.2,A
491.66,174.47,Cordia,47.7,A
388.91,104.11,Dipteryx,13.0,A
49.95,162.49,Drypetes,87.0,A
579.94,183.03,Faramea,,D
127.64,187.22,Dipteryx,15.7,A
18.73,78.59,Beilschmiedia,10.5,A
2.79,125.14,Garcinia,11.6,A
412.23,58.43,Inga,72.3,A
378.9,392.9,Tetragastris,14.6,A
102.33,36.08,Eugenia,21.2,A
194.91,329.24,Eugenia,15.4,A
270.55,167.43,Dipteryx,335.1,A
533.86,45.29,Alseis,267.0,A
351.85,86.24,Protium,28.2,A
153.69,313.1,Aglaia,58.9,A
305.7,98.33,Aglaia,77.5,A
79.38,375.1,Beilschmiedia,15.6,A
111.92,326.19,Aglaia,30.9,A
467.24,9.32,Drypetes,133.3,A
86.44,201.21,Swartzia,10.1,A
562.35,138.83,Tetragastris,167.2,A
64.49,241.33,Cordia,27.3,A
79.24,224.77,Macaranga,10.1,A
140.03,275.41,Brosimum,242.1,A
246.46,345.41,Luehea,35.4,A
40.85,161.17,Alseis,352.9,A
145.65,270.24,Brosimum,10.9,A
49.33,276.5,Drypetes,59.2,A
210.64,139.59,Hirtella,,D
167.13,198.17,Calophyllum,14.8,A
391.59,12.05,Alseis,11.6,A
290.27,157.45,Beilschmiedia,11.9,A
309.71,181.91,Inga,,D
34.96,228.55,Knema,366.0,A
274.37,219.33,Hirtella,11.8,A
393.37,117.78,Aglaia,117.5,A
403.07,34.96,Inga,100.8,A
79.4,128.37,Cordia,19.9,A
68.44,223.72,Hirtella,71.3,A
165.44,368.75,Alseis,197.1,A
222.45,361.68,Eugenia,33.7,A
482.66,80.49,Beilschmiedia,25.1,A
68.47,290.15,Cordia,,M
177.13,384.96,Guarea,75.9,A
191.1,107.48,Calophyllum,14.8,A
320.32,304.35,Alseis,,D
54.18,296.66,Aglaia,62.3,A
346.02,375.09,Alseis,30.9,A
258.64,3.62,Alseis,19.3,A
197.29,257.53,Alseis,19.0,A
134.95,303.73,Aglaia,29.0,A
123.66,136.8,Beilschmiedia,145.0,A
282.93,245.83,Faramea,109.7,A
182.58,220.65,Quararibea,14.0,A
527.73,29.07,Ocotea,53.5,A
467.89,32.48,Cordia,23.5,A
10.47,258.12,Faramea,41.2,A
2.34,158.07,Inga,227.6,A
20.42,132.38,Garcinia,164.4,A
422.66,23.79,Beilschmiedia,11.2,A
80.06,317.43,Guarea,21.0,A
516.08,7.34,Jacaranda,26.2,A
107.76,232.4,Aglaia,17.8,A
238.87,47.73,Faramea,,M
385.77,116.75,Ocotea,13.5,A
340.56,240.37,Cecropia,12.0,A
369.1,391.12,Palaquium,43.0,A
404.38,116.3,Guarea,12.0,A
101.66,289.35,Drypetes,29.2,A
382.9,70.79,Alseis,293.0,A
199.95,45.74,Alseis,29.1,A
358.0,272.23,Cordia,10.1,A
125.01,123.14,Drypetes,14.3,A
230.47,280.49,Faramea,51.6,A
295.63,264.9,Dipteryx,21.1,A
345.64,150.77,Ficus,12.0,A
42.22,127.98,Anacardium,68.4,A
478.79,106.7,Jacaranda,10.1,A
320.44,330.08,Cupania,,D
486.49,147.16,Beilschmiedia,139.1,A
510.94,44.26,Drypetes,27.7,A
223.32,332.38,Faramea,,D
195.02,291.71,Dipteryx,14.4,A
53.34,259.66,Guarea,13.1,A
207.15,362.47,Cupania,24.9,A
102.74,174.65,Dipteryx,35.9,A
392.33,72.93,Garcinia,24.0,A
61.24,124.38,Alseis,16.0,A
467.94,25.69,Calophyllum,69.1,A
102.42,395.95,Beilschmiedia,,M
188.67,324.96,Garcinia,12.0,A
199.78,393.71,Hirtella,24.7,A
95.17,300.13,Rinorea,160.1,A
244.88,75.33,Garcinia,81.1,A
345.54,343.33,Cordia,74.8,A
366.9,232.42,Garcinia,70.4,A
314.38,329.22,Aglaia,63.2,A
535.77,166.62,Beilschmiedia,16.0,A
567.26,71.45,Dipteryx,127.9,A
451.79,63.99,Licania,18.4,A
245.9,53.07,Calophyllum,40.3,A
79.03,295.13,Aglaia,13.1,A
305.16,14.97,Garcinia,18.4,A
414.47,32.81,Alseis,40.3,A
85.79,268.8,Dipteryx,22.3,A
95.57,39.79,Aglaia,19.5,A
420.38,24.48,Cordia,11.9,A
530.45,192.24,Eugenia,92.4,A
143.29,177.87,Dipteryx,19.6,A
1.02,255.47,Faramea,33.2,A
167.96,246.46,Diospyros,86.0,A
213.95,150.53,Jacaranda,,D
83.84,91.49,Anacardium,80.0,A
174.31,319.54,Dipteryx,12.7,A
568.57,90.82,Aglaia,15.5,A
533.27,48.29,Licania,14.0,A
56.0,240.08,Nectandra,54.5,A
335.54,140.42,Inga,16.6,A
260.5,231.81,Macaranga,,D
410.37,184.46,Palaquium,38.1,A
415.26,4.06,Macaranga,10.2,A
490.94,175.07,Ocotea,10.4,A
184.87,209.73,Alseis,48.3,A
432.12,129.09,Dipteryx,22.7,A
66.93,268.41,Drypetes,12.5,A
135.89,308.3,Guarea,,D
19.53,359.58,Drypetes,,D
412.4,109.61,Aglaia,37.3,A
396.02,121.79,Ficus,12.7,A
469.23,29.43,Eugenia,29.0,A
259.47,206.0,Eugenia,,D
543.46,13.45,Licania,28.5,A
6.33,6.74,Licania,68.2,A
197.23,185.73,Aglaia,26.7,A
346.34,321.17,Licania,10.3,A
98.66,52.1,Rinorea,,D
68.74,215.31,Knema,94.7,A
11.14,149.47,Xylopia,66.6,A
116.04,58.54,Aglaia,14.6,A
5.82,259.77,Alseis,,M
248.92,164.4,Eugenia,11.8,A
95.49,346.57,Dipteryx,,D
489.69,111.34,Drypetes,11.3,A
60.33,34.42,Calophyllum,443.6,A
41.31,257.73,Calophyllum,21.5,A
172.05,30.12,Alseis,16.3,A
171.24,158.18,Dipteryx,243.3,A
499.55,117.52,Dipteryx,56.5,A
187.59,295.89,Shorea,43.6,A
176.12,308.03,Nectandra,79.4,A
388.81,32.68,Calophyllum,87.9,A
222.39,92.15,Jacaranda,,D
228.23,330.85,Aglaia,14.6,A
173.87,136.7,Cordia,,D
44.09,71.89,Drypetes,15.4,A
166.49,102.17,Inga,11.9,A
360.63,334.17,Aglaia,,D
81.2,113.98,Dipteryx,20.6,A
330.4,94.68,Aglaia,32.1,A
428.86,147.14,Beilschmiedia,,D
69.5,305.55,Calophyllum,12.2,A
52.19,242.53,Macaranga,,D
571.79,27.81,Swartzia,451.4,A
282.68,2.23,Beilschmiedia,129.3,A
251.27,200.16,Garcinia,12.0,A
34.15,175.22,Alseis,85.4,A
46.88,300.14,Aglaia,29.9,A
424.5,52.74,Inga,18.8,A
202.39,391.96,Alseis,24.7,A
398.16,135.53,Calophyllum,,D
4.72,103.98,Calophyllum,25.7,A
288.12,198.76,Trichilia,44.7,A
383.49,81.63,Beilschmiedia,,D
44.04,146.03,Drypetes,118.5,A
373.54,330.26,Tetragastris,,D
414.34,45.3,Alseis,25.3,A
31.13,41.58,Guarea,,D
247.39,268.24,Aglaia,10.9,A
16.77,79.05,Beilschmiedia,,D
91.15,397.17,Beilschmiedia,11.7,A
312.5,195.01,Inga,18.3,A
107.96,261.88,Guarea,14.3,A
90.6,329.54,Knema,14.9,A
248.25,320.79,Aglaia,25.7,A
380.19,203.85,Eugenia,21.2,A
11.18,83.43,Beilschmiedia,238.9,A
128.82,188.8,Faramea,14.9,A
282.04,390.52,Dipteryx,99.8,A
422.53,130.27,Beilschmiedia,14.5,A
94.54,171.75,Macaranga,93.1,A
33.81,219.83,Drypetes,,D
173.58,142.54,Aglaia,82.7,A
231.63,246.65,Aglaia,35.5,A
459.03,84.35,Ocotea,47.0,A
176.97,320.06,Cordia,10.5,A
236.16,377.24,Alseis,122.9,A
370.39,12.4,Calophyllum,70.7,A
381.78,38.96,Inga,26.4,A
311.22,207.07,Garcinia,12.4,A
278.04,209.02,Eugenia,138.2,A
400.34,37.15,Alseis,10.8,A
247.52,73.77,Faramea,71.9,A
52.88,0.45,Calophyllum,22.1,A
102.98,111.36,Jacaranda,11.9,A
380.22,356.79,Alseis,16.2,A
160.17,76.2,Protium,17.3,A
245.01,223.67,Faramea,12.3,A
67.39,55.76,Aglaia,,M
364.96,237.14,Cecropia,93.9,A
92.8,291.3,Drypetes,,D
92.32,211.92,Nectandra,16.5,A
265.19,299.94,Calophyllum,347.3,A
527.03,179.91,Beilschmiedia,66.9,A
576.03,52.89,Knema,35.6,A
104.4,81.28,Dipteryx,31.8,A
462.71,62.91,Beilschmiedia,33.9,A
553.01,22.34,Faramea,18.9,A
50.12,133.23,Alseis,56.3,A
515.26,147.44,Dipteryx,31.1,A
101.88,140.73,Cordia,36.4,A
164.0,325.44,Dipteryx,,D
166.55,363.41,Trichilia,10.3,A
85.37,304.24,Beilschmiedia,13.1,A
33.19,370.98,Drypetes,26.4,A
238.99,167.42,Alseis,77.3,A
80.23,330.22,Aglaia,,M
261.13,3.65,Dipteryx,37.1,A
197.05,224.37,Drypetes,43.5,A
450.72,32.66,Eugenia,22.1,A
455.57,179.18,Eugenia,14.8,A
298.79,40.93,Eugenia,,D
305.44,360.58,Aglaia,43.8,A
102.47,127.12,Alseis,27.7,A
172.29,147.62,Protium,47.4,A
381.04,391.5,Tetragastris,,D
279.61,332.92,Alseis,30.9,A
313.6,43.92,Jacaranda,22.2,A
125.74,354.75,Cordia,49.1,A
91.95,253.06,Knema,,D
241.89,287.4,Nectandra,,D
185.14,136.69,Quararibea,66.1,A
411.11,86.0,Beilschmiedia,212.8,A
393.45,24.94,Inga,33.7,A
175.81,38.22,Dipteryx,43.2,A
409.84,80.77,Jacaranda,10.1,A
113.7,50.57,Aglaia,28.3,A
35.4,252.3,Guarea,24.1,A
83.29,221.26,Cordia,12.2,A
163.29,209.53,Palaquium,23.6,A
359.62,142.19,Eugenia,20.5,A
217.49,219.6,Nectandra,16.5,A
216.36,219.19,Dipteryx,124.4,A
348.77,399.46,Beilschmiedia,16.4,A
218.37,293.55,Knema,232.0,A
356.45,223.49,Guarea,11.0,A
467.52,88.07,Calophyllum,76.7,A
395.11,47.15,Inga,24.0,A
206.48,205.8,Aglaia,15.8,A
344.58,28.92,Alseis,76.1,A
292.67,164.15,Calophyllum,249.0,A
56.19,126.33,Cordia,44.1,A
398.24,135.12,Calophyllum,517.3,A
252.7,177.46,Eugenia,20.0,A
185.6,238.63,Aglaia,16.2,A
298.4,10.45,Guarea,109.9,A
110.78,217.51,Cordia,19.4,A
401.94,125.57,Aglaia,20.6,A
560.45,93.71,Beilschmiedia,17.9,A
328.37,9.43,Garcinia,19.7,A
337.36,37.33,Dipteryx,43.8,A
149.1,81.2,Dipteryx,122.1,A
249.91,340.0,Beilschmiedia,15.9,A
98.42,268.41,Alseis,149.9,A
318.41,247.47,Cordia,11.8,A
36.78,370.87,Beilschmiedia,19.5,A
545.73,46.84,Alseis,81.4,A
189.31,123.15,Macaranga,10.3,A
109.09,371.82,Quararibea,11.3,A
514.76,52.14,Faramea,28.0,A
163.92,132.51,Palaquium,,D
415.38,138.04,Beilschmiedia,159.3,A
160.75,208.24,Alseis,57.7,A
135.63,242.97,Hirtella,16.1,A
579.81,28.16,Jacaranda,88.2,A
375.81,366.04,Dipteryx,18.9,A
300.07,217.55,Garcinia,79.5,A
305.75,264.72,Cordia,11.9,A
285.14,2.4,Beilschmiedia,196.6,A
146.69,257.47,Alseis,15.0,A
192.64,134.0,Aglaia,47.7,A
29.7,200.87,Macaranga,76.0,A
398.25,364.23,Tetragastris,16.8,A
28.11,82.34,Beilschmiedia,11.3,A
107.56,99.14,Alseis,15.3,A
320.72,172.55,Faramea,12.2,A
19.67,137.39,Garcinia,10.8,A
404.0,4.51,Calophyllum,10.6,A
143.8,145.74,Beilschmiedia,11.9,A
549.3,140.73,Guarea,14.7,A
206.83,248.91,Beilschmiedia,55.0,A
581.85,137.11,Xylopia,11.0,A
98.89,220.15,Aglaia,99.7,A
46.29,209.54,Aglaia,63.7,A
15.62,254.95,Calophyllum,69.0,A
244.83,234.81,Nectandra,29.3,A
112.56,377.26,Garcinia,20.8,A
159.52,312.6,Drypetes,202.1,A
311.53,164.44,Inga,14.8,A
496.89,137.19,Beilschmiedia,11.9,A
331.36,318.15,Alseis,46.0,A
167.48,378.86,Alseis,252.4,A
256.9,178.71,Faramea,21.3,A
149.88,159.23,Hirtella,16.5,A
360.92,333.37,Alseis,10.8,A
201.43,323.65,Cordia,29.0,A
105.47,277.13,Macaranga,,D
120.41,391.5,Guarea,28.5,A
31.44,116.05,Alseis,28.1,A
200.52,55.22,Dipteryx,98.1,A
231.05,33.21,Jacaranda,102.9,A
112.71,339.77,Calophyllum,29.0,A
499.6,77.02,Cordia,23.6,A
366.89,254.65,Aglaia,28.4,A
202.51,104.09,Garcinia,309.0,A
285.21,4.68,Beilschmiedia,14.8,A
238.57,180.88,Alseis,266.8,A
219.18,66.18,Alseis,71.4,A
15.02,53.87,Erythroxylum,12.4,A
15.2,183.16,Calophyllum,58.4,A
372.39,136.15,Nectandra,31.0,A
190.21,60.34,Cordia,42.0,A
149.99,217.48,Faramea,13.8,A
37.2,136.02,Virola,,D
96.68,389.87,Beilschmiedia,125.8,A
63.86,349.97,Garcinia,73.5,A
374.19,88.33,Protium,41.3,A
430.54,28.57,Licania,17.4,A
357.4,343.11,Eugenia,13.8,A
66.72,321.6,Dipteryx,12.7,A
213.98,341.52,Faramea,11.9,A
383.58,382.99,Dipteryx,24.2,A
124.02,211.21,Cordia,,D
244.46,356.21,Cordia,84.4,A
569.86,102.6,Faramea,17.4,A
285.43,8.77,Dipteryx,162.4,A
196.11,239.98,Quararibea,260.4,A
594.5,53.44,Alseis,,D
297.16,259.03,Aglaia,11.9,A
259.94,187.1,Calophyllum,601.5,A
112.61,214.33,Rinorea,57.4,A
135.83,292.2,Jacaranda,13.6,A
144.58,188.61,Nectandra,41.4,A
128.63,93.68,Garcinia,24.6,A
488.86,16.16,Drypetes,11.5,A
122.16,226.61,Cordia,35.3,A
195.9,192.74,Aglaia,,D
467.75,174.46,Eugenia,98.5,A
135.62,76.82,Ocotea,112.7,A
13.45,181.47,Cordia,77.8,A
17.51,116.51,Nectandra,37.7,A
363.88,202.54,Dipteryx,10.6,A
211.05,94.36,Calophyllum,28.0,A
8.9,189.89,Guarea,26.9,A
163.57,389.97,Cupania,13.3,A
98.37,185.78,Calophyllum,539.4,A
146.5,254.86,Alseis,,D
401.93,178.04,Dipteryx,18.1,A
533.81,128.03,Aglaia,29.2,A
218.69,39.84,Faramea,180.8,A
230.84,164.01,Alseis,251.5,A
110.21,81.11,Alseis,159.3,A
140.03,222.53,Drypetes,19.3,A
21.32,73.09,Drypetes,12.7,A
4.57,355.3,Alseis,11.0,A
20.81,136.05,Aglaia,22.3,A
198.8,259.37,Cordia,10.0,A
101.22,248.26,Cordia,37.7,A
238.79,116.4,Cordia,21.1,A
171.13,197.16,Drypetes,37.3,A
521.52,75.28,Calophyllum,160.6,A
538.87,182.13,Beilschmiedia,127.1,A
392.85,124.29,Aglaia,,D
294.51,182.5,Faramea,,M
518.33,145.49,Aglaia,,D
58.05,121.33,Alseis,48.3,A
71.81,277.11,Guarea,11.4,A
193.99,341.51,Eugenia,27.0,A
230.66,337.24,Dipteryx,18.6,A
439.62,92.93,Eugenia,11.9,A
233.82,368.5,Alseis,199.2,A
482.98,150.53,Cordia,21.8,A
45.57,118.87,Alseis,13.2,A
98.53,224.77,Aglaia,37.3,A
229.52,175.34,Alseis,20.6,A
27.86,82.11,Beilschmiedia,,D
13.17,298.34,Faramea,26.9,A
178.66,282.37,Calophyllum,20.9,A
267.2,373.14,Calophyllum,419.6,A
217.35,147.5,Hirtella,106.4,A
43.05,151.03,Virola,33.1,A
192.3,107.44,Licania,20.5,A
159.07,317.48,Knema,239.5,A
52.0,212.37,Alseis,25.1,A
344.05,116.83,Aglaia,53.4,A
117.55,336.61,Aglaia,,D
155.89,378.59,Cupania,49.5,A
206.3,270.66,Calophyllum,26.1,A
86.54,235.12,Calophyllum,113.5,A
90.98,265.44,Alseis,28.0,A
514.91,144.79,Aglaia,25.8,A
78.46,104.53,Palaquium,15.1,A
39.74,198.93,Aglaia,23.3,A
502.32,31.73,Faramea,22.0,A
239.64,309.78,Shorea,15.9,A
252.35,16.33,Ocotea,95.8,A
69.6,136.17,Drypetes,35.1,A
215.31,237.74,Guarea,63.4,A
533.19,181.8,Beilschmiedia,119.3,A
236.41,111.56,Jacaranda,19.1,A
366.8,331.09,Macaranga,51.8,A
144.93,89.15,Inga,69.8,A
101.72,187.42,Calophyllum,126.0,A
79.36,45.43,Calophyllum,207.1,A
399.86,61.39,Inga,16.3,A
6.99,200.16,Alseis,40.0,A
369.41,196.25,Alseis,44.0,A
451.46,55.77,Beilschmiedia,37.3,A
126.68,336.42,Cordia,152.8,A
376.66,184.85,Swartzia,11.1,A
424.83,51.56,Alseis,37.8,A
289.51,162.38,Guarea,,M
228.6,161.2,Anacardium,11.2,A
363.03,54.64,Hirtella,12.9,A
357.21,65.93,Macaranga,,D
311.39,318.02,Alseis,34.4,A
52.93,380.2,Jacaranda,44.6,A
249.22,126.11,Shorea,27.3,A
423.79,172.08,Eugenia,27.5,A
560.89,87.93,Ocotea,207.8,A
407.69,175.5,Jacaranda,42.3,A
360.24,365.7,Dipteryx,88.7,A
435.93,170.28,Guarea,156.6,A
11.24,376.7,Beilschmiedia,,D
414.69,194.88,Guarea,36.7,A
131.59,250.74,Macaranga,103.6,A
176.57,206.32,Calophyllum,11.3,A
285.96,187.92,Faramea,66.3,A
87.14,285.33,Beilschmiedia,17.4,A
49.82,145.95,Hirtella,,D
412.57,123.87,Macaranga,30.9,A
357.99,300.24,Licania,253.0,A
71.53,167.36,Alseis,23.0,A
386.2,240.26,Beilschmiedia,11.9,A
59.14,139.46,Virola,18.2,A
95.48,160.7,Calophyllum,86.5,A
45.82,41.14,Protium,,D
101.82,185.16,Cordia,137.9,A
129.06,279.38,Jacaranda,21.3,A
456.32,54.98,Eugenia,124.8,A
71.91,111.89,Inga,17.5,A
493.65,111.12,Drypetes,13.0,A
460.19,14.56,Beilschmiedia,89.7,A
207.22,211.34,Nectandra,17.6,A
294.55,164.29,Beilschmiedia,13.2,A
253.94,380.97,Diospyros,14.3,A
519.41,184.44,Alseis,177.3,A
79.24,289.87,Calophyllum,24.1,A
19.04,298.23,Knema,12.5,A
298.39,294.05,Calophyllum,21.8,A
59.32,328.87,Aglaia,73.9,A
200.08,253.74,Dipteryx,15.9,A
369.94,219.65,Alseis,14.9,A
189.49,236.14,Protium,29.4,A
392.4,212.7,Cordia,12.8,A
94.29,268.11,Garcinia,82.4,A
127.24,349.83,Cordia,73.6,A
314.99,107.37,Aglaia,20.7,A
166.58,198.51,Quararibea,51.4,A
568.23,67.56,Aglaia,53.4,A
174.84,314.13,Aglaia,,D
209.4,327.28,Macaranga,29.9,A
520.46,32.1,Drypetes,49.9,A
206.96,179.2,Licania,15.4,A
491.45,92.67,Beilschmiedia,17.3,A
124.88,137.12,Beilschmiedia,250.1,A
25.46,172.8,Calophyllum,36.0,A
124.52,132.18,Beilschmiedia,234.1,A
242.25,384.93,Calophyllum,73.5,A
16.0,87.46,Sloanea,16.5,A
283.25,176.66,Beilschmiedia,20.9,A
506.68,24.54,Drypetes,10.6,A
280.19,328.91,Alseis,,D
7.87,203.27,Alseis,99.2,A
72.86,76.35,Aglaia,19.0,A
431.35,109.89,Aglaia,15.1,A
130.28,328.21,Knema,,D
206.4,321.88,Aglaia,111.5,A
146.38,264.05,Hirtella,58.9,A
594.64,170.94,Shorea,,D
399.46,303.46,Aglaia,10.8,A
34.19,114.44,Alseis,18.2,A
545.65,133.26,Jacaranda,79.6,A
211.99,11.0,Calophyllum,643.5,A
93.31,306.85,Sloanea,65.7,A
367.12,155.45,Dipteryx,10.1,A
101.79,374.97,Beilschmiedia,22.2,A
303.6,210.06,Jacaranda,34.3,A
196.55,214.98,Cordia,20.7,A
383.91,224.76,Eugenia,,D
53.86,240.74,Garcinia,44.3,A
165.94,215.23,Alseis,54.6,A
135.64,267.14,Alseis,17.7,A
95.42,102.15,Macaranga,10.6,A
448.04,180.16,Guarea,174.9,A
109.7,123.24,Drypetes,,D
341.37,40.74,Alseis,11.5,A
465.9,136.67,Swartzia,11.8,A
136.11,119.97,Beilschmiedia,17.9,A
30.79,152.44,Guarea,107.2,A
328.36,209.71,Calophyllum,267.7,A
34.14,371.87,Beilschmiedia,10.2,A
34.79,334.25,Drypetes,14.4,A
148.05,261.05,Sloanea,33.9,A
241.39,204.71,Cordia,179.9,A
201.51,160.62,Quararibea,11.6,A
296.61,166.14,Cordia,70.4,A
135.34,142.59,Calophyllum,67.0,A
195.18,264.7,Alseis,,D
273.13,344.39,Aglaia,83.3,A
89.76,145.33,Drypetes,121.4,A
268.25,256.38,Aglaia,20.4,A
160.73,76.39,Sloanea,61.6,A
23.19,22.6,Dipteryx,23.1,A
33.38,116.33,Drypetes,201.9,A
332.97,84.1,Hirtella,,D
451.43,8.2,Beilschmiedia,264.6,A
253.86,30.03,Macaranga,11.9,A
521.18,49.89,Faramea,11.4,A
423.61,198.67,Dipteryx,29.6,A
30.92,96.71,Dipteryx,46.0,A
41.24,181.65,Aglaia,12.8,A
116.63,148.95,Guarea,141.0,A
331.26,390.1,Alseis,120.8,A
183.24,329.41,Faramea,317.6,A
369.31,45.86,Jacaranda,11.6,A
233.08,55.16,Guarea,10.5,A
401.94,102.72,Calophyllum,13.5,A
15.11,376.61,Calophyllum,,D
483.4,118.13,Calophyllum,65.7,A
521.9,70.95,Faramea,205.5,A
327.46,331.71,Cordia,22.8,A
325.86,29.33,Dipteryx,57.0,A
253.19,175.44,Alseis,33.6,A
435.34,15.23,Beilschmiedia,183.2,A
20.2,225.99,Nectandra,17.4,A
279.41,197.62,Eugenia,,D
176.19,56.88,Calophyllum,21.5,A
237.89,173.87,Alseis,22.2,A
265.39,322.12,Cordia,24.2,A
482.78,22.36,Drypetes,30.3,A
151.55,268.02,Calophyllum,10.0,A
163.35,169.15,Quararibea,,M
65.57,321.81,Garcinia,25.5,A
28.97,313.41,Drypetes,182.3,A
30.91,293.0,Alseis,149.2,A
357.38,223.88,Eugenia,13.9,A
549.57,93.29,Beilschmiedia,12.0,A
303.27,301.92,Alseis,366.3,A
548.54,170.48,Beilschmiedia,62.6,A
278.26,358.99,Dipteryx,78.6,A
371.69,223.01,Jacaranda,21.2,A
120.14,120.22,Swartzia,,D
67.69,7.0,Licania,166.8,A
529.85,89.92,Cordia,,D
266.31,244.79,Beilschmiedia,11.9,A
10.64,255.52,Eugenia,31.8,A
498.39,186.68,Drypetes,199.9,A
230.03,77.29,Eugenia,21.4,A
134.92,262.11,Alseis,43.4,A
277.86,156.16,Inga,13.7,A
33.85,174.35,Inga,30.7,A
78.64,321.97,Cordia,26.5,A
93.18,232.15,Guarea,14.2,A
148.92,359.65,Eugenia,38.9,A
274.29,199.65,Dipteryx,109.4,A
492.81,27.14,Eugenia,,D
261.32,300.7,Aglaia,23.6,A
255.72,301.16,Calophyllum,22.9,A
212.72,258.75,Beilschmiedia,11.5,A
57.57,37.64,Garcinia,,D
250.81,262.2,Beilschmiedia,19.8,A
328.14,250.15,Faramea,28.4,A
299.34,44.75,Eugenia,62.2,A
52.51,143.56,Virola,13.0,A
156.27,218.34,Faramea,15.4,A
0.01,384.99,Eugenia,27.0,A
306.24,46.61,Eugenia,23.7,A
190.53,215.3,Cordia,41.8,A
19.92,78.15,Beilschmiedia,198.4,A
570.94,131.63,Shorea,19.7,A
209.83,108.54,Cordia,142.4,A
215.2,303.88,Jacaranda,60.8,A
220.23,89.57,Protium,15.4,A
495.76,15.36,Hirtella,27.7,A
120.23,174.67,Aglaia,82.8,A
457.56,81.35,Calophyllum,73.5,A
223.0,266.17,Faramea,46.5,A
401.3,71.1,Guarea,15.1,A
480.17,37.8,Faramea,642.5,A
20.08,271.62,Faramea,,D
424.72,121.71,Aglaia,44.4,A
322.62,157.44,Trichilia,16.9,A
254.24,237.31,Licania,38.0,A
378.66,101.02,Calophyllum,105.5,A
181.43,52.52,Cordia,11.2,A
160.39,190.75,Faramea,,D
163.88,288.98,Faramea,21.9,A
196.59,148.31,Aglaia,153.0,A
96.39,222.34,Drypetes,27.6,A
85.96,120.1,Inga,,D
270.99,277.39,Nectandra,19.5,A
218.76,115.3,Aglaia,52.1,A
233.33,353.46,Alseis,31.1,A
71.81,176.42,Dipteryx,14.0,A
404.41,97.2,Dipteryx,23.9,A
396.13,34.92,Garcinia,,D
217.51,41.83,Alseis,,D
226.46,40.97,Calophyllum,,D
116.38,383.93,Cordia,46.2,A
506.06,17.11,Eugenia,11.6,A
159.69,172.21,Cordia,21.7,A
105.1,70.17,Cordia,114.3,A
97.71,310.02,Beilschmiedia,29.8,A
595.03,49.34,Cordia,13.0,A
200.15,333.75,Aglaia,65.5,A
341.46,281.64,Alseis,24.8,A
337.2,252.53,Cecropia,123.1,A
553.31,151.63,Cordia,37.8,A
284.29,354.74,Cupania,12.0,A
551.99,101.46,Licania,57.7,A
391.59,83.33,Dipteryx,19.7,A
55.63,305.76,Alseis,217.6,A
40.01,258.19,Eugenia,11.4,A
160.39,211.29,Drypetes,32.0,A
5.25,286.2,Cordia,,D
66.51,376.26,Cordia,36.8,A
33.28,337.87,Guarea,24.4,A
134.83,375.49,Aglaia,44.2,A
318.43,117.46,Beilschmiedia,13.0,A
6.16,379.03,Beilschmiedia,65.0,A
401.94,153.38,Macaranga,18.0,A
161.35,207.98,Alseis,12.0,A
346.84,288.54,Macaranga,47.2,A
168.87,136.57,Aglaia,17.3,A
383.5,37.98,Drypetes,28.4,A
98.68,82.22,Alseis,400.9,A
152.36,337.3,Faramea,155.5,A
80.58,93.59,Alseis,74.2,A
229.2,305.39,Cordia,16.1,A
0.77,47.52,Cordia,53.2,A
285.51,38.87,Hirtella,11.5,A
265.72,35.36,Faramea,64.3,A
28.34,362.0,Beilschmiedia,121.1,A
418.54,172.51,Aglaia,,D
402.03,46.11,Drypetes,,D
130.43,20.43,Dipteryx,14.0,A
423.25,161.03,Xylopia,17.4,A
554.96,56.01,Alseis,13.0,A
220.72,271.18,Beilschmiedia,92.7,A
154.11,17.36,Dipteryx,22.7,A
152.91,222.54,Dipteryx,148.9,A
212.43,213.41,Drypetes,97.7,A
533.36,15.85,Knema,33.5,A
195.14,239.39,Calophyllum,128.8,A
560.37,105.54,Knema,29.6,A
372.43,291.17,Licania,127.0,A
128.47,256.44,Cordia,13.9,A
313.86,308.15,Alseis,14.6,A
220.99,196.65,Knema,106.4,A
126.09,341.81,Hirtella,72.3,A
516.34,69.71,Knema,13.0,A
406.36,115.23,Alseis,387.5,A
88.33,182.82,Quararibea,28.0,A
343.8,267.33,Faramea,60.3,A
238.98,311.56,Eugenia,13.1,A
201.39,215.89,Garcinia,34.2,A
279.21,153.97,Inga,43.6,A
29.44,304.73,Faramea,122.4,A
528.6,154.33,Beilschmiedia,25.3,A
16.5,140.05,Aglaia,27.6,A
56.33,101.24,Inga,65.9,A
501.42,82.48,Beilschmiedia,,D
83.35,108.91,Inga,16.1,A
137.87,218.54,Palaquium,16.7,A
116.82,279.83,Brosimum,107.6,A
60.02,228.9,Alseis,16.2,A
127.59,315.11,Dipteryx,81.4,A
39.08,141.54,Virola,20.8,A
120.25,32.74,Aglaia,39.3,A
345.96,211.86,Faramea,485.2,A
509.58,18.9,Licania,13.5,A
261.66,24.6,Faramea,,D
68.12,37.89,Calophyllum,77.7,A
149.0,140.87,Beilschmiedia,25.5,A
417.13,58.71,Aglaia,14.6,A
219.81,1.37,Faramea,233.1,A
260.31,292.8,Ocotea,26.9,A
119.97,67.01,Cordia,,D
280.85,288.17,Aglaia,,D
83.02,109.46,Inga,15.9,A
180.69,130.42,Dipteryx,28.0,A
232.26,193.37,Alseis,175.6,A
204.04,46.44,Alseis,215.2,A
109.19,367.05,Cordia,38.3,A
224.53,95.72,Macaranga,30.8,A
190.94,146.42,Aglaia,89.0,A
588.34,197.26,Hirtella,13.9,A
190.76,59.78,Calophyllum,20.7,A
92.53,146.92,Hirtella,10.1,A
452.12,11.69,Dipteryx,15.0,A
110.07,232.7,Eugenia,10.9,A
48.02,261.14,Garcinia,,D
365.29,349.59,Ocotea,22.6,A
214.62,325.65,Hirtella,36.0,A
275.11,201.32,Cordia,25.6,A
35.94,215.18,Garcinia,41.6,A
109.6,238.6,Nectandra,15.9,A
430.47,19.27,Beilschmiedia,15.7,A
328.16,218.02,Hirtella,41.9,A
188.71,105.01,Cordia,38.4,A
159.17,246.97,Drypetes,192.3,A
261.07,166.22,Licania,15.2,A
344.11,359.82,Alseis,10.4,A
122.77,36.63,Aglaia,,D
428.43,191.74,Aglaia,10.3,A
352.73,338.01,Dipteryx,19.1,A
117.73,122.98,Alseis,13.3,A
402.04,15.64,Calophyllum,187.3,A
169.33,298.71,Cordia,43.4,A
366.13,63.07,Aglaia,14.4,A
214.54,48.42,Calophyllum,88.3,A
11.71,376.15,Beilschmiedia,37.0,A
161.15,131.2,Cordia,11.7,A
551.75,113.76,Aglaia,15.9,A
179.38,376.48,Cordia,37.3,A
54.24,385.79,Quararibea,11.0,A
156.26,104.2,Inga,118.6,A
386.13,120.28,Alseis,65.1,A
236.19,87.4,Swartzia,30.9,A
101.83,86.88,Calophyllum,153.6,A
23.75,231.07,Knema,57.2,A
394.48,289.38,Aglaia,,D
109.34,391.28,Garcinia,10.9,A
493.85,117.92,Eugenia,29.6,A
197.0,184.57,Quararibea,53.5,A
0.98,377.92,Beilschmiedia,14.0,A
79.68,236.19,Jacaranda,110.8,A
312.14,104.48,Beilschmiedia,,D
106.81,353.38,Knema,,D
308.73,183.78,Quararibea,12.3,A
180.91,156.19,Quararibea,64.3,A
429.01,114.45,Aglaia,,D
108.85,51.4,Shorea,21.2,A
569.31,88.27,Beilschmiedia,47.2,A
230.56,323.58,Guarea,,D
140.11,240.63,Calophyllum,80.6,A
400.91,15.38,Alseis,248.1,A
4.04,132.25,Aglaia,13.7,A
240.13,157.79,Alseis,15.0,A
443.24,134.77,Beilschmiedia,91.0,A
239.49,262.59,Beilschmiedia,10.2,A
83.79,310.57,Drypetes,111.6,A
41.85,109.62,Eugenia,90.2,A
205.88,353.36,Jacaranda,12.9,A
561.35,148.34,Dipteryx,17.9,A
548.38,18.23,Licania,166.6,A
152.74,126.42,Beilschmiedia,21.4,A
7.82,260.8,Alseis,,D
313.86,88.25,Aglaia,90.9,A
204.13,187.47,Aglaia,37.3,A
432.28,57.75,Calophyllum,68.5,A
532.8,174.89,Beilschmiedia,83.8,A
461.87,73.37,Dipteryx,23.3,A
243.92,40.66,Faramea,,D
100.2,269.6,Cordia,35.9,A
564.45,91.01,Beilschmiedia,10.4,A
459.1,8.27,Beilschmiedia,10.6,A
181.18,55.54,Knema,10.8,A
249.42,325.25,Beilschmiedia,,D
289.44,7.61,Beilschmiedia,19.4,A
259.74,197.01,Faramea,250.0,A
313.21,324.99,Calophyllum,643.7,A
333.66,154.32,Jacaranda,23.3,A
53.1,293.56,Alseis,11.0,A
4.69,395.38,Alseis,42.3,A
494.04,65.41,Licania,72.5,A
96.83,304.45,Beilschmiedia,,D
270.42,268.98,Aglaia,44.2,A
419.16,186.07,Hirtella,11.8,A
88.19,301.05,Drypetes,11.0,A
327.67,109.43,Hirtella,126.8,A
191.68,188.22,Calophyllum,151.8,A
205.52,159.5,Shorea,142.3,A
225.94,365.05,Eugenia,45.1,A
132.85,130.05,Sloanea,105.5,A
101.64,323.42,Swartzia,40.4,A
81.12,117.97,Drypetes,18.8,A
331.64,129.77,Alseis,232.8,A
364.17,16.09,Macaranga,81.5,A
122.49,378.57,Cordia,24.5,A
152.07,160.49,Alseis,144.5,A
588.75,62.89,Aglaia,,M
77.07,309.14,Knema,35.9,A
184.27,129.47,Aglaia,21.1,A
411.34,92.35,Beilschmiedia,10.5,A
174.23,392.42,Cordia,133.6,A
224.2,59.45,Xylopia,,D
365.89,294.17,Dipteryx,10.6,A
316.14,211.52,Faramea,,D
41.29,143.08,Guarea,16.7,A
274.83,158.15,Dipteryx,11.3,A
288.22,19.54,Garcinia,147.5,A
57.13,265.21,Garcinia,14.1,A
153.68,349.09,Beilschmiedia,,D
459.39,3.84,Beilschmiedia,43.0,A
262.64,199.46,Hirtella,13.1,A
414.19,102.96,Alseis,,D
427.05,116.5,Guarea,12.9,A
446.82,65.67,Beilschmiedia,41.1,A
3.81,362.88,Swartzia,65.2,A
565.83,36.61,Aglaia,48.7,A
522.97,82.36,Ocotea,66.4,A
362.38,242.26,Cordia,10.5,A
14.03,243.57,Calophyllum,15.0,A
91.4,54.1,Aglaia,15.5,A
235.6,294.62,Eugenia,10.4,A
546.56,68.41,Knema,166.3,A
34.47,315.84,Alseis,164.8,A
353.64,32.1,Calophyllum,23.1,A
248.0,79.06,Anacardium,14.4,A
237.12,331.41,Protium,42.5,A
476.79,93.86,Beilschmiedia,142.3,A
134.14,278.87,Brosimum,14.7,A
200.56,126.52,Aglaia,45.9,A
386.71,89.35,Aglaia,42.9,A
134.39,221.58,Faramea,13.5,A
440.74,62.57,Xylopia,138.2,A
459.67,152.36,Drypetes,10.5,A
185.9,391.77,Dipteryx,,M
388.95,226.97,Garcinia,23.3,A
97.49,278.01,Alseis,11.7,A
373.86,252.89,Licania,104.2,A
136.17,355.0,Knema,35.5,A
355.3,399.86,Beilschmiedia,17.8,A
429.37,35.7,Eugenia,21.0,A
380.06,58.91,Inga,20.7,A
26.26,344.03,Alseis,19.2,A
109.56,397.08,Beilschmiedia,40.3,A
180.64,36.7,Calophyllum,108.2,A
328.8,245.12,Dipteryx,150.5,A
333.66,99.66,Aglaia,123.5,A
164.42,314.15,Aglaia,50.2,A
346.4,217.28,Ocotea,14.8,A
194.27,206.41,Garcinia,31.7,A
236.51,154.62,Rinorea,13.6,A
543.27,179.99,Rinorea,,D
54.9,173.4,Aglaia,28.2,A
467.76,183.1,Eugenia,17.3,A
403.91,34.17,Eugenia,12.6,A
213.67,245.27,Beilschmiedia,133.9,A
286.31,37.73,Aglaia,10.5,A
348.3,398.88,Beilschmiedia,21.1,A
256.84,308.27,Jacaranda,173.5,A
225.76,312.96,Aglaia,97.2,A
294.93,301.88,Nectandra,50.8,A
52.01,300.94,Aglaia,17.3,A
263.41,242.58,Beilschmiedia,29.1,A
330.45,72.57,Ficus,17.4,A
192.33,145.42,Sloanea,10.2,A
208.74,285.84,Cordia,21.8,A
111.78,336.55,Guarea,17.5,A
3.62,89.29,Dipteryx,200.3,A
249.63,158.66,Calophyllum,56.7,A
341.71,78.14,Ficus,34.5,A
462.88,127.67,Rinorea,28.4,A
15.54,208.89,Aglaia,62.3,A
529.44,127.16,Hirtella,11.0,A
73.34,212.53,Calophyllum,43.3,A
48.92,172.12,Alseis,48.9,A
101.3,39.2,Hirtella,13.3,A
334.64,220.32,Hirtella,11.0,A
211.56,343.89,Trichilia,39.6,A
174.4,196.52,Palaquium,15.4,A
150.25,44.88,Calophyllum,36.2,A
234.71,281.79,Eugenia,50.7,A
303.0,192.92,Inga,65.7,A
431.5,68.49,Aglaia,22.9,A
112.62,175.15,Cordia,136.7,A
352.05,277.94,Alseis,16.6,A
141.86,267.2,Calophyllum,14.3,A
201.65,236.16,Cordia,,D
156.5,254.86,Calophyllum,180.1,A
216.84,346.79,Dipteryx,59.3,A
409.0,151.94,Hura,396.1,A
383.61,358.32,Jacaranda,110.8,A
263.23,244.65,Beilschmiedia,67.4,A
154.07,140.8,Alseis,67.6,A
492.8,70.99,Hirtella,79.6,A
144.71,260.39,Cordia,11.4,A
583.77,71.84,Cordia,60.7,A
105.49,77.11,Protium,,D
304.36,148.83,Inga,26.5,A
140.7,194.83,Calophyllum,41.5,A
248.7,319.91,Aglaia,11.3,A
342.28,46.39,Drypetes,,D
32.7,201.87,Calophyllum,13.4,A
485.85,83.4,Beilschmiedia,31.8,A
98.87,30.95,Rinorea,17.4,A
231.13,84.43,Cordia,32.8,A
427.36,114.37,Calophyllum,71.5,A
95.18,39.03,Aglaia,,D
443.62,90.91,Eugenia,40.1,A
84.61,261.92,Drypetes,16.3,A
252.52,262.54,Calophyllum,37.8,A
83.22,5.84,Rinorea,21.7,A
419.04,30.55,Eugenia,14.8,A
286.8,195.31,Inga,11.3,A
401.29,52.34,Alseis,,D
49.52,220.71,Macaranga,12.6,A
335.88,187.96,Cordia,29.2,A
176.78,1.26,Calophyllum,33.9,A
350.32,389.13,Eugenia,22.6,A
431.69,136.75,Beilschmiedia,139.7,A
135.76,144.86,Alseis,12.3,A
506.13,73.69,Guarea,,D
250.71,338.39,Luehea,154.2,A
344.82,256.27,Nectandra,10.3,A
227.55,190.37,Alseis,34.7,A
53.6,155.98,Drypetes,43.6,A
48.39,152.79,Virola,13.5,A
448.04,55.18,Cordia,174.9,A
205.04,138.77,Calophyllum,12.9,A
412.93,117.14,Swartzia,14.6,A
274.83,202.67,Eugenia,124.2,A
306.79,35.93,Aglaia,94.6,A
345.46,73.1,Aglaia,18.1,A
45.38,155.53,Protium,91.5,A
379.7,118.2,Alseis,147.0,A
97.31,121.04,Dipteryx,12.1,A
211.42,379.15,Calophyllum,156.4,A
126.5,80.72,Protium,34.0,A
236.78,338.21,Beilschmiedia,91.9,A
44.88,159.17,Guarea,30.7,A
361.5,187.39,Calophyllum,10.6,A
510.9,21.6,Faramea,117.8,A
363.01,248.87,Calophyllum,27.8,A
413.95,120.29,Aglaia,11.3,A
396.21,311.18,Alseis,16.2,A
161.22,387.55,Cupania,10.2,A
35.65,130.55,Calophyllum,43.6,A
58.07,241.71,Drypetes,12.0,A
142.85,298.05,Jacaranda,31.8,A
349.55,146.59,Dipteryx,237.7,A
356.83,148.89,Macaranga,14.2,A
527.75,117.56,Guarea,40.0,A
188.63,207.09,Nectandra,15.7,A
557.26,93.28,Beilschmiedia,45.1,A
164.98,170.54,Cordia,42.3,A
277.23,195.42,Guarea,18.9,A
159.36,332.41,Hirtella,49.6,A
372.76,19.89,Dipteryx,20.4,A
63.84,147.57,Dipteryx,20.8,A
348.82,75.15,Aglaia,13.7,A
282.67,301.65,Aglaia,78.4,A
174.39,316.48,Faramea,54.0,A
245.22,285.86,Jacaranda,20.1,A
339.76,237.59,Faramea,66.7,A
90.78,126.24,Hirtella,164.7,A
241.98,314.68,Eugenia,10.9,A
44.93,377.57,Cordia,48.3,A
82.3,99.4,Palaquium,17.2,A
470.07,175.34,Cordia,11.2,A
285.09,217.28,Inga,23.8,A
76.33,50.37,Rinorea,67.9,A
201.6,144.82,Cordia,12.1,A
344.35,247.47,Eugenia,132.5,A
324.4,153.22,Knema,40.9,A
338.62,389.85,Beilschmiedia,16.4,A
72.46,292.76,Aglaia,123.2,A
257.14,27.79,Faramea,357.4,A
168.08,143.81,Ocotea,159.4,A
389.28,72.52,Aglaia,18.9,A
126.87,1.84,Alseis,19.5,A
393.79,88.44,Garcinia,17.4,A
55.21,217.53,Drypetes,13.5,A
93.23,290.8,Drypetes,18.9,A
347.69,272.6,Alseis,459.5,A
562.09,28.69,Licania,24.3,A
7.01,338.23,Cordia,20.6,A
27.64,117.71,Dipteryx,62.9,A
293.82,36.51,Cordia,16.0,A
254.46,182.18,Cordia,11.4,A
331.49,105.33,Ficus,11.9,A
51.24,56.11,Hirtella,41.8,A
125.27,182.05,Dipteryx,91.1,A
243.26,266.63,Aglaia,10.7,A
54.31,126.92,Guarea,53.4,A
263.03,351.17,Hirtella,43.3,A
157.9,285.8,Quararibea,,D
161.1,242.26,Guarea,17.8,A
45.1,44.53,Erythroxylum,27.8,A
505.51,129.08,Calophyllum,688.7,A
105.32,296.28,Drypetes,362.0,A
39.84,365.46,Beilschmiedia,,D
147.38,84.22,Inga,22.4,A
229.11,137.47,Cordia,15.9,A
27.77,199.57,Cordia,21.0,A
428.22,68.73,Aglaia,38.4,A
92.62,343.76,Cordia,78.9,A
321.81,210.67,Inga,16.9,A
156.11,44.47,Ocotea,,M
99.45,297.21,Beilschmiedia,87.3,A
38.22,162.23,Cordia,39.5,A
29.43,186.18,Dipteryx,77.3,A
301.29,23.77,Aglaia,34.0,A
470.47,118.98,Rinorea,14.1,A
291.77,19.09,Aglaia,20.3,A
160.58,397.95,Cordia,64.8,A
201.54,297.42,Aglaia,19.6,A
162.06,137.71,Beilschmiedia,27.0,A
567.08,84.57,Beilschmiedia,14.2,A
20.8,211.26,Aglaia,10.3,A
156.65,254.12,Palaquium,73.9,A
106.18,98.33,Calophyllum,42.5,A
278.81,309.86,Aglaia,14.3,A
222.5,226.86,Calophyllum,13.3,A
377.33,243.29,Garcinia,19.8,A
239.12,171.45,Quararibea,391.8,A
46.96,343.23,Garcinia,,D
551.64,91.62,Ocotea,19.7,A
420.22,31.49,Eugenia,44.7,A
159.44,233.08,Alseis,15.0,A
458.91,190.59,Eugenia,,M
131.39,210.6,Dipteryx,207.8,A
393.75,234.86,Beilschmiedia,17.0,A
492.44,157.7,Jacaranda,12.8,A
328.51,358.1,Dipteryx,56.6,A
30.8,250.6,Garcinia,53.0,A
431.44,91.78,Swartzia,18.1,A
167.01,48.8,Dipteryx,10.4,A
366.81,115.54,Macaranga,166.6,A
5.68,309.63,Drypetes,24.2,A
140.55,318.48,Knema,177.3,A
466.87,2.24,Beilschmiedia,10.1,A
5.46,195.83,Alseis,13.6,A
418.31,198.79,Alseis,12.4,A
42.09,219.96,Faramea,,D
98.26,195.99,Jacaranda,14.9,A
576.7,81.64,Alseis,23.9,A
104.45,252.1,Knema,,M
190.8,355.7,Dipteryx,97.9,A
490.09,177.22,Drypetes,12.7,A
99.93,22.88,Sloanea,34.9,A
216.67,308.46,Drypetes,12.5,A
368.13,79.11,Alseis,396.8,A
128.59,23.2,Protium,,D
340.37,367.49,Alseis,148.3,A
388.18,79.8,Cordia,22.4,A
40.41,139.4,Virola,20.4,A
187.03,383.74,Alseis,13.5,A
50.97,81.67,Calophyllum,57.1,A
71.75,40.76,Guarea,62.8,A
175.06,118.07,Jacaranda,24.6,A
583.47,44.54,Alseis,80.2,A
17.51,253.27,Ocotea,40.2,A
550.74,76.69,Beilschmiedia,56.7,A
93.6,294.21,Beilschmiedia,10.2,A
117.01,357.53,Cordia,10.2,A
246.15,188.47,Eugenia,,D
351.5,84.24,Garcinia,12.3,A
26.22,265.53,Dipteryx,66.9,A
215.19,264.89,Cordia,17.2,A
364.27,186.68,Dipteryx,146.5,A
70.38,304.29,Rinorea,13.0,A
55.65,211.56,Alseis,15.8,A
87.42,370.67,Beilschmiedia,118.3,A
6.36,271.67,Eugenia,13.4,A
349.48,362.85,Aglaia,13.0,A
218.69,363.54,Eugenia,24.5,A
381.6,305.06,Nectandra,79.3,A
367.87,315.89,Licania,10.3,A
46.62,89.94,Cordia,12.3,A
586.52,43.07,Faramea,344.0,A
590.51,89.96,Alseis,,D
137.39,144.6,Nectandra,136.5,A
229.13,373.73,Eugenia,10.5,A
199.61,323.5,Protium,234.9,A
371.73,61.42,Garcinia,11.7,A
27.78,46.12,Dipteryx,159.2,A
286.94,3.12,Aglaia,18.5,A
89.67,110.77,Inga,16.7,A
30.25,188.78,Calophyllum,300.2,A
410.26,189.48,Eugenia,21.5,A
34.89,302.64,Drypetes,67.2,A
285.59,191.97,Garcinia,19.0,A
558.06,30.14,Faramea,60.7,A
23.74,363.35,Beilschmiedia,13.6,A
354.33,105.83,Calophyllum,25.3,A
77.91,337.2,Knema,14.1,A
402.67,2.38,Alseis,64.8,A
21.27,13.9,Calophyllum,35.6,A
164.84,256.62,Alseis,79.7,A
531.58,37.17,Faramea,24.1,A
0.97,110.66,Aglaia,13.2,A
233.03,171.17,Dipteryx,165.0,A
318.54,303.08,Alseis,405.3,A
459.65,2.59,Beilschmiedia,18.5,A
546.28,59.24,Faramea,112.5,A
35.79,102.45,Drypetes,17.9,A
164.03,360.26,Alseis,20.1,A
206.43,297.71,Trichilia,27.0,A
484.17,19.5,Licania,10.5,A
412.27,58.53,Hirtella,10.6,A
286.36,48.64,Nectandra,41.1,A
225.07,279.07,Hirtella,51.4,A
227.61,184.27,Alseis,11.5,A
571.41,187.16,Tetragastris,28.5,A
140.76,149.5,Protium,23.0,A
372.49,236.19,Aglaia,79.3,A
289.84,20.15,Calophyllum,375.8,A
276.05,276.67,Macaranga,270.6,A
574.46,155.22,Guarea,13.9,A
302.62,74.22,Guarea,10.7,A
193.02,246.41,Faramea,145.5,A
367.38,329.89,Hirtella,13.3,A
131.2,153.68,Beilschmiedia,47.1,A
198.71,393.96,Hirtella,,D
96.41,307.21,Beilschmiedia,20.0,A
487.89,164.74,Jacaranda,67.4,A
411.08,196.07,Macaranga,30.6,A
34.32,396.6,Quararibea,,D
193.48,151.27,Quararibea,36.5,A
396.15,45.76,Inga,22.4,A
526.22,186.47,Alseis,22.6,A
80.42,312.36,Garcinia,13.0,A
53.23,129.89,Virola,12.9,A
17.05,317.15,Drypetes,20.2,A
524.1,126.31,Guarea,17.9,A
431.78,30.57,Beilschmiedia,22.3,A
45.84,277.78,Hirtella,15.0,A
516.25,89.32,Macaranga,25.0,A
309.99,354.46,Cupania,96.3,A
330.54,134.33,Ocotea,197.2,A
531.28,116.26,Hura,17.8,A
266.39,257.38,Beilschmiedia,23.2,A
323.14,121.76,Alseis,,D
142.51,247.48,Alseis,20.1,A
62.54,89.85,Dipteryx,28.8,A
534.7,185.83,Beilschmiedia,,D
81.04,107.95,Inga,51.8,A
303.59,0.28,Garcinia,46.0,A
496.15,24.65,Licania,388.5,A
343.27,348.51,Ocotea,11.0,A
168.96,290.15,Knema,62.7,A
96.13,145.34,Cordia,125.6,A
56.87,217.54,Calophyllum,18.6,A
424.21,41.54,Eugenia,35.3,A
121.11,17.34,Calophyllum,181.9,A
113.5,153.88,Nectandra,,D
430.92,105.17,Aglaia,43.0,A
262.1,230.33,Beilschmiedia,32.9,A
22.92,93.05,Alseis,235.9,A
166.95,131.09,Guarea,,D
199.59,253.35,Shorea,99.2,A
99.05,115.95,Hirtella,16.3,A
141.62,139.47,Alseis,16.6,A
357.65,352.05,Aglaia,55.5,A
99.26,253.45,Dipteryx,17.3,A
476.58,114.48,Jacaranda,25.4,A
247.24,132.47,Calophyllum,,D
30.67,142.53,Calophyllum,12.3,A
366.55,263.2,Ocotea,13.4,A
181.08,199.1,Dipteryx,17.0,A
0.03,312.79,Faramea,326.3,A
224.74,59.46,Xylopia,22.8,A
89.39,179.56,Calophyllum,10.4,A
50.15,235.48,Eugenia,14.6,A
422.19,44.21,Drypetes,46.4,A
117.35,88.01,Dipteryx,90.0,A
81.54,39.43,Macaranga,11.6,A
598.33,71.16,Aglaia,80.2,A
139.29,136.67,Beilschmiedia,73.2,A
76.82,265.75,Dipteryx,12.2,A
294.7,14.75,Aglaia,,D
307.52,312.99,Aglaia,26.0,A
202.11,271.09,Alseis,21.9,A
460.87,37.56,Eugenia,21.5,A
251.93,349.87,Nectandra,58.0,A
163.85,119.69,Protium,37.7,A
145.76,256.47,Alseis,,D
210.49,140.09,Alseis,129.1,A
494.65,194.45,Knema,13.0,A
142.54,125.38,Nectandra,13.0,A
393.22,352.47,Dipteryx,41.0,A
348.47,236.11,Nectandra,25.6,A
14.94,15.38,Dipteryx,,D
405.83,39.77,Alseis,10.0,A
55.03,6.63,Licania,417.9,A
48.16,266.95,Calophyllum,16.6,A
209.56,281.9,Cordia,11.6,A
36.01,113.35,Drypetes,10.4,A
172.94,295.67,Aglaia,31.0,A
401.41,66.49,Aglaia,29.2,A
43.16,318.5,Alseis,11.0,A
483.52,68.47,Calophyllum,30.5,A
29.56,152.62,Anacardium,18.2,A
244.95,267.35,Guarea,193.4,A
161.12,264.42,Rinorea,11.7,A
326.07,28.47,Garcinia,134.7,A
380.4,264.5,Licania,17.2,A
29.43,42.02,Licania,358.2,A
465.45,108.31,Guarea,20.5,A
167.13,138.96,Aglaia,60.6,A
191.02,111.17,Anacardium,286.1,A
11.68,336.78,Alseis,13.2,A
189.05,397.86,Cupania,19.1,A
14.65,192.29,Alseis,,D
352.09,27.55,Alseis,17.4,A
371.07,394.08,Calophyllum,12.0,A
100.72,34.32,Eugenia,13.1,A
123.11,296.26,Ocotea,240.9,A
215.99,282.92,Aglaia,14.9,A
346.86,40.92,Alseis,26.9,A
265.93,40.06,Macaranga,24.0,A
395.23,383.21,Tetragastris,23.0,A
334.04,254.15,Eugenia,10.5,A
377.34,93.33,Garcinia,12.9,A
207.15,122.87,Hirtella,75.6,A
366.59,338.4,Tetragastris,29.3,A
402.25,175.39,Guarea,60.3,A
42.03,256.76,Eugenia,28.4,A
320.31,377.17,Hirtella,28.8,A
104.83,335.61,Calophyllum,29.3,A
540.98,80.43,Hirtella,174.5,A
47.01,224.18,Alseis,33.8,A
21.05,124.37,Alseis,17.2,A
376.21,66.4,Knema,15.9,A
149.09,175.73,Calophyllum,116.8,A
466.19,48.31,Swartzia,36.3,A
293.64,266.37,Aglaia,102.0,A
297.99,33.07,Aglaia,64.9,A
54.82,317.11,Dipteryx,164.0,A
302.61,191.64,Inga,10.6,A
412.11,26.14,Inga,31.4,A
260.09,238.14,Beilschmiedia,16.5,A
343.92,388.55,Beilschmiedia,85.0,A
183.64,238.72,Drypetes,,D
405.83,90.91,Aglaia,27.8,A
49.19,10.3,Nectandra,23.2,A
130.65,177.74,Gustavia,14.9,A
238.03,216.31,Dipteryx,,D
364.16,226.79,Beilschmiedia,69.7,A
342.35,46.95,Drypetes,17.0,A
236.85,195.15,Licania,48.9,A
83.26,159.41,Alseis,30.1,A
531.47,172.27,Beilschmiedia,180.0,A
293.93,34.45,Eugenia,45.9,A
228.12,386.48,Calophyllum,21.5,A
471.15,47.26,Cordia,56.9,A
359.72,111.76,Cordia,18.4,A
23.18,291.95,Drypetes,,D
478.19,95.28,Hura,133.9,A
217.85,118.82,Aglaia,,D
221.37,181.2,Cordia,20.7,A
154.38,222.49,Calophyllum,25.4,A
480.95,143.97,Beilschmiedia,30.1,A
396.16,27.62,Drypetes,82.3,A
387.41,249.93,Aglaia,21.5,A
328.19,20.38,Cordia,28.9,A
388.61,87.57,Garcinia,15.7,A
528.39,158.45,Aglaia,,M
134.34,132.43,Calophyllum,18.0,A
565.93,100.21,Beilschmiedia,,D
399.29,272.82,Protium,35.4,A
62.54,300.5,Aglaia,18.9,A
503.97,165.66,Cordia,11.8,A
496.82,24.19,Calophyllum,95.6,A
16.74,241.02,Calophyllum,123.2,A
277.33,308.36,Aglaia,11.4,A
109.27,264.27,Brosimum,11.8,A
49.58,173.5,Aglaia,20.2,A
370.16,232.66,Aglaia,57.8,A
221.73,256.7,Beilschmiedia,11.5,A
277.02,359.7,Aglaia,58.1,A
22.83,281.12,Faramea,,D
115.93,324.06,Garcinia,10.6,A
375.57,177.03,Hirtella,163.1,A
235.36,214.02,Calophyllum,72.0,A
125.43,32.79,Aglaia,60.5,A
165.32,138.23,Beilschmiedia,46.5,A
370.09,21.35,Ficus,23.6,A
239.92,245.07,Aglaia,10.5,A
576.21,100.55,Jacaranda,141.0,A
368.05,215.96,Eugenia,12.7,A
49.45,265.35,Calophyllum,17.2,A
252.68,270.54,Aglaia,11.0,A
376.13,358.69,Hirtella,144.0,A
456.06,20.13,Beilschmiedia,124.6,A
256.53,190.01,Calophyllum,42.5,A
115.24,218.45,Eugenia,41.0,A
347.06,330.39,Eugenia,36.8,A
11.32,395.0,Alseis,186.4,A
198.09,253.37,Aglaia,12.0,A
356.94,225.9,Sloanea,69.2,A
171.22,119.78,Inga,27.5,A
259.07,307.69,Calophyllum,479.2,A
133.08,240.07,Calophyllum,831.3,A
468.88,51.66,Calophyllum,13.4,A
63.07,203.24,Calophyllum,12.2,A
205.01,99.22,Macaranga,177.2,A
571.17,137.43,Tetragastris,,D
153.6,94.02,Calophyllum,184.8,A
334.73,61.17,Aglaia,52.6,A
10.53,160.98,Cordia,,D
417.28,82.93,Protium,14.0,A
140.26,104.86,Inga,74.8,A
10.44,118.4,Drypetes,32.6,A
142.13,56.01,Alseis,47.6,A
277.36,10.41,Beilschmiedia,39.0,A
103.27,165.32,Aglaia,24.9,A
132.1,225.59,Hirtella,10.7,A
39.64,227.23,Aglaia,24.9,A
573.66,106.19,Tetragastris,64.0,A
135.39,320.7,Cordia,33.4,A
236.02,363.39,Eugenia,113.7,A
451.83,5.01,Calophyllum,,D
404.4,47.15,Macaranga,12.4,A
239.82,278.04,Aglaia,67.2,A
358.02,289.24,Alseis,57.0,A
514.63,124.95,Guarea,12.8,A
199.97,226.01,Garcinia,13.4,A
230.38,91.36,Cordia,45.2,A
79.76,332.05,Knema,15.4,A
82.94,108.43,Jacaranda,60.2,A
281.26,195.22,Eugenia,33.0,A
249.03,314.17,Eugenia,21.9,A
295.1,21.65,Aglaia,27.3,A
163.45,129.86,Beilschmiedia,126.8,A
160.88,240.6,Faramea,26.9,A
10.51,84.67,Beilschmiedia,10.4,A
47.7,263.17,Calophyllum,50.1,A
87.63,119.44,Inga,19.3,A
367.52,317.86,Calophyllum,346.3,A
173.33,369.36,Guarea,29.7,A
51.04,272.58,Faramea,12.9,A
211.5,388.32,Cordia,129.2,A
347.38,374.71,Aglaia,,D
141.41,111.0,Cordia,21.3,A
114.83,76.76,Protium,19.0,A
203.8,109.52,Aglaia,10.1,A
333.96,106.3,Aglaia,70.4,A
275.01,198.85,Eugenia,74.2,A
74.8,290.54,Drypetes,,M
321.27,117.65,Beilschmiedia,33.2,A
84.31,107.26,Inga,23.6,A
76.95,118.31,Dipteryx,16.1,A
60.12,79.0,Sloanea,,M
273.7,240.89,Calophyllum,45.9,A
257.22,310.97,Aglaia,26.4,A
182.23,192.08,Cordia,12.2,A
49.56,280.65,Cordia,14.3,A
418.99,172.6,Aglaia,25.2,A
167.15,288.07,Faramea,12.1,A
51.33,129.9,Virola,168.3,A
15.76,24.88,Dipteryx,21.1,A
157.02,125.72,Inga,163.7,A
45.07,377.09,Quararibea,30.1,A
223.17,348.14,Nectandra,66.0,A
339.24,375.02,Aglaia,110.8,A
141.72,104.59,Dipteryx,30.2,A
42.32,347.44,Quararibea,11.1,A
545.88,55.37,Alseis,24.3,A
187.74,389.01,Cupania,19.0,A
62.33,302.91,Dipteryx,163.1,A
249.19,255.35,Beilschmiedia,69.5,A
56.41,237.26,Cordia,190.6,A
46.34,254.91,Drypetes,11.8,A
236.57,266.12,Sloanea,104.3,A
237.24,129.02,Guarea,13.7,A
184.08,349.02,Faramea,321.3,A
394.23,192.44,Dipteryx,12.9,A
38.69,366.46,Beilschmiedia,12.6,A
445.29,196.82,Dipteryx,29.2,A
207.99,353.58,Hirtella,19.9,A
228.02,387.29,Calophyllum,51.7,A
412.65,179.57,Jacaranda,15.0,A
246.97,374.49,Dipteryx,24.5,A
30.14,63.28,Macaranga,23.5,A
26.03,233.12,Knema,13.1,A
148.49,221.22,Jacaranda,12.8,A
105.14,30.6,Aglaia,47.1,A
97.0,106.44,Shorea,95.1,A
562.31,79.77,Knema,43.6,A
260.85,341.77,Dipteryx,36.5,A
400.75,50.67,Inga,23.2,A
214.97,49.47,Dipteryx,,D
159.87,27.47,Dipteryx,11.4,A
251.61,224.62,Calophyllum,65.4,A
140.81,156.69,Cordia,83.1,A
297.9,158.62,Beilschmiedia,155.3,A
156.71,218.8,Calophyllum,97.9,A
554.82,76.4,Faramea,14.6,A
340.24,349.36,Aglaia,117.1,A
102.58,384.95,Knema,28.6,A
111.77,266.43,Calophyllum,21.3,A
312.91,302.0,Alseis,387.6,A
411.74,174.06,Calophyllum,603.8,A
191.61,319.53,Drypetes,17.7,A
5.97,295.14,Faramea,103.3,A
498.56,97.95,Drypetes,51.7,A
383.04,365.33,Dipteryx,14.8,A
363.29,216.28,Eugenia,78.3,A
141.21,373.6,Calophyllum,83.4,A
569.53,93.12,Knema,20.1,A
361.97,380.25,Tetragastris,40.5,A
492.18,133.96,Calophyllum,559.9,A
50.93,234.75,Cordia,44.8,A
39.97,141.08,Virola,,D
207.66,70.05,Hirtella,19.9,A
247.25,64.62,Garcinia,16.7,A
371.42,189.76,Faramea,93.3,A
510.14,66.65,Faramea,247.4,A
79.3,304.08,Rinorea,19.3,A
210.61,0.22,Cordia,65.6,A
501.04,139.41,Cordia,37.5,A
334.47,133.01,Alseis,34.9,A
411.63,156.56,Guarea,44.5,A
161.45,310.04,Alseis,16.4,A
233.71,292.76,Swartzia,10.7,A
497.81,136.22,Beilschmiedia,33.2,A
273.67,211.18,Calophyllum,88.5,A
296.1,8.87,Beilschmiedia,15.0,A
30.46,230.06,Xylopia,24.6,A
116.84,150.81,Gustavia,10.8,A
208.12,362.55,Trichilia,12.3,A
9.17,213.25,Alseis,540.2,A
46.34,114.73,Alseis,269.4,A
102.99,113.18,Drypetes,13.3,A
158.56,397.33,Calophyllum,13.1,A
312.81,17.67,Aglaia,39.7,A
142.15,294.9,Jacaranda,10.4,A
395.81,58.89,Inga,24.6,A
378.95,84.03,Garcinia,46.2,A
88.34,162.83,Macaranga,12.4,A
560.71,82.06,Beilschmiedia,14.4,A
49.47,240.24,Garcinia,67.6,A
483.6,146.26,Swartzia,12.5,A
271.04,241.1,Beilschmiedia,15.8,A
356.63,336.81,Eugenia,19.2,A
376.23,384.56,Aglaia,156.8,A
360.98,220.94,Eugenia,10.6,A
160.52,127.94,Beilschmiedia,14.3,A
411.12,188.07,Aglaia,75.5,A
352.24,114.73,Aglaia,123.6,A
305.62,192.85,Inga,32.2,A
211.46,68.07,Ocotea,246.8,A
55.18,290.65,Faramea,68.4,A
456.05,53.08,Beilschmiedia,71.8,A
318.5,107.4,Beilschmiedia,21.2,A
537.38,160.97,Cordia,20.0,A
584.37,35.68,Faramea,254.3,A
366.43,353.6,Dipteryx,17.3,A
273.82,163.92,Beilschmiedia,18.0,A
110.75,31.41,Aglaia,,D
464.28,169.86,Shorea,27.2,A
100.3,43.22,Cordia,29.4,A
570.27,145.43,Faramea,20.5,A
316.82,135.61,Inga,18.7,A
535.86,188.16,Beilschmiedia,99.0,A
183.6,223.16,Drypetes,,D
234.08,58.76,Garcinia,82.2,A
282.63,201.93,Shorea,117.0,A
215.33,48.99,Dipteryx,57.6,A
243.55,173.77,Calophyllum,104.8,A
286.04,338.89,Alseis,23.6,A
494.21,27.7,Eugenia,10.4,A
365.39,1.47,Calophyllum,,D
453.03,41.88,Eugenia,17.8,A
361.67,259.71,Dipteryx,14.3,A
572.67,196.09,Faramea,11.3,A
244.78,326.45,Dipteryx,406.5,A
121.77,231.8,Eugenia,15.2,A
495.53,136.92,Beilschmiedia,30.7,A
460.15,175.75,Drypetes,95.1,A
333.99,387.89,Sloanea,,M
10.29,303.48,Drypetes,10.3,A
295.2,187.57,Calophyllum,40.3,A
107.03,64.93,Jacaranda,87.8,A
312.7,166.26,Inga,94.8,A
242.39,336.66,Hirtella,10.3,A
229.85,192.0,Cordia,12.8,A
125.7,221.09,Eugenia,21.8,A
417.57,83.63,Eugenia,153.3,A
221.81,45.12,Protium,12.0,A
469.47,42.94,Eugenia,22.4,A
478.97,9.24,Licania,10.6,A
220.84,313.61,Trichilia,19.2,A
358.66,369.77,Aglaia,11.5,A
7.48,306.74,Cordia,,D
258.78,31.05,Faramea,10.4,A
174.42,133.76,Beilschmiedia,92.3,A
156.03,119.03,Palaquium,358.9,A
201.96,218.48,Drypetes,50.1,A
158.89,182.07,Swartzia,20.3,A
127.69,397.79,Cordia,23.7,A
11.41,84.09,Dipteryx,27.7,A
242.63,399.52,Hirtella,27.1,A
204.72,227.83,Aglaia,39.1,A
112.42,195.65,Aglaia,59.1,A
147.86,345.72,Sloanea,26.4,A
11.92,263.57,Alseis,23.8,A
256.91,187.82,Dipteryx,144.0,A
426.59,88.55,Dipteryx,143.8,A
358.38,357.14,Calophyllum,83.1,A
329.28,94.04,Cecropia,,D
434.25,55.16,Beilschmiedia,51.1,A
233.23,348.18,Trichilia,25.4,A
436.03,60.7,Jacaranda,24.0,A
16.55,329.65,Drypetes,26.5,A
345.47,361.87,Trichilia,23.7,A
175.19,340.99,Beilschmiedia,20.1,A
568.79,72.65,Beilschmiedia,158.6,A
173.35,171.39,Drypetes,26.7,A
212.8,223.56,Eugenia,10.8,A
203.67,212.23,Drypetes,44.7,A
271.71,156.04,Faramea,15.5,A
129.39,178.81,Dipteryx,12.3,A
588.81,122.6,Ocotea,15.0,A
498.3,66.17,Cordia,15.1,A
378.56,78.63,Guarea,57.7,A
370.12,214.45,Garcinia,133.6,A
61.82,236.0,Eugenia,28.8,A
347.24,339.13,Eugenia,10.5,A
397.39,338.57,Aglaia,31.0,A
63.69,214.56,Alseis,13.3,A
106.48,146.58,Protium,,M
74.29,228.89,Eugenia,11.7,A
580.16,81.81,Xylopia,16.6,A
40.28,149.22,Virola,16.8,A
186.43,175.18,Dipteryx,47.9,A
328.58,142.84,Alseis,16.8,A
259.75,177.99,Calophyllum,,D
68.57,355.82,Jacaranda,123.2,A
84.31,146.63,Aglaia,15.1,A
138.03,122.11,Garcinia,23.1,A
299.28,202.57,Inga,76.3,A
575.27,24.89,Calophyllum,16.7,A
305.49,106.61,Beilschmiedia,,D
404.0,37.1,Calophyllum,13.4,A
448.79,44.54,Cordia,11.7,A
586.17,85.67,Eugenia,25.6,A
455.37,61.79,Licania,76.8,A
79.92,370.64,Beilschmiedia,12.5,A
348.04,395.41,Beilschmiedia,,D
8.21,100.32,Alseis,85.6,A
401.9,196.82,Dipteryx,88.1,A
264.96,243.44,Beilschmiedia,10.9,A
342.2,366.06,Alseis,104.6,A
323.72,314.33,Alseis,54.2,A
335.13,247.91,Cecropia,19.4,A
61.65,304.02,Beilschmiedia,,D
95.7,253.57,Drypetes,34.3,A
185.07,76.87,Protium,23.1,A
218.92,42.99,Faramea,17.7,A
302.81,11.58,Jacaranda,13.0,A
217.55,188.44,Alseis,302.5,A
553.41,90.53,Beilschmiedia,10.1,A
147.65,323.71,Quararibea,,D
483.4,23.56,Licania,,D
310.04,52.98,Hura,118.6,A
153.63,21.31,Alseis,,D
167.38,213.8,Dipteryx,26.6,A
159.34,274.81,Faramea,40.0,A
345.64,325.11,Guarea,13.4,A
511.9,117.41,Calophyllum,17.6,A
304.6,42.07,Nectandra,28.7,A
558.7,40.53,Aglaia,14.0,A
429.93,49.15,Hirtella,17.7,A
28.51,62.55,Dipteryx,44.8,A
14.09,268.92,Drypetes,50.5,A
409.29,145.55,Aglaia,153.1,A
143.97,336.96,Knema,342.4,A
403.94,52.99,Alseis,27.9,A
578.71,99.12,Ocotea,13.6,A
204.15,196.53,Shorea,43.3,A
157.75,385.78,Alseis,15.0,A
135.41,215.92,Faramea,21.6,A
555.02,31.45,Guarea,24.7,A
338.95,350.17,Alseis,141.6,A
25.46,259.48,Guarea,34.2,A
366.63,318.06,Calophyllum,,M
283.27,315.6,Aglaia,26.3,A
497.68,28.35,Licania,63.3,A
207.14,139.96,Dipteryx,122.0,A
138.46,257.72,Alseis,467.7,A
356.72,232.26,Cecropia,34.8,A
137.21,155.39,Faramea,14.3,A
51.48,7.25,Garcinia,203.5,A
104.89,274.6,Cordia,20.3,A
269.23,151.66,Calophyllum,34.6,A
159.23,214.86,Cordia,10.4,A
325.82,297.72,Cordia,19.6,A
514.45,11.92,Cordia,29.9,A
139.97,261.13,Alseis,23.8,A
164.21,342.9,Cordia,,D
235.6,327.53,Aglaia,30.0,A
328.53,209.36,Dipteryx,41.1,A
315.71,76.04,Hirtella,43.0,A
180.47,342.6,Aglaia,,D
346.71,368.47,Tetragastris,13.8,A
317.59,208.86,Cordia,10.5,A
594.2,86.72,Beilschmiedia,25.7,A
64.19,9.64,Dipteryx,445.9,A
332.36,104.42,Cordia,,D
90.2,114.33,Inga,21.1,A
359.08,249.08,Cecropia,79.0,A
83.87,384.15,Quararibea,20.6,A
35.15,278.28,Faramea,63.1,A
306.49,123.3,Inga,10.8,A
270.52,172.79,Jacaranda,19.2,A
237.78,279.32,Calophyllum,72.7,A
244.38,186.55,Quararibea,69.5,A
286.22,194.51,Knema,10.3,A
160.63,139.36,Aglaia,26.1,A
406.61,132.38,Palaquium,,M
393.09,83.75,Beilschmiedia,222.3,A
170.43,330.11,Beilschmiedia,38.1,A
117.21,199.84,Aglaia,28.1,A
61.14,189.39,Cordia,45.0,A
48.92,242.11,Garcinia,13.2,A
356.89,30.07,Swartzia,58.4,A
294.06,185.53,Ocotea,16.9,A
289.86,273.55,Ocotea,155.8,A
374.82,313.1,Cordia,14.0,A
47.35,220.65,Eugenia,51.7,A
499.25,159.39,Calophyllum,147.9,A
331.29,250.54,Eugenia,27.1,A
164.39,303.59,Alseis,11.5,A
132.36,290.22,Knema,15.8,A
124.66,38.9,Aglaia,55.0,A
577.61,173.92,Faramea,97.2,A
398.87,258.98,Knema,138.4,A
156.27,98.66,Calophyllum,66.1,A
281.54,20.04,Calophyllum,42.6,A
280.97,179.79,Inga,20.9,A
471.67,162.49,Dipteryx,74.5,A
489.67,87.62,Drypetes,13.9,A
163.78,79.77,Inga,191.4,A
58.72,340.92,Garcinia,17.3,A
354.58,44.52,Aglaia,23.5,A
313.2,399.86,Macaranga,22.3,A
528.94,37.74,Swartzia,66.6,A
574.77,156.98,Faramea,79.6,A
79.54,186.1,Cordia,20.9,A
94.95,328.1,Cordia,10.9,A
190.57,143.87,Aglaia,110.2,A
271.94,236.29,Beilschmiedia,12.1,A
192.74,305.66,Eugenia,12.4,A
358.58,45.15,Protium,61.6,A
286.61,161.57,Beilschmiedia,16.6,A
544.59,155.45,Beilschmiedia,18.2,A
464.6,21.75,Calophyllum,333.6,A
28.4,36.5,Licania,105.9,A
67.11,16.36,Hirtella,63.8,A
55.15,265.65,Eugenia,12.6,A
192.49,222.6,Aglaia,15.2,A
15.81,262.42,Dipteryx,13.5,A
365.64,239.36,Cordia,13.0,A
313.17,106.79,Beilschmiedia,24.9,A
445.56,4.16,Calophyllum,41.3,A
109.98,323.76,Aglaia,13.4,A
274.36,360.25,Dipteryx,15.5,A
415.33,132.38,Beilschmiedia,30.2,A
167.52,328.29,Beilschmiedia,,D
46.94,334.57,Garcinia,18.8,A
167.09,266.22,Cordia,11.1,A
72.99,374.07,Beilschmiedia,34.8,A
66.82,306.43,Calophyllum,17.7,A
214.79,247.69,Beilschmiedia,37.1,A
214.29,247.07,Cordia,12.0,A
203.3,303.03,Aglaia,14.9,A
49.23,8.13,Cordia,15.7,A
295.42,295.8,Licania,23.3,A
47.09,124.29,Drypetes,17.9,A
449.58,0.28,Guarea,27.4,A
372.16,38.53,Nectandra,18.0,A
18.03,42.77,Cordia,48.6,A
31.0,194.62,Sloanea,74.9,A
425.63,190.77,Alseis,32.9,A
325.98,296.72,Alseis,13.7,A
97.71,273.39,Calophyllum,133.7,A
309.76,208.85,Hirtella,,D
112.76,257.74,Aglaia,10.8,A
485.15,125.3,Eugenia,17.3,A
50.46,310.81,Faramea,30.3,A
498.87,110.2,Drypetes,51.2,A
371.65,97.98,Cordia,38.8,A
37.74,203.24,Drypetes,14.5,A
61.02,90.89,Macaranga,,D
340.27,94.8,Jacaranda,16.5,A
166.18,347.13,Eugenia,11.7,A
196.4,247.88,Aglaia,107.5,A
237.18,356.04,Eugenia,13.4,A
290.75,182.47,Faramea,103.2,A
68.52,215.64,Dipteryx,90.2,A
80.53,268.57,Diospyros,180.7,A
249.32,70.35,Ocotea,12.3,A
160.07,122.34,Beilschmiedia,84.8,A
249.5,284.4,Garcinia,100.4,A
144.59,103.34,Inga,12.7,A
349.32,37.35,Alseis,11.9,A
152.25,111.1,Hirtella,19.4,A
434.05,121.97,Calophyllum,21.0,A
46.37,168.64,Aglaia,29.8,A
52.92,135.28,Virola,13.4,A
556.79,5.8,Cordia,35.3,A
453.75,96.91,Calophyllum,10.7,A
321.38,11.82,Garcinia,17.6,A
327.72,94.86,Cordia,123.5,A
125.76,398.8,Calophyllum,19.7,A
90.98,118.89,Drypetes,11.3,A
254.37,262.0,Dipteryx,223.7,A
223.31,123.58,Alseis,14.3,A
481.17,143.23,Ocotea,17.4,A
434.91,129.47,Beilschmiedia,85.3,A
369.12,86.25,Ocotea,65.0,A
41.41,261.11,Calophyllum,96.3,A
154.09,127.59,Beilschmiedia,10.3,A
16.51,352.14,Alseis,190.2,A
543.8,179.13,Rinorea,24.2,A
543.37,3.79,Licania,39.8,A
282.6,210.91,Faramea,139.5,A
567.09,42.2,Aglaia,66.3,A
194.64,50.71,Calophyllum,103.3,A
247.81,272.42,Alseis,,D
228.78,81.2,Eugenia,64.7,A
121.14,41.07,Aglaia,38.5,A
73.56,359.31,Jacaranda,96.1,A
279.37,215.12,Swartzia,20.1,A
99.5,336.45,Knema,,D
227.78,339.95,Trichilia,20.6,A
14.95,296.43,Dipteryx,90.1,A
37.4,134.32,Aglaia,,M
169.98,136.7,Palaquium,14.4,A
298.89,37.52,Cordia,62.9,A
362.37,79.05,Inga,174.9,A
372.25,174.09,Faramea,192.4,A
499.56,31.16,Cordia,40.5,A
404.9,132.45,Hirtella,102.0,A
167.96,71.37,Calophyllum,42.2,A
199.42,327.0,Dipteryx,17.7,A
34.82,312.84,Alseis,293.4,A
127.81,210.44,Aglaia,53.3,A
133.66,57.75,Macaranga,,D
335.19,234.71,Hirtella,21.5,A
339.75,272.22,Hirtella,11.4,A
125.35,202.36,Rinorea,19.8,A
265.58,243.84,Beilschmiedia,,D
193.75,0.56,Macaranga,,D
591.13,1.02,Ocotea,30.1,A
469.93,129.39,Macaranga,83.6,A
44.73,333.45,Calophyllum,15.9,A
237.12,170.21,Hirtella,71.6,A
279.33,162.13,Dipteryx,120.8,A
353.05,160.82,Ocotea,22.7,A
251.24,317.72,Eugenia,12.9,A
12.86,29.38,Sloanea,21.2,A
599.64,33.98,Ocotea,21.9,A
456.05,191.68,Cordia,101.7,A
204.59,196.23,Drypetes,116.6,A
306.43,280.02,Cordia,78.6,A
561.52,115.01,Macaranga,18.7,A
402.65,74.26,Garcinia,11.1,A
580.0,99.12,Faramea,38.6,A
152.46,138.65,Cordia,11.3,A
415.8,48.97,Macaranga,149.4,A
144.1,385.64,Alseis,26.4,A
399.56,89.41,Beilschmiedia,26.3,A
536.64,149.81,Dipteryx,53.3,A
73.38,249.17,Macaranga,22.8,A
320.22,203.16,Garcinia,82.6,A
83.62,238.3,Eugenia,,D
3.62,120.64,Aglaia,66.6,A
417.29,54.89,Inga,14.1,A
189.63,242.34,Aglaia,11.3,A
340.39,233.3,Protium,15.4,A
15.45,200.56,Alseis,20.4,A
86.17,395.18,Guarea,57.2,A
262.37,255.38,Beilschmiedia,,D
202.38,332.16,Dipteryx,448.4,A
128.68,188.16,Aglaia,,D
315.02,297.07,Alseis,62.7,A
406.8,32.13,Inga,45.5,A
164.99,211.14,Alseis,14.9,A
346.34,373.91,Aglaia,51.4,A
396.33,104.53,Protium,110.6,A
206.61,265.59,Aglaia,69.5,A
144.23,388.7,Quararibea,,D
15.34,64.0,Shorea,72.3,A
191.79,219.88,Calophyllum,17.3,A
571.34,70.63,Alseis,41.8,A
51.56,342.36,Rinorea,,D
290.62,150.57,Beilschmiedia,28.5,A
14.14,380.93,Beilschmiedia,28.6,A
214.35,155.45,Swartzia,433.0,A
517.4,1.61,Hirtella,18.1,A
334.51,86.16,Drypetes,,D
96.66,341.17,Aglaia,15.2,A
113.35,47.82,Hirtella,173.6,A
399.04,321.92,Alseis,371.6,A
28.01,110.69,Alseis,49.7,A
10.57,250.4,Faramea,11.2,A
97.0,155.47,Dipteryx,38.8,A
295.58,207.29,Faramea,17.0,A
19.73,229.25,Calophyllum,642.6,A
544.73,45.29,Alseis,82.3,A
89.57,120.05,Palaquium,,D
172.67,381.26,Dipteryx,,D
217.41,234.93,Eugenia,50.5,A
116.53,333.67,Garcinia,29.7,A
491.56,83.31,Licania,10.6,A
342.85,228.12,Sloanea,40.1,A
339.99,341.06,Calophyllum,14.1,A
404.46,133.07,Guarea,11.4,A
37.22,363.83,Guarea,10.6,A
596.92,142.01,Knema,10.0,A
281.55,45.98,Cordia,102.2,A
183.17,244.32,Cordia,69.1,A
88.96,183.35,Macaranga,49.4,A
202.18,347.87,Aglaia,19.7,A
156.83,327.22,Guarea,11.6,A
366.47,136.25,Macaranga,125.8,A
230.08,90.12,Eugenia,63.4,A
300.98,351.21,Aglaia,51.7,A
217.82,250.76,Aglaia,26.5,A
247.71,267.06,Garcinia,11.2,A
342.89,182.4,Dipteryx,71.7,A
249.8,166.34,Alseis,25.5,A
450.0,198.16,Drypetes,35.9,A
37.21,133.84,Aglaia,149.4,A
449.65,97.69,Hirtella,11.4,A
223.05,204.53,Hirtella,15.3,A
133.37,68.33,Alseis,25.4,A
421.66,171.04,Alseis,27.8,A
460.44,11.66,Beilschmiedia,15.8,A
325.56,384.04,Jacaranda,43.6,A
105.5,276.11,Macaranga,30.5,A
311.7,201.92,Inga,38.8,A
574.37,92.62,Beilschmiedia,268.0,A
84.28,308.7,Drypetes,19.4,A
223.82,316.7,Eugenia,11.5,A
18.64,137.58,Inga,65.9,A
358.8,359.46,Aglaia,39.4,A
356.02,341.81,Jacaranda,12.9,A
75.84,52.17,Alseis,12.3,A
134.1,201.74,Faramea,26.7,A
464.3,152.66,Ocotea,20.5,A
271.22,3.04,Beilschmiedia,104.6,A
411.62,10.47,Calophyllum,,D
85.73,154.02,Macaranga,58.4,A
475.05,90.52,Licania,72.6,A
314.86,118.66,Beilschmiedia,75.5,A
163.19,286.82,Calophyllum,16.1,A
329.31,378.47,Alseis,13.3,A
69.25,216.79,Drypetes,26.2,A
154.83,211.75,Guarea,254.5,A
25.08,89.44,Beilschmiedia,163.3,A
520.21,102.41,Drypetes,24.3,A
178.77,92.69,Inga,31.7,A
503.86,80.69,Ocotea,23.7,A
392.8,166.06,Palaquium,14.9,A
151.57,396.26,Ocotea,29.3,A
198.99,219.78,Aglaia,108.8,A
107.07,12.19,Dipteryx,387.9,A
43.91,1.35,Garcinia,62.4,A
92.72,132.1,Ocotea,95.2,A
479.68,196.56,Ocotea,,D
69.75,44.11,Cordia,170.3,A
242.14,174.78,Cordia,17.0,A
185.31,392.86,Cupania,11.1,A
366.43,249.99,Beilschmiedia,21.3,A
124.79,228.08,Dipteryx,38.1,A
190.62,363.39,Cordia,10.1,A
120.42,290.85,Swartzia,55.6,A
84.59,146.87,Inga,38.6,A
485.36,164.18,Drypetes,32.4,A
6.91,324.92,Drypetes,10.6,A
161.58,49.39,Hirtella,,M
545.75,149.63,Ocotea,39.6,A
174.61,221.73,Calophyllum,447.3,A
16.73,315.52,Drypetes,12.0,A
291.77,253.78,Hirtella,25.3,A
287.6,395.46,Dipteryx,43.8,A
443.14,73.71,Calophyllum,,D
125.03,120.24,Dipteryx,420.8,A
207.55,238.99,Aglaia,45.3,A
155.22,146.37,Swartzia,15.5,A
224.87,89.48,Eugenia,11.2,A
212.59,301.93,Faramea,67.9,A
180.79,200.46,Palaquium,36.8,A
244.09,296.91,Jacaranda,15.7,A
425.76,23.93,Beilschmiedia,52.2,A
523.84,176.71,Beilschmiedia,75.1,A
403.68,76.35,Garcinia,74.2,A
248.64,199.5,Garcinia,10.5,A
292.63,308.96,Aglaia,88.0,A
351.95,29.51,Alseis,154.8,A
466.13,151.44,Drypetes,10.3,A
431.37,182.58,Eugenia,10.4,A
237.37,259.43,Dipteryx,11.7,A
166.74,141.62,Beilschmiedia,26.3,A
312.14,144.5,Inga,12.6,A
217.85,254.31,Beilschmiedia,230.4,A
231.14,350.22,Eugenia,18.9,A
206.16,124.41,Alseis,111.3,A
385.42,236.35,Alseis,11.3,A
473.5,160.45,Dipteryx,24.6,A
481.12,126.94,Eugenia,56.9,A
282.54,344.18,Alseis,61.6,A
240.84,346.26,Dipteryx,37.3,A
73.39,295.6,Aglaia,17.2,A
130.0,384.71,Sloanea,65.6,A
231.15,220.69,Eugenia,83.1,A
198.6,390.31,Jacaranda,16.4,A
348.27,20.98,Jacaranda,,D
20.2,192.3,Nectandra,14.4,A
236.71,286.5,Aglaia,18.0,A
10.85,380.42,Alseis,428.4,A
315.74,235.94,Protium,42.9,A
510.48,186.99,Xylopia,35.0,A
501.68,41.75,Licania,39.2,A
82.25,316.25,Aglaia,51.5,A
320.33,28.94,Garcinia,16.1,A
131.66,177.97,Faramea,22.0,A
19.53,79.42,Beilschmiedia,72.5,A
36.32,100.15,Eugenia,66.5,A
299.02,21.56,Aglaia,24.5,A
257.33,216.55,Garcinia,14.2,A
145.89,117.72,Dipteryx,17.0,A
276.18,181.92,Calophyllum,171.8,A
82.12,298.32,Calophyllum,10.7,A
227.89,182.05,Knema,125.4,A
84.76,77.24,Alseis,78.6,A
206.95,121.73,Protium,100.1,A
52.48,326.72,Aglaia,101.5,A
173.4,16.81,Guarea,293.6,A
50.63,231.55,Hirtella,77.8,A
104.57,272.72,Brosimum,58.7,A
103.16,23.97,Alseis,20.3,A
21.91,358.39,Cordia,,D
378.3,317.8,Licania,299.2,A
216.54,65.75,Jacaranda,37.6,A
224.44,206.12,Eugenia,35.5,A
9.25,371.61,Cordia,24.8,A
232.65,50.45,Dipteryx,,D
313.77,187.59,Inga,31.3,A
217.07,136.88,Alseis,,D
340.71,236.41,Cordia,,D
492.32,149.07,Beilschmiedia,59.8,A
151.44,140.76,Beilschmiedia,,D
496.73,119.97,Eugenia,22.9,A
525.29,150.11,Aglaia,22.0,A
277.78,314.79,Aglaia,45.6,A
339.35,362.69,Aglaia,30.4,A
455.0,90.63,Alseis,31.1,A
52.23,13.6,Dipteryx,26.3,A
26.4,222.03,Guarea,12.3,A
308.87,233.2,Hirtella,110.2,A
309.85,209.19,Hirtella,173.3,A
97.75,96.5,Inga,34.6,A
108.16,21.19,Eugenia,76.1,A
43.74,117.1,Dipteryx,21.8,A
107.89,131.59,Alseis,18.2,A
25.64,140.31,Virola,305.3,A
111.37,137.76,Guarea,176.8,A
307.08,319.29,Calophyllum,131.0,A
504.51,46.83,Drypetes,23.4,A
395.78,222.56,Eugenia,108.8,A
304.55,131.36,Inga,11.4,A
572.91,84.61,Aglaia,,M
186.89,292.68,Faramea,66.3,A
572.22,76.31,Beilschmiedia,14.0,A
516.08,146.29,Aglaia,91.3,A
384.52,248.46,Garcinia,20.0,A
307.39,164.29,Inga,,D
100.68,304.41,Knema,15.1,A
316.14,28.54,Nectandra,21.7,A
77.07,322.28,Calophyllum,812.7,A
487.01,186.26,Knema,87.9,A
341.49,370.21,Calophyllum,16.8,A
242.76,110.28,Guarea,11.8,A
366.95,375.34,Tetragastris,56.8,A
264.05,328.66,Calophyllum,394.1,A
57.94,225.59,Garcinia,229.3,A
96.69,383.27,Beilschmiedia,10.1,A
215.41,215.93,Garcinia,73.9,A
40.04,138.39,Drypetes,10.8,A
273.29,339.06,Luehea,39.4,A
115.18,257.89,Quararibea,22.9,A
349.64,117.45,Knema,161.2,A
426.12,181.83,Calophyllum,65.6,A
304.68,7.41,Ocotea,22.2,A
402.35,174.21,Cordia,13.4,A
407.25,43.38,Drypetes,31.7,A
560.36,150.71,Calophyllum,41.5,A
40.3,221.12,Drypetes,11.6,A
245.7,188.5,Eugenia,,D
176.54,382.11,Cupania,163.3,A
303.8,189.56,Inga,,D
153.86,376.42,Alseis,12.1,A
150.94,150.68,Cordia,32.7,A
283.96,32.11,Faramea,14.9,A
134.37,378.06,Cordia,157.9,A
80.64,68.87,Aglaia,20.9,A
65.61,122.73,Inga,200.1,A
361.86,257.53,Calophyllum,48.1,A
345.17,179.64,Cordia,88.0,A
589.94,161.84,Tetragastris,69.4,A
497.69,80.01,Beilschmiedia,12.3,A
416.3,130.12,Macaranga,11.4,A
392.8,35.48,Inga,15.2,A
60.68,7.51,Dipteryx,135.5,A
279.03,280.04,Dipteryx,18.2,A
177.86,187.78,Drypetes,108.3,A
51.68,235.81,Eugenia,81.3,A
186.42,189.39,Aglaia,29.8,A
384.74,73.88,Alseis,319.8,A
492.79,142.78,Beilschmiedia,12.0,A
185.38,217.94,Drypetes,12.1,A
151.13,90.46,Drypetes,37.8,A
400.61,55.69,Jacaranda,11.0,A
17.42,83.09,Beilschmiedia,81.6,A
77.64,223.4,Dipteryx,44.8,A
227.4,187.12,Dipteryx,19.7,A
436.49,134.7,Aglaia,93.5,A
5.47,161.4,Xylopia,14.6,A
22.54,302.2,Drypetes,35.7,A
75.29,94.75,Inga,17.5,A
395.49,113.6,Swartzia,13.2,A
149.73,154.38,Dipteryx,22.2,A
563.77,61.44,Aglaia,28.9,A
397.8,53.72,Inga,12.4,A
110.5,257.45,Jacaranda,17.5,A
234.59,281.87,Beilschmiedia,,D
483.62,132.08,Eugenia,25.6,A
586.69,78.21,Alseis,41.9,A
341.3,25.04,Hirtella,78.9,A
536.81,167.01,Beilschmiedia,18.9,A
439.97,199.26,Dipteryx,17.3,A
346.62,340.49,Dipteryx,49.0,A
56.68,154.57,Jacaranda,19.7,A
216.15,260.85,Aglaia,17.1,A
388.91,258.25,Aglaia,11.7,A
519.99,64.4,Cordia,162.9,A
496.0,105.71,Eugenia,33.4,A
213.04,340.08,Trichilia,10.8,A
199.62,144.56,Aglaia,131.5,A
9.31,126.79,Macaranga,25.2,A
431.98,6.36,Beilschmiedia,37.2,A
152.61,123.62,Cordia,21.8,A
337.39,265.55,Calophyllum,42.7,A
442.19,197.66,Drypetes,41.3,A
154.51,67.91,Nectandra,26.1,A
365.76,339.53,Cordia,73.0,A
60.59,149.2,Cordia,43.4,A
22.55,390.51,Alseis,38.5,A
400.22,103.37,Calophyllum,93.8,A
90.99,124.44,Inga,28.5,A
397.43,9.02,Calophyllum,90.0,A
115.48,32.13,Hirtella,10.2,A
568.88,115.56,Aglaia,33.1,A
334.61,5.45,Guarea,14.5,A
419.55,142.2,Beilschmiedia,13.3,A
457.88,186.23,Eugenia,12.3,A
13.92,317.96,Drypetes,15.7,A
17.84,278.42,Faramea,459.9,A
558.45,116.92,Aglaia,67.1,A
276.8,355.68,Aglaia,141.1,A
176.26,335.93,Beilschmiedia,13.1,A
352.92,195.29,Ocotea,24.1,A
307.51,153.07,Beilschmiedia,11.5,A
255.26,277.2,Aglaia,98.1,A
9.67,153.31,Garcinia,43.0,A
473.96,50.46,Swartzia,11.1,A
15.11,79.87,Sloanea,29.4,A
348.72,345.23,Eugenia,115.3,A
190.56,333.49,Drypetes,24.4,A
128.0,57.47,Inga,10.9,A
160.97,140.19,Beilschmiedia,71.8,A
423.38,70.77,Garcinia,20.0,A
226.01,237.51,Dipteryx,91.5,A
85.57,215.75,Calophyllum,51.8,A
46.25,342.4,Garcinia,10.4,A
307.39,321.9,Trichilia,15.8,A
249.2,290.21,Aglaia,11.0,A
141.42,200.21,Cordia,,D
221.6,76.57,Calophyllum,138.1,A
92.44,297.31,Beilschmiedia,20.7,A
121.33,69.37,Inga,19.1,A
82.25,77.91,Cordia,14.6,A
410.91,99.0,Drypetes,11.6,A
547.03,125.42,Calophyllum,594.7,A
358.73,136.04,Calophyllum,29.4,A
110.3,25.07,Eugenia,95.3,A
60.08,131.12,Alseis,10.7,A
334.24,267.99,Alseis,97.2,A
378.8,91.27,Drypetes,14.1,A
48.52,352.11,Calophyllum,,D
303.01,78.63,Aglaia,26.8,A
253.68,325.4,Beilschmiedia,10.6,A
90.62,334.6,Aglaia,12.9,A
365.3,57.15,Aglaia,10.8,A
61.27,124.21,Hirtella,65.1,A
242.61,275.0,Alseis,16.2,A
6.04,392.6,Alseis,16.2,A
429.61,38.44,Calophyllum,10.6,A
35.78,85.29,Eugenia,10.4,A
172.8,335.36,Beilschmiedia,174.6,A
584.05,76.39,Jacaranda,,D
155.03,231.94,Dipteryx,247.0,A
223.41,245.43,Guarea,185.3,A
296.49,306.49,Aglaia,74.0,A
331.36,220.35,Faramea,191.1,A
200.96,248.4,Drypetes,13.0,A
434.83,115.51,Aglaia,98.1,A
49.41,84.98,Dipteryx,82.6,A
589.77,135.54,Xylopia,20.8,A
94.59,338.43,Aglaia,120.5,A
391.7,86.92,Alseis,16.8,A
277.08,11.45,Calophyllum,19.9,A
171.03,7.67,Xylopia,30.6,A
316.29,103.5,Beilschmiedia,38.7,A
251.75,177.45,Rinorea,61.5,A
100.44,335.86,Swartzia,90.3,A
467.91,156.74,Beilschmiedia,16.0,A
413.82,192.68,Eugenia,26.0,A
432.44,23.58,Beilschmiedia,41.4,A
350.51,337.95,Eugenia,71.5,A
1.04,170.65,Aglaia,10.7,A
153.56,226.47,Aglaia,11.1,A
243.96,335.06,Beilschmiedia,257.4,A
170.76,316.91,Aglaia,16.3,A
501.61,112.42,Drypetes,12.4,A
317.57,335.17,Hirtella,30.7,A
438.97,79.04,Garcinia,55.7,A
247.35,91.55,Cordia,45.5,A
263.8,302.37,Hirtella,180.9,A
89.49,328.64,Cordia,22.9,A
91.77,181.4,Dipteryx,91.7,A
418.42,60.62,Garcinia,90.1,A
372.72,161.11,Protium,10.2,A
122.89,326.33,Knema,921.8,A
182.03,332.5,Aglaia,12.1,A
566.59,79.25,Beilschmiedia,10.7,A
540.03,71.63,Aglaia,28.7,A
590.68,138.03,Calophyllum,725.0,A
567.47,74.61,Alseis,49.0,A
141.71,111.14,Inga,74.9,A
597.22,46.99,Guarea,18.8,A
240.6,125.77,Protium,16.4,A
193.3,226.9,Cordia,122.1,A
393.74,351.33,Aglaia,50.6,A
587.62,12.58,Faramea,22.2,A
23.6,195.32,Cordia,11.6,A
85.46,302.61,Drypetes,36.5,A
100.92,53.38,Aglaia,,D
4.62,89.3,Beilschmiedia,40.4,A
208.63,266.43,Alseis,10.7,A
171.29,323.28,Drypetes,16.4,A
214.93,268.36,Aglaia,,D
54.51,131.92,Alseis,,D
206.05,245.7,Beilschmiedia,100.0,A
376.74,71.6,Alseis,22.9,A
29.7,254.26,Calophyllum,10.1,A
51.68,20.38,Dipteryx,158.1,A
247.97,13.63,Alseis,13.0,A
370.47,12.92,Hura,324.5,A
160.52,301.58,Calophyllum,46.4,A
81.82,220.0,Eugenia,21.3,A
341.95,245.47,Faramea,77.5,A
467.22,164.92,Beilschmiedia,11.6,A
169.71,90.12,Protium,38.1,A
152.38,336.76,Guarea,,D
246.59,293.72,Nectandra,11.5,A
357.18,386.75,Ocotea,12.7,A
540.9,126.64,Knema,16.8,A
190.81,197.4,Aglaia,13.0,A
6.01,17.67,Calophyllum,20.7,A
378.68,368.27,Cordia,96.3,A
491.5,33.53,Calophyllum,22.6,A
126.2,193.4,Gustavia,112.2,A
541.53,57.67,Calophyllum,24.1,A
200.55,359.95,Rinorea,14.6,A
548.53,51.17,Licania,37.0,A
167.63,339.84,Beilschmiedia,105.3,A
168.45,33.18,Knema,13.7,A
71.16,151.22,Cordia,50.7,A
189.52,214.79,Garcinia,69.2,A
371.74,222.77,Garcinia,40.8,A
207.72,326.81,Trichilia,75.5,A
140.18,94.49,Sloanea,73.2,A
328.72,39.51,Calophyllum,13.3,A
157.34,255.88,Rinorea,10.1,A
332.12,121.58,Cecropia,31.8,A
534.77,100.86,Knema,57.1,A
276.92,49.91,Calophyllum,329.5,A
4.29,230.2,Faramea,191.7,A
404.79,30.37,Garcinia,228.8,A
186.97,136.59,Aglaia,13.9,A
99.33,334.69,Knema,21.3,A
241.84,274.0,Beilschmiedia,197.7,A
303.57,79.35,Calophyllum,283.7,A
131.68,263.21,Cordia,12.3,A
76.51,323.48,Drypetes,29.5,A
51.4,179.36,Knema,311.9,A
186.55,333.12,Beilschmiedia,15.9,A
40.69,304.42,Drypetes,11.7,A
331.97,103.82,Macaranga,22.9,A
165.71,263.36,Alseis,22.4,A
20.56,98.47,Drypetes,339.2,A
206.94,127.59,Alseis,51.6,A
476.33,41.51,Eugenia,48.1,A
254.01,337.86,Dipteryx,39.2,A
109.0,219.39,Eugenia,21.0,A
203.83,276.83,Dipteryx,28.7,A
351.37,59.41,Aglaia,10.1,A
254.82,278.04,Alseis,38.6,A
224.95,322.88,Aglaia,,D
303.25,225.89,Calophyllum,21.4,A
280.41,161.8,Beilschmiedia,,D
141.44,135.58,Beilschmiedia,24.7,A
168.09,257.52,Hirtella,37.1,A
454.99,81.36,Protium,189.2,A
226.88,50.04,Garcinia,203.3,A
174.0,7.06,Cordia,35.5,A
560.18,10.2,Licania,11.2,A
545.34,165.47,Beilschmiedia,,D
73.54,218.46,Alseis,23.9,A
390.39,154.37,Faramea,80.1,A
112.41,82.07,Dipteryx,10.8,A
33.58,232.97,Knema,24.9,A
404.46,41.02,Inga,17.5,A
292.25,23.22,Aglaia,43.8,A
457.39,145.1,Calophyllum,61.1,A
57.97,133.36,Virola,15.7,A
586.89,138.42,Calophyllum,12.0,A
36.73,271.64,Eugenia,96.2,A
243.32,397.69,Sloanea,31.4,A
353.58,277.6,Alseis,11.6,A
537.9,68.65,Faramea,,D
162.67,272.46,Alseis,80.6,A
41.18,198.97,Aglaia,39.2,A
309.16,141.27,Guarea,21.8,A
32.3,124.06,Alseis,89.0,A
580.95,76.38,Alseis,29.2,A
332.84,275.54,Calophyllum,12.2,A
211.01,68.53,Ocotea,,D
403.17,49.66,Drypetes,18.5,A
581.62,143.07,Knema,13.4,A
534.64,195.09,Alseis,68.4,A
85.09,113.57,Inga,10.4,A
499.03,105.05,Drypetes,10.9,A
47.92,200.87,Drypetes,25.1,A
472.13,130.47,Guarea,10.9,A
452.99,124.71,Shorea,,D
109.38,303.13,Calophyllum,118.0,A
37.36,219.73,Calophyllum,338.7,A
541.08,161.67,Rinorea,96.9,A
241.9,16.85,Alseis,72.1,A
173.01,303.94,Faramea,211.7,A
249.46,58.4,Garcinia,271.7,A
159.69,276.81,Dipteryx,195.2,A
61.42,146.07,Virola,32.0,A
545.02,38.56,Calophyllum,26.4,A
353.84,241.17,Macaranga,15.2,A
88.2,244.4,Nectandra,37.1,A
210.34,393.6,Calophyllum,81.8,A
207.56,136.58,Alseis,47.3,A
160.47,260.49,Rinorea,10.5,A
152.03,19.25,Alseis,31.3,A
159.0,300.17,Cordia,18.9,A
250.55,273.22,Eugenia,152.3,A
187.08,307.18,Ocotea,17.6,A
219.92,241.21,Aglaia,53.0,A
134.34,146.43,Drypetes,,M
531.28,41.75,Faramea,40.4,A
230.34,78.41,Eugenia,153.5,A
427.31,162.06,Cordia,20.5,A
337.88,342.95,Dipteryx,23.1,A
186.32,339.65,Eugenia,19.0,A
8.95,237.5,Calophyllum,135.4,A
349.03,238.14,Ocotea,150.9,A
333.06,392.04,Beilschmiedia,,D
373.91,87.29,Garcinia,197.8,A
130.33,12.53,Alseis,454.3,A
197.17,39.1,Alseis,82.6,A
339.47,396.04,Dipteryx,11.3,A
200.41,8.68,Calophyllum,60.8,A
208.78,109.08,Garcinia,277.5,A
135.58,283.68,Calophyllum,177.8,A
27.2,314.49,Faramea,11.0,A
402.7,84.5,Beilschmiedia,37.9,A
45.86,276.98,Calophyllum,324.5,A
392.76,221.08,Calophyllum,225.6,A
410.23,129.67,Alseis,15.5,A
99.97,341.06,Aglaia,,D
143.0,71.01,Calophyllum,23.1,A
251.85,319.92,Beilschmiedia,153.5,A
192.78,259.59,Aglaia,148.7,A
500.36,33.07,Faramea,10.2,A
287.33,283.87,Cordia,174.6,A
169.22,237.79,Quararibea,16.6,A
16.36,371.52,Beilschmiedia,15.9,A
26.45,220.45,Knema,10.1,A
50.04,146.93,Hirtella,14.1,A
421.9,58.7,Aglaia,73.3,A
576.63,129.52,Tetragastris,13.2,A
20.14,229.31,Calophyllum,,M
240.71,225.1,Garcinia,18.6,A
156.75,282.27,Calophyllum,51.9,A
466.01,196.22,Hirtella,21.1,A
533.76,42.72,Licania,11.0,A
6.37,271.01,Guarea,,D
136.88,169.64,Calophyllum,156.2,A
53.36,136.96,Drypetes,84.2,A
180.14,344.62,Cordia,12.1,A
94.74,103.85,Palaquium,47.5,A
397.16,6.75,Alseis,11.2,A
95.51,361.23,Beilschmiedia,27.4,A
434.84,195.2,Alseis,197.2,A
241.54,250.77,Aglaia,,D
194.12,246.25,Drypetes,90.2,A
364.1,185.97,Dipteryx,,D
78.69,310.67,Aglaia,104.7,A
395.45,33.45,Drypetes,23.0,A
187.78,3.9,Calophyllum,20.5,A
414.01,42.22,Inga,11.9,A
119.61,237.4,Palaquium,12.2,A
45.1,142.44,Virola,24.9,A
547.7,166.51,Beilschmiedia,90.8,A
407.66,59.49,Dipteryx,32.5,A
11.03,209.79,Anacardium,21.4,A
88.2,97.48,Dipteryx,82.9,A
509.8,182.13,Calophyllum,11.9,A
42.14,305.14,Alseis,14.2,A
116.62,59.39,Protium,35.5,A
294.82,299.67,Calophyllum,,D
336.77,397.78,Cordia,16.6,A
256.75,262.16,Alseis,66.3,A
531.09,125.49,Aglaia,48.0,A
438.4,69.62,Beilschmiedia,131.2,A
6.54,286.15,Knema,20.6,A
151.48,307.29,Faramea,35.6,A
500.21,83.27,Beilschmiedia,24.1,A
250.63,234.4,Calophyllum,25.0,A
111.55,173.13,Protium,11.4,A
391.77,7.76,Ocotea,21.1,A
182.33,147.52,Dipteryx,90.0,A
236.94,272.55,Eugenia,11.2,A
40.76,375.11,Beilschmiedia,92.3,A
195.48,270.4,Alseis,18.8,A
543.04,184.12,Guarea,12.2,A
347.96,162.03,Jacaranda,53.4,A
572.12,63.71,Alseis,451.3,A
69.95,313.08,Calophyllum,24.9,A
280.71,169.22,Faramea,,D
59.69,272.3,Garcinia,10.1,A
140.42,135.23,Beilschmiedia,27.1,A
340.44,157.69,Ficus,42.8,A
594.12,143.86,Knema,22.9,A
398.33,90.28,Beilschmiedia,234.1,A
74.24,277.37,Dipteryx,83.2,A
48.0,191.66,Aglaia,21.4,A
349.18,285.59,Alseis,19.5,A
402.8,195.83,Aglaia,123.8,A
361.5,351.0,Eugenia,69.5,A
380.62,233.86,Alseis,331.5,A
565.3,78.54,Beilschmiedia,20.5,A
542.95,97.34,Beilschmiedia,19.3,A
524.64,31.12,Calophyllum,104.7,A
203.81,329.67,Garcinia,15.6,A
295.39,247.69,Guarea,13.3,A
375.46,236.41,Beilschmiedia,29.7,A
541.62,53.28,Faramea,12.8,A
394.5,32.12,Macaranga,262.5,A
198.72,357.33,Hirtella,10.8,A
429.94,61.43,Alseis,25.6,A
414.96,22.32,Beilschmiedia,31.7,A
35.36,138.27,Virola,86.6,A
144.9,32.21,Hirtella,69.6,A
283.23,350.32,Aglaia,133.7,A
351.61,201.77,Calophyllum,130.5,A
244.37,161.42,Guarea,14.1,A
131.46,292.29,Dipteryx,113.7,A
20.26,163.17,Inga,,D
454.2,72.05,Alseis,27.2,A
125.7,152.81,Calophyllum,28.2,A
546.14,95.66,Beilschmiedia,27.3,A
464.39,174.12,Drypetes,,D
449.83,1.67,Calophyllum,69.3,A
544.93,99.06,Aglaia,32.6,A
341.12,389.52,Alseis,12.8,A
172.01,135.17,Beilschmiedia,24.9,A
393.07,118.82,Guarea,,D
358.39,189.83,Sloanea,35.9,A
451.31,38.49,Cordia,21.8,A
22.26,327.7,Calophyllum,64.7,A
26.1,203.51,Aglaia,14.6,A
312.82,195.15,Garcinia,23.0,A
541.13,104.75,Aglaia,143.0,A
42.0,328.21,Drypetes,12.6,A
167.22,154.05,Dipteryx,207.8,A
173.78,290.99,Faramea,11.3,A
431.51,27.42,Beilschmiedia,49.7,A
243.4,268.66,Beilschmiedia,96.3,A
370.64,93.93,Hirtella,25.9,A
104.66,303.85,Drypetes,35.4,A
93.16,161.75,Cordia,24.5,A
169.54,120.03,Cordia,30.0,A
350.13,207.58,Dipteryx,12.7,A
491.54,81.87,Beilschmiedia,35.9,A
46.58,174.62,Alseis,137.2,A
191.29,207.36,Drypetes,11.4,A
419.16,36.53,Aglaia,39.8,A
349.68,70.31,Garcinia,,M
588.15,42.98,Alseis,,D
484.65,140.87,Beilschmiedia,10.0,A
86.92,303.91,Beilschmiedia,14.2,A
158.19,225.07,Guarea,176.9,A
346.3,271.51,Dipteryx,36.6,A
11.81,268.15,Alseis,12.6,A
555.69,177.06,Knema,95.0,A
207.98,285.99,Aglaia,84.6,A
402.73,27.8,Inga,15.3,A
448.35,186.67,Garcinia,31.2,A
576.09,137.12,Tetragastris,10.1,A
44.94,219.86,Alseis,15.9,A
416.7,135.16,Beilschmiedia,22.7,A
392.56,331.1,Alseis,11.7,A
157.59,148.93,Jacaranda,11.3,A
233.69,11.53,Calophyllum,10.4,A
95.67,288.61,Cordia,,M
10.22,134.89,Inga,68.9,A
217.96,235.31,Calophyllum,34.7,A
309.59,384.75,Jacaranda,11.4,A
411.33,100.95,Macaranga,84.5,A
295.0,355.93,Aglaia,28.0,A
167.15,341.68,Beilschmiedia,10.6,A
192.38,157.53,Guarea,34.1,A
395.4,207.61,Shorea,21.9,A
309.44,392.36,Ocotea,20.1,A
518.91,81.21,Calophyllum,587.8,A
85.28,120.15,Palaquium,57.4,A
62.51,291.1,Drypetes,184.8,A
145.03,244.92,Dipteryx,46.3,A
66.78,297.45,Aglaia,,M
295.37,312.69,Aglaia,,D
208.78,83.51,Jacaranda,19.5,A
149.44,60.15,Calophyllum,,D
26.81,222.95,Calophyllum,203.8,A
456.09,40.76,Eugenia,56.8,A
597.95,143.83,Guarea,17.8,A
168.89,230.82,Aglaia,31.8,A
266.93,249.62,Beilschmiedia,66.6,A
375.17,391.0,Palaquium,,D
468.8,25.45,Calophyllum,130.3,A
522.81,171.25,Beilschmiedia,17.7,A
164.0,8.63,Alseis,17.4,A
548.2,117.9,Guarea,19.0,A
153.58,218.04,Alseis,,D
155.88,134.6,Beilschmiedia,35.6,A
40.86,119.39,Virola,60.9,A
57.25,306.69,Cordia,38.2,A
97.84,225.13,Nectandra,66.6,A
547.06,118.13,Calophyllum,116.6,A
167.66,370.82,Alseis,20.2,A
166.57,169.3,Gustavia,33.2,A
20.69,323.96,Drypetes,17.4,A
525.56,154.82,Aglaia,32.7,A
474.78,195.07,Nectandra,66.9,A
364.26,317.8,Sloanea,15.1,A
225.95,126.31,Aglaia,17.5,A
291.11,344.39,Jacaranda,220.1,A
163.72,119.98,Quararibea,12.9,A
86.06,85.55,Alseis,23.0,A
209.91,119.54,Dipteryx,129.8,A
75.74,94.58,Inga,14.6,A
370.06,333.79,Hirtella,47.3,A
587.29,146.64,Tetragastris,10.5,A
416.79,16.94,Beilschmiedia,21.6,A
3.85,328.64,Hirtella,23.8,A
293.1,38.99,Faramea,16.5,A
407.24,121.0,Calophyllum,55.7,A
172.45,323.16,Drypetes,,D
184.33,288.67,Cordia,143.0,A
243.4,268.25,Alseis,493.2,A
103.26,224.35,Swartzia,107.0,A
362.88,198.86,Cordia,42.5,A
161.15,123.2,Calophyllum,38.0,A
266.56,151.9,Cordia,17.9,A
29.59,226.35,Drypetes,15.5,A
140.91,269.55,Dipteryx,12.8,A
430.77,24.83,Guarea,13.8,A
135.66,283.43,Guarea,253.5,A
101.7,229.4,Shorea,49.2,A
522.17,15.43,Swartzia,64.3,A
37.62,16.8,Cordia,22.4,A
220.46,260.37,Beilschmiedia,,D
147.66,134.7,Dipteryx,262.1,A
202.91,136.71,Aglaia,51.7,A
55.33,196.48,Cordia,,D
57.53,195.72,Aglaia,67.1,A
35.57,196.21,Drypetes,10.6,A
102.32,364.93,Hirtella,46.2,A
419.93,55.0,Drypetes,,D
574.96,77.24,Beilschmiedia,73.0,A
299.53,163.37,Beilschmiedia,39.5,A
74.0,131.76,Cordia,26.6,A
236.21,157.83,Alseis,300.2,A
293.03,164.56,Faramea,12.5,A
501.9,11.73,Eugenia,74.5,A
13.06,157.97,Dipteryx,19.7,A
284.56,293.42,Aglaia,56.6,A
108.8,36.37,Dipteryx,219.0,A
252.49,272.13,Dipteryx,266.3,A
281.99,209.5,Inga,11.4,A
514.45,64.22,Faramea,21.3,A
46.05,72.97,Dipteryx,32.3,A
115.77,199.31,Calophyllum,81.8,A
13.8,110.32,Alseis,44.1,A
78.05,294.5,Beilschmiedia,29.7,A
108.63,125.32,Dipteryx,13.0,A
315.17,211.59,Faramea,351.9,A
262.32,157.11,Cordia,60.6,A
82.22,64.47,Aglaia,10.9,A
314.28,108.85,Aglaia,,D
119.44,218.54,Eugenia,148.5,A
533.93,166.44,Beilschmiedia,10.8,A
392.16,324.94,Aglaia,12.3,A
122.59,378.32,Cordia,,D
208.09,240.46,Dipteryx,11.5,A
21.03,141.58,Aglaia,19.8,A
185.21,370.0,Nectandra,13.0,A
217.37,292.88,Aglaia,81.2,A
43.02,385.06,Knema,178.8,A
208.5,292.26,Hirtella,46.1,A
170.59,307.6,Aglaia,17.4,A
42.64,260.57,Eugenia,53.2,A
495.56,58.33,Cordia,45.0,A
4.64,8.42,Dipteryx,19.8,A
397.3,110.3,Aglaia,79.0,A
314.14,93.9,Alseis,135.8,A
570.06,89.97,Faramea,20.2,A
245.0,322.6,Luehea,14.7,A
394.29,33.34,Inga,83.0,A
197.61,322.71,Dipteryx,198.4,A
289.23,324.03,Cordia,59.2,A
297.48,187.71,Cordia,27.5,A
503.3,11.87,Eugenia,74.9,A
340.38,73.96,Aglaia,49.1,A
550.23,102.84,Beilschmiedia,47.2,A
199.11,78.01,Shorea,23.9,A
86.3,130.39,Palaquium,14.7,A
446.11,49.52,Calophyllum,495.2,A
222.84,345.62,Drypetes,22.2,A
36.16,260.64,Eugenia,24.5,A
336.29,89.5,Hirtella,42.2,A
485.07,71.81,Calophyllum,54.2,A
105.79,234.49,Dipteryx,366.5,A
418.94,48.42,Aglaia,25.4,A
329.4,219.72,Garcinia,17.8,A
568.28,85.07,Beilschmiedia,23.6,A
193.18,188.03,Calophyllum,223.3,A
241.39,12.19,Alseis,224.3,A
560.12,116.72,Cordia,21.9,A
82.38,306.86,Guarea,50.9,A
395.27,95.51,Cordia,111.2,A
147.66,197.89,Cordia,10.7,A
77.58,180.63,Alseis,36.2,A
150.94,145.63,Anacardium,363.6,A
508.55,2.02,Drypetes,69.6,A
47.17,93.08,Eugenia,,D
405.22,162.68,Dipteryx,148.3,A
138.79,253.78,Anacardium,21.4,A
452.95,191.55,Calophyllum,35.8,A
253.22,160.33,Alseis,337.6,A
322.66,132.25,Alseis,266.1,A
108.62,49.33,Cordia,16.6,A
238.22,246.49,Aglaia,10.0,A
560.93,110.8,Aglaia,20.0,A
320.97,157.59,Nectandra,183.0,A
44.41,329.3,Knema,20.0,A
201.35,247.13,Cordia,166.0,A
18.22,339.11,Calophyllum,167.3,A
549.29,112.65,Aglaia,29.4,A
442.5,67.9,Beilschmiedia,95.8,A
193.19,265.66,Cordia,,D
350.03,346.68,Shorea,34.8,A
124.2,131.43,Cordia,14.4,A
232.79,50.91,Guarea,77.0,A
0.39,260.78,Alseis,20.9,A
588.91,93.22,Alseis,,M
502.31,177.53,Calophyllum,10.0,A
132.5,139.34,Beilschmiedia,259.3,A
58.14,152.84,Nectandra,56.6,A
369.4,307.87,Knema,28.6,A
62.85,133.8,Xylopia,14.7,A
374.87,1.69,Calophyllum,31.3,A
158.93,151.32,Quararibea,12.1,A
339.19,107.04,Drypetes,,D
155.34,345.36,Eugenia,40.8,A
71.33,27.57,Cordia,28.3,A
423.37,175.53,Eugenia,40.3,A
355.61,300.21,Dipteryx,14.1,A
169.25,15.28,Cordia,40.3,A
227.55,207.67,Eugenia,94.5,A
262.03,387.96,Dipteryx,,D
502.97,171.6,Shorea,87.2,A
481.91,56.47,Shorea,24.2,A
194.65,305.98,Eugenia,10.2,A
214.47,256.17,Beilschmiedia,20.1,A
381.67,237.45,Aglaia,29.6,A
164.21,116.64,Inga,12.4,A
196.68,209.3,Aglaia,14.4,A
238.08,170.66,Alseis,133.2,A
316.04,107.11,Aglaia,10.4,A
549.12,178.07,Beilschmiedia,74.0,A
369.82,36.65,Aglaia,10.2,A
217.7,94.24,Garcinia,46.9,A
192.95,61.84,Knema,21.8,A
187.77,9.19,Nectandra,68.9,A
77.11,59.75,Cordia,30.4,A
337.27,133.69,Macaranga,26.0,A
170.42,215.36,Dipteryx,23.8,A
185.63,163.06,Aglaia,13.3,A
409.89,48.49,Calophyllum,55.1,A
472.51,47.35,Eugenia,10.8,A
15.44,161.07,Inga,19.6,A
230.2,308.09,Calophyllum,13.4,A
28.19,371.69,Hirtella,20.0,A
136.84,303.91,Sloanea,38.9,A
572.9,83.3,Aglaia,18.9,A
291.11,43.67,Eugenia,19.0,A
107.12,244.63,Swartzia,53.2,A
573.83,197.64,Guarea,165.7,A
541.12,148.54,Aglaia,11.5,A
177.01,335.27,Drypetes,126.6,A
197.38,207.57,Garcinia,22.2,A
98.36,289.9,Diospyros,152.1,A
120.03,59.86,Hirtella,60.4,A
254.24,364.32,Nectandra,60.7,A
162.7,160.26,Alseis,457.3,A
232.11,42.36,Faramea,90.0,A
188.25,194.22,Cordia,87.6,A
127.4,177.75,Hirtella,54.2,A
18.22,371.15,Beilschmiedia,17.6,A
189.78,331.85,Calophyllum,,D
320.24,117.51,Aglaia,18.6,A
13.51,125.41,Cordia,15.2,A
88.64,222.07,Cordia,43.8,A
206.37,153.5,Cordia,189.2,A
39.06,273.43,Calophyllum,27.3,A
407.46,64.99,Calophyllum,36.5,A
449.08,135.32,Calophyllum,11.7,A
113.53,173.41,Ocotea,10.3,A
107.2,379.79,Sloanea,62.1,A
338.43,136.11,Alseis,11.1,A
260.73,206.75,Hirtella,16.4,A
247.32,28.83,Alseis,453.4,A
5.92,83.72,Calophyllum,103.4,A
292.15,270.73,Jacaranda,12.9,A
386.87,280.49,Jacaranda,107.4,A
40.81,324.28,Drypetes,11.0,A
104.48,216.6,Guarea,66.4,A
5.08,250.19,Guarea,25.2,A
84.28,82.53,Protium,198.5,A
154.77,315.81,Sloanea,89.3,A
227.8,220.06,Eugenia,,D
301.05,134.93,Dipteryx,90.4,A
212.09,182.72,Knema,10.4,A
376.53,80.6,Garcinia,14.0,A
366.07,247.04,Aglaia,61.2,A
303.81,40.77,Garcinia,184.2,A
290.38,312.92,Shorea,11.8,A
10.96,80.96,Calophyllum,90.0,A
42.21,203.92,Calophyllum,94.5,A
411.58,47.48,Inga,38.5,A
584.04,76.76,Jacaranda,27.3,A
376.72,150.14,Dipteryx,,D
383.2,169.2,Palaquium,70.5,A
377.84,160.85,Guarea,18.7,A
296.78,196.19,Garcinia,20.1,A
489.43,154.86,Shorea,14.3,A
237.06,118.19,Beilschmiedia,61.8,A
37.09,44.91,Macaranga,16.3,A
342.18,393.86,Cordia,44.2,A
592.43,94.85,Aglaia,57.0,A
505.42,44.98,Drypetes,29.8,A
458.97,23.83,Licania,27.0,A
314.63,390.3,Beilschmiedia,23.4,A
523.76,125.15,Aglaia,11.0,A
0.76,268.49,Calophyllum,18.3,A
77.68,124.44,Inga,82.6,A
193.24,198.64,Alseis,11.7,A
168.23,178.7,Alseis,46.6,A
371.7,214.95,Alseis,30.1,A
21.31,275.17,Calophyllum,53.3,A
103.36,123.75,Drypetes,23.9,A
356.05,337.22,Eugenia,19.3,A
250.89,273.14,Hirtella,47.7,A
324.41,114.32,Dipteryx,10.6,A
78.9,142.54,Dipteryx,54.3,A
25.43,154.98,Inga,10.2,A
563.96,23.74,Licania,29.4,A
47.36,312.35,Aglaia,50.6,A
418.96,166.31,Palaquium,71.4,A
448.49,88.21,Alseis,27.8,A
309.47,159.14,Beilschmiedia,31.2,A
297.41,362.81,Aglaia,18.6,A
196.06,365.43,Knema,23.0,A
18.86,285.88,Faramea,48.8,A
92.45,343.12,Swartzia,35.3,A
368.64,338.92,Licania,,D
476.78,166.92,Knema,13.5,A
482.5,45.73,Eugenia,63.0,A
299.04,32.64,Aglaia,16.3,A
474.51,128.36,Jacaranda,,D
225.78,193.29,Alseis,24.6,A
549.19,88.91,Cordia,13.2,A
112.24,207.06,Dipteryx,19.3,A
22.45,23.1,Dipteryx,70.4,A
402.68,177.07,Macaranga,133.7,A
146.52,283.32,Brosimum,53.2,A
100.37,308.45,Calophyllum,26.2,A
31.52,163.65,Alseis,27.7,A
190.16,238.8,Drypetes,,D
110.36,124.09,Alseis,,D
168.6,8.44,Calophyllum,129.5,A
210.51,62.47,Anacardium,42.6,A
372.86,136.71,Cordia,10.4,A
292.64,202.48,Inga,101.6,A
362.45,92.88,Garcinia,12.4,A
368.72,325.84,Dipteryx,103.7,A
230.55,309.89,Eugenia,20.7,A
55.09,318.48,Dipteryx,127.4,A
172.56,328.92,Beilschmiedia,12.0,A
206.97,217.07,Hirtella,,M
237.1,392.38,Dipteryx,,D
10.28,195.82,Anacardium,13.0,A
478.92,126.49,Eugenia,,D
214.63,20.47,Protium,,D
173.18,102.69,Hirtella,97.5,A
420.57,174.78,Aglaia,63.0,A
341.69,282.5,Alseis,81.0,A
58.14,20.67,Dipteryx,83.8,A
222.3,294.46,Jacaranda,10.8,A
54.93,126.79,Dipteryx,53.9,A
387.93,40.77,Inga,23.4,A
231.06,164.78,Calophyllum,15.3,A
390.13,11.54,Alseis,20.3,A
454.52,136.46,Cordia,16.3,A
44.48,182.02,Cordia,14.4,A
97.77,33.11,Nectandra,19.5,A
316.77,99.17,Calophyllum,11.3,A
155.07,190.23,Palaquium,15.7,A
401.9,139.57,Dipteryx,59.3,A
214.91,80.33,Guarea,40.3,A
366.02,207.91,Eugenia,13.4,A
209.05,249.96,Beilschmiedia,,D
28.26,292.49,Drypetes,12.0,A
33.73,156.17,Alseis,72.0,A
169.76,316.02,Jacaranda,72.4,A
63.65,217.96,Calophyllum,26.1,A
363.73,106.64,Shorea,64.4,A
108.25,55.52,Aglaia,11.0,A
196.51,66.57,Cordia,60.6,A
66.06,350.33,Dipteryx,11.3,A
442.36,94.62,Alseis,16.1,A
105.21,45.91,Aglaia,11.0,A
74.33,45.82,Alseis,23.7,A
351.82,188.86,Shorea,45.7,A
195.31,132.13,Quararibea,174.5,A
416.57,187.54,Eugenia,32.3,A
187.93,236.0,Drypetes,141.4,A
382.59,163.58,Swartzia,81.2,A
314.55,355.4,Dipteryx,62.6,A
457.99,175.32,Drypetes,77.4,A
424.31,134.46,Beilschmiedia,,D
49.4,255.02,Knema,21.7,A
146.03,286.28,Calophyllum,29.0,A
12.79,105.35,Drypetes,66.5,A
499.75,139.03,Hirtella,20.0,A
511.8,34.11,Faramea,15.2,A
409.94,102.7,Garcinia,39.3,A
11.11,228.77,Cordia,,D
141.29,99.47,Cordia,65.2,A
334.79,284.64,Sloanea,15.1,A
237.29,190.64,Alseis,111.1,A
131.8,277.38,Brosimum,20.5,A
345.45,26.64,Alseis,261.9,A
39.04,171.94,Aglaia,133.9,A
352.08,306.75,Licania,108.5,A
389.38,201.85,Dipteryx,12.6,A
163.02,189.8,Faramea,159.4,A
503.53,29.21,Licania,,D
315.17,241.94,Dipteryx,21.1,A
540.84,177.75,Beilschmiedia,21.6,A
312.05,294.34,Aglaia,110.0,A
146.39,290.43,Aglaia,94.9,A
494.3,135.65,Guarea,118.9,A
518.04,151.36,Aglaia,20.2,A
418.47,33.31,Inga,13.4,A
205.75,356.44,Aglaia,53.1,A
172.42,212.68,Cordia,14.3,A
398.2,48.25,Inga,86.0,A
212.08,295.39,Aglaia,36.1,A
345.63,37.89,Calophyllum,21.4,A
3.05,117.74,Inga,,D
27.84,221.96,Anacardium,68.1,A
70.56,294.98,Macaranga,129.1,A
228.64,312.66,Eugenia,77.5,A
179.74,338.16,Eugenia,12.9,A
215.79,100.46,Calophyllum,323.8,A
476.3,78.61,Drypetes,57.6,A
187.39,199.73,Licania,71.7,A
388.04,315.01,Dipteryx,20.4,A
472.28,39.08,Eugenia,25.0,A
0.03,144.25,Aglaia,29.9,A
80.61,323.23,Calophyllum,44.6,A
29.29,219.06,Aglaia,19.7,A
413.58,183.19,Jacaranda,11.7,A
579.91,155.43,Tetragastris,14.2,A
92.46,396.24,Beilschmiedia,17.1,A
16.43,121.26,Xylopia,91.1,A
248.29,274.59,Alseis,52.1,A
147.44,83.92,Inga,,D
270.35,382.4,Shorea,92.9,A
562.61,71.54,Licania,11.6,A
19.2,243.56,Calophyllum,20.7,A
501.31,110.36,Cordia,87.5,A
378.67,177.34,Dipteryx,356.7,A
308.67,34.71,Aglaia,22.9,A
42.03,109.39,Alseis,33.2,A
54.56,89.88,Jacaranda,15.1,A
90.68,155.75,Alseis,24.3,A
79.66,300.46,Beilschmiedia,10.8,A
150.2,259.7,Alseis,38.2,A
101.88,123.83,Alseis,,D
142.66,126.0,Protium,17.9,A
111.7,149.12,Cordia,103.9,A
468.47,161.8,Beilschmiedia,38.6,A
335.07,59.04,Cordia,15.2,A
246.21,189.19,Quararibea,31.0,A
292.98,15.6,Dipteryx,208.4,A
540.86,52.66,Calophyllum,217.4,A
70.78,224.6,Eugenia,,D
243.98,147.75,Quararibea,20.9,A
332.3,159.62,Dipteryx,68.1,A
45.92,370.37,Beilschmiedia,71.1,A
223.81,83.44,Eugenia,51.3,A
488.94,12.52,Licania,19.6,A
360.89,310.47,Ocotea,69.6,A
72.86,326.67,Cordia,55.0,A
60.19,306.48,Calophyllum,82.2,A
232.72,340.96,Cordia,21.7,A
82.87,270.66,Calophyllum,10.0,A
183.6,337.56,Garcinia,20.4,A
381.99,225.11,Garcinia,310.9,A
316.26,90.52,Dipteryx,101.5,A
129.27,377.89,Hirtella,195.4,A
256.69,277.76,Calophyllum,744.4,A
107.05,161.29,Faramea,335.7,A
347.27,336.58,Jacaranda,15.2,A
20.81,162.76,Inga,13.6,A
245.65,334.29,Luehea,19.7,A
161.08,218.4,Aglaia,51.3,A
225.86,89.02,Garcinia,62.2,A
548.79,189.47,Alseis,12.3,A
182.44,314.63,Aglaia,12.5,A
46.83,156.13,Drypetes,12.2,A
485.13,34.92,Ocotea,104.2,A
275.79,3.32,Beilschmiedia,28.3,A
396.98,54.38,Drypetes,12.4,A
67.47,149.16,Drypetes,15.8,A
193.46,271.96,Calophyllum,168.0,A
228.61,249.24,Calophyllum,55.5,A
40.29,385.74,Cordia,74.8,A
100.22,278.29,Calophyllum,,D
282.37,212.27,Eugenia,49.9,A
392.54,127.31,Cordia,12.8,A
531.9,177.89,Hirtella,17.0,A
245.59,289.1,Aglaia,33.5,A
157.31,395.63,Knema,65.3,A
119.67,149.51,Protium,15.2,A
362.81,276.46,Licania,46.2,A
575.01,81.26,Alseis,25.9,A
452.97,113.82,Cordia,44.3,A
522.17,189.3,Beilschmiedia,81.1,A
180.94,327.13,Knema,10.8,A
27.79,123.3,Drypetes,27.6,A
168.4,122.91,Dipteryx,11.4,A
434.46,140.86,Beilschmiedia,13.5,A
342.86,390.81,Alseis,21.3,A
256.12,38.14,Nectandra,203.4,A
554.98,79.37,Beilschmiedia,32.0,A
120.43,393.53,Beilschmiedia,57.8,A
382.78,228.51,Garcinia,12.8,A
382.87,244.56,Garcinia,22.0,A
148.16,198.47,Calophyllum,250.2,A
51.09,282.97,Rinorea,52.6,A
247.62,277.23,Beilschmiedia,,D
169.51,267.14,Rinorea,15.1,A
230.43,114.86,Garcinia,10.7,A
546.42,117.28,Aglaia,51.1,A
65.9,120.87,Inga,84.7,A
134.71,58.14,Macaranga,29.0,A
409.87,43.79,Macaranga,16.0,A
337.88,93.24,Cecropia,10.4,A
154.73,393.45,Aglaia,21.4,A
404.13,187.2,Aglaia,14.9,A
118.34,307.74,Knema,99.4,A
158.13,48.73,Macaranga,53.9,A
465.28,56.04,Eugenia,17.2,A
32.43,175.2,Anacardium,31.8,A
442.57,134.54,Calophyllum,21.6,A
145.95,272.46,Alseis,14.6,A
585.5,83.77,Hirtella,93.6,A
127.06,257.89,Dipteryx,15.0,A
106.42,258.82,Brosimum,20.9,A
45.37,215.35,Garcinia,12.0,A
92.69,225.1,Calophyllum,61.7,A
45.14,283.95,Knema,,D
159.34,73.84,Inga,20.9,A
291.9,285.57,Faramea,19.7,A
66.86,222.56,Nectandra,11.9,A
400.4,88.23,Beilschmiedia,15.0,A
137.25,9.96,Alseis,23.4,A
227.34,191.73,Ocotea,10.4,A
167.68,271.25,Dipteryx,10.9,A
438.47,63.64,Alseis,34.7,A
256.35,6.46,Faramea,75.5,A
452.25,42.23,Eugenia,11.5,A
34.13,326.65,Calophyllum,30.2,A
502.39,66.9,Faramea,145.7,A
566.35,65.91,Eugenia,46.4,A
41.57,239.5,Eugenia,149.4,A
70.16,56.61,Alseis,308.9,A
83.92,124.75,Palaquium,19.6,A
93.38,299.6,Cordia,50.8,A
320.75,117.86,Beilschmiedia,11.5,A
145.6,326.96,Diospyros,14.5,A
381.56,359.36,Tetragastris,53.8,A
268.48,261.69,Beilschmiedia,267.4,A
102.94,112.56,Drypetes,31.7,A
20.9,122.03,Alseis,200.6,A
88.42,233.94,Aglaia,37.7,A
141.71,133.52,Beilschmiedia,21.6,A
154.55,290.86,Alseis,48.5,A
309.88,336.49,Cupania,152.8,A
19.08,263.32,Eugenia,31.3,A
505.19,192.07,Ocotea,21.8,A
7.98,101.03,Alseis,,D
436.65,87.28,Eugenia,125.6,A
231.75,190.45,Cordia,20.3,A
351.79,29.72,Alseis,,D
167.53,343.93,Cordia,19.3,A
376.98,238.03,Alseis,52.3,A
226.56,300.55,Aglaia,35.7,A
287.91,1.12,Beilschmiedia,,D
119.4,192.15,Faramea,69.0,A
594.45,106.19,Alseis,27.1,A
183.01,10.82,Cordia,,D
158.85,317.23,Swartzia,73.6,A
223.35,270.86,Garcinia,11.1,A
494.62,135.82,Guarea,,M
76.72,20.36,Garcinia,29.4,A
248.77,191.79,Calophyllum,22.2,A
249.6,178.48,Garcinia,165.1,A
347.8,218.84,Faramea,14.7,A
173.23,318.13,Knema,38.9,A
229.73,217.39,Eugenia,,D
410.08,15.54,Drypetes,21.9,A
509.74,57.53,Hirtella,93.3,A
462.68,165.23,Dipteryx,45.6,A
250.39,41.76,Calophyllum,21.1,A
445.23,179.19,Aglaia,34.6,A
258.42,18.44,Ocotea,20.5,A
29.48,110.57,Alseis,15.9,A
151.04,84.54,Dipteryx,56.4,A
277.87,49.8,Eugenia,83.9,A
186.62,139.95,Aglaia,18.3,A
337.51,243.86,Cordia,32.4,A
282.11,265.88,Aglaia,13.8,A
573.32,127.32,Faramea,50.0,A
259.94,26.15,Alseis,,M
496.59,22.04,Eugenia,16.7,A
108.14,130.88,Alseis,18.3,A
342.5,67.4,Aglaia,13.4,A
73.46,194.91,Nectandra,,D
151.98,147.99,Beilschmiedia,66.5,A
344.23,229.72,Cecropia,16.1,A
211.74,81.42,Alseis,618.5,A
363.79,260.67,Guarea,35.2,A
542.45,158.01,Shorea,21.0,A
536.44,25.42,Ocotea,69.4,A
152.36,108.5,Calophyllum,13.1,A
225.82,215.21,Calophyllum,204.7,A
62.5,303.08,Aglaia,20.9,A
125.82,126.64,Drypetes,16.2,A
3.86,104.32,Nectandra,11.5,A
96.47,382.29,Quararibea,,M
408.36,97.19,Beilschmiedia,17.1,A
5.93,237.93,Dipteryx,,D
70.69,110.49,Inga,,M
1.41,161.49,Aglaia,87.2,A
148.24,288.32,Quararibea,45.4,A
140.41,242.23,Drypetes,30.8,A
247.14,290.38,Aglaia,27.8,A
141.34,106.26,Cordia,25.7,A
306.01,75.19,Aglaia,110.2,A
530.33,38.01,Guarea,59.2,A
94.31,204.83,Faramea,63.6,A
380.81,182.83,Dipteryx,23.1,A
463.44,127.68,Ocotea,17.5,A
113.39,214.29,Macaranga,53.2,A
427.54,165.02,Dipteryx,13.5,A
83.35,349.53,Aglaia,29.3,A
95.27,55.71,Nectandra,,D
160.75,286.55,Faramea,38.2,A
100.31,109.61,Drypetes,14.1,A
86.01,101.59,Inga,12.3,A
223.28,313.72,Sloanea,41.8,A
156.74,42.42,Calophyllum,86.3,A
188.35,351.86,Aglaia,41.9,A
200.79,126.81,Protium,11.4,A
201.36,311.53,Faramea,13.3,A
483.12,180.2,Hirtella,22.6,A
36.32,286.92,Dipteryx,18.9,A
349.43,34.89,Drypetes,243.6,A
34.87,281.53,Faramea,20.9,A
163.06,210.98,Palaquium,,D
308.54,382.09,Trichilia,,D
77.24,134.57,Shorea,160.0,A
542.32,30.77,Faramea,20.2,A
183.03,173.84,Jacaranda,14.9,A
378.92,103.22,Alseis,,D
423.28,82.49,Beilschmiedia,,D
579.79,195.43,Jacaranda,338.2,A
155.09,98.15,Cordia,15.1,A
31.05,370.65,Knema,11.2,A
490.16,129.76,Beilschmiedia,48.9,A
16.05,278.87,Cordia,15.4,A
362.88,392.74,Tetragastris,27.1,A
497.64,99.67,Calophyllum,15.5,A
459.29,44.4,Eugenia,21.7,A
137.1,138.59,Beilschmiedia,119.6,A
14.8,123.16,Garcinia,,D
26.02,64.55,Calophyllum,,D
244.4,141.11,Dipteryx,22.0,A
135.91,202.31,Cordia,,D
75.33,237.46,Cordia,53.2,A
395.04,361.87,Alseis,457.4,A
515.98,43.14,Licania,377.0,A
408.61,75.59,Inga,13.4,A
346.78,307.35,Cordia,14.7,A
244.9,206.93,Diospyros,87.9,A
142.95,310.78,Aglaia,37.0,A
241.49,286.18,Cordia,41.3,A
171.77,6.18,Alseis,190.6,A
390.98,370.46,Alseis,621.1,A
112.82,44.75,Protium,,D
163.52,306.43,Aglaia,15.2,A
213.69,361.08,Cupania,32.3,A
520.46,165.35,Knema,,D
379.15,32.03,Inga,22.3,A
49.76,91.45,Macaranga,113.3,A
586.84,133.34,Hirtella,16.3,A
394.97,257.38,Cordia,15.1,A
160.38,259.95,Knema,11.7,A
332.25,16.89,Garcinia,28.1,A
102.91,241.2,Aglaia,29.5,A
182.94,311.69,Faramea,25.8,A
469.08,9.51,Beilschmiedia,14.9,A
43.03,262.45,Calophyllum,11.8,A
128.2,71.22,Calophyllum,30.4,A
273.86,288.12,Nectandra,13.6,A
385.17,53.4,Drypetes,98.2,A
328.41,315.01,Ocotea,11.2,A
28.54,355.39,Quararibea,12.6,A
127.41,177.65,Dipteryx,39.9,A
16.08,338.35,Alseis,163.4,A
325.89,311.91,Macaranga,13.9,A
12.9,210.9,Alseis,17.1,A
176.78,213.86,Palaquium,105.4,A
19.72,193.82,Hirtella,27.7,A
86.6,130.63,Palaquium,,D
36.39,101.54,Protium,26.9,A
150.45,371.07,Alseis,13.8,A
199.37,259.97,Cordia,,M
10.88,376.85,Knema,83.7,A
287.88,232.15,Ocotea,65.7,A
104.75,206.61,Quararibea,13.5,A
26.88,125.23,Aglaia,34.2,A
205.16,90.54,Aglaia,33.5,A
101.19,100.81,Dipteryx,36.8,A
246.33,325.25,Beilschmiedia,60.3,A
333.83,252.46,Faramea,237.0,A
136.31,176.13,Calophyllum,475.0,A
480.55,80.98,Beilschmiedia,14.7,A
65.97,212.16,Alseis,19.8,A
186.44,359.74,Rinorea,29.8,A
434.47,85.93,Jacaranda,55.3,A
207.67,121.29,Protium,,M
569.25,154.88,Tetragastris,13.4,A
204.29,378.99,Cordia,167.0,A
102.68,271.73,Nectandra,54.1,A
370.46,57.23,Macaranga,49.6,A
422.3,193.5,Garcinia,26.9,A
522.08,182.57,Alseis,13.2,A
224.46,221.47,Guarea,60.8,A
76.05,300.23,Beilschmiedia,189.6,A
64.79,252.06,Drypetes,21.2,A
197.01,134.3,Xylopia,38.7,A
254.79,277.33,Aglaia,26.7,A
248.68,126.66,Beilschmiedia,45.4,A
62.13,54.13,Erythroxylum,41.2,A
113.83,181.42,Sloanea,10.8,A
467.05,2.67,Beilschmiedia,,D
288.98,364.52,Shorea,35.1,A
537.13,38.32,Alseis,17.0,A
502.29,78.35,Drypetes,10.3,A
119.34,44.41,Aglaia,13.0,A
243.02,276.3,Beilschmiedia,77.0,A
46.38,306.06,Alseis,450.6,A
34.96,362.33,Cordia,16.9,A
250.85,153.97,Cordia,15.7,A
133.57,135.29,Beilschmiedia,53.7,A
70.07,295.82,Dipteryx,23.4,A
354.68,179.19,Faramea,136.5,A
299.26,167.81,Beilschmiedia,27.4,A
108.47,73.54,Dipteryx,44.3,A
187.06,371.26,Calophyllum,35.7,A
309.64,118.14,Jacaranda,22.9,A
175.19,153.85,Calophyllum,13.1,A
414.91,74.68,Beilschmiedia,66.5,A
342.15,379.73,Macaranga,27.3,A
63.27,291.82,Knema,12.0,A
146.77,228.43,Knema,141.3,A
262.33,243.42,Aglaia,12.8,A
226.71,64.13,Eugenia,108.7,A
325.57,376.96,Aglaia,32.4,A
366.51,59.38,Drypetes,11.2,A
170.64,237.76,Drypetes,35.3,A
331.29,317.21,Hirtella,12.0,A
40.39,158.76,Drypetes,121.4,A
68.32,306.01,Aglaia,30.3,A
418.26,26.92,Drypetes,18.9,A
185.55,338.91,Eugenia,54.5,A
113.93,323.88,Knema,11.4,A
481.59,102.94,Licania,431.1,A
377.33,62.89,Inga,10.5,A
431.94,46.73,Licania,18.3,A
322.07,299.43,Ocotea,20.6,A
63.9,185.03,Alseis,35.3,A
215.25,251.68,Aglaia,27.5,A
268.93,251.76,Beilschmiedia,164.2,A
240.14,183.4,Quararibea,13.9,A
194.06,106.65,Aglaia,62.2,A
273.01,185.53,Eugenia,16.2,A
284.68,309.0,Aglaia,11.7,A
383.48,135.03,Dipteryx,14.5,A
295.52,311.98,Alseis,31.4,A
98.76,348.47,Aglaia,11.3,A
358.24,283.21,Alseis,140.7,A
346.85,171.1,Cordia,30.0,A
179.89,236.33,Aglaia,22.7,A
223.82,348.52,Jacaranda,10.4,A
8.65,130.32,Aglaia,44.9,A
106.57,53.47,Hirtella,27.7,A
359.77,71.1,Ficus,184.0,A
75.19,91.97,Hirtella,22.7,A
22.58,93.26,Nectandra,139.0,A
414.79,19.81,Beilschmiedia,,D
529.67,146.93,Aglaia,23.7,A
319.99,91.73,Knema,,D
220.94,288.52,Shorea,102.7,A
185.22,122.73,Alseis,10.8,A
177.99,193.8,Palaquium,12.9,A
201.91,284.23,Jacaranda,60.7,A
411.94,23.93,Beilschmiedia,172.7,A
159.0,255.41,Alseis,41.6,A
316.64,4.66,Ocotea,90.3,A
413.75,67.89,Aglaia,51.2,A
402.22,85.71,Beilschmiedia,90.7,A
117.41,276.66,Brosimum,127.1,A
159.59,89.93,Protium,14.7,A
182.11,337.48,Faramea,157.9,A
61.91,218.57,Dipteryx,15.9,A
312.18,107.15,Beilschmiedia,16.9,A
559.53,117.8,Aglaia,88.8,A
323.66,226.11,Faramea,19.1,A
207.19,349.48,Garcinia,50.3,A
471.02,60.96,Calophyllum,14.1,A
118.41,269.3,Hirtella,12.7,A
34.18,81.63,Beilschmiedia,25.5,A
212.0,65.94,Alseis,261.3,A
220.71,103.97,Garcinia,38.1,A
78.38,283.71,Swartzia,22.3,A
298.39,332.01,Calophyllum,25.0,A
84.04,80.4,Hirtella,26.9,A
15.07,137.54,Garcinia,77.7,A
111.4,73.04,Alseis,24.4,A
317.79,304.72,Alseis,402.7,A
139.39,210.49,Swartzia,11.1,A
423.87,14.49,Beilschmiedia,,D
588.58,76.32,Beilschmiedia,42.0,A
326.24,135.87,Inga,12.3,A
393.1,124.3,Aglaia,99.7,A
337.91,289.36,Alseis,32.5,A
82.56,16.64,Licania,36.4,A
421.59,41.73,Eugenia,89.3,A
289.39,152.34,Beilschmiedia,12.4,A
383.65,74.3,Inga,73.2,A
193.58,298.97,Sloanea,28.3,A
524.05,68.81,Aglaia,43.4,A
165.72,203.19,Drypetes,72.7,A
426.34,58.98,Jacaranda,40.1,A
102.64,124.53,Alseis,30.4,A
246.15,174.8,Knema,74.9,A
530.59,73.39,Faramea,,D
370.86,336.57,Tetragastris,13.5,A
509.73,37.18,Licania,26.8,A
7.03,130.82,Inga,15.5,A
536.69,170.57,Rinorea,40.0,A
374.0,250.26,Beilschmiedia,,D
125.69,324.2,Calophyllum,100.6,A
519.8,167.62,Dipteryx,12.6,A
466.96,165.94,Beilschmiedia,12.1,A
473.99,138.29,Knema,18.1,A
186.79,244.94,Dipteryx,71.2,A
207.09,349.72,Faramea,,D
561.99,39.77,Aglaia,29.0,A
404.24,96.45,Calophyllum,82.5,A
162.81,222.03,Aglaia,13.4,A
188.5,337.7,Beilschmiedia,54.1,A
558.29,31.15,Faramea,,M
30.33,281.37,Cordia,20.2,A
387.1,138.9,Cordia,12.0,A
21.7,220.51,Hirtella,95.8,A
184.03,136.17,Aglaia,16.3,A
329.93,104.71,Beilschmiedia,,D
247.38,287.03,Aglaia,18.8,A
296.37,25.35,Garcinia,47.3,A
404.88,105.52,Calophyllum,342.2,A
247.97,160.16,Jacaranda,,D
102.25,130.47,Protium,144.5,A
413.02,138.34,Nectandra,13.5,A
259.93,49.71,Calophyllum,88.0,A
308.02,320.52,Aglaia,14.0,A
146.32,129.33,Beilschmiedia,36.2,A
82.14,30.94,Rinorea,53.0,A
34.17,159.2,Cordia,22.3,A
275.04,204.69,Shorea,39.7,A
37.27,48.28,Dipteryx,87.1,A
78.53,341.45,Drypetes,23.1,A
185.68,338.05,Eugenia,124.4,A
17.6,252.71,Drypetes,14.4,A
244.54,339.47,Hirtella,,D
88.89,43.03,Aglaia,26.5,A
558.63,42.09,Calophyllum,50.4,A
144.64,101.67,Ocotea,31.5,A
94.99,265.56,Dipteryx,43.8,A
392.49,373.38,Alseis,76.1,A
292.33,164.14,Dipteryx,60.7,A
118.29,88.37,Alseis,21.9,A
455.77,190.85,Calophyllum,246.3,A
185.29,132.97,Aglaia,56.5,A
548.23,51.63,Faramea,386.4,A
416.98,17.59,Drypetes,17.0,A
78.53,360.97,Quararibea,29.7,A
181.03,191.3,Palaquium,37.9,A
489.62,107.0,Calophyllum,25.1,A
431.98,31.61,Beilschmiedia,17.9,A
393.99,52.78,Calophyllum,14.7,A
242.52,175.83,Alseis,595.3,A
373.08,241.22,Beilschmiedia,14.4,A
355.28,315.51,Aglaia,,D
462.95,35.29,Licania,19.9,A
180.43,323.87,Drypetes,76.5,A
175.57,4.27,Dipteryx,258.2,A
299.47,216.33,Sloanea,10.3,A
39.45,129.68,Drypetes,30.5,A
86.76,339.19,Calophyllum,40.1,A
246.25,304.46,Aglaia,46.6,A
540.5,191.75,Dipteryx,398.4,A
79.49,226.78,Quararibea,28.4,A
117.63,128.9,Alseis,11.9,A
400.81,112.32,Hirtella,10.5,A
177.07,212.29,Aglaia,131.4,A
117.21,280.14,Dipteryx,245.3,A
178.54,374.63,Alseis,74.7,A
356.02,317.77,Jacaranda,17.3,A
27.37,41.59,Calophyllum,32.0,A
486.54,37.07,Drypetes,32.4,A
22.04,210.23,Calophyllum,12.9,A
588.54,193.2,Faramea,48.8,A
380.92,244.51,Garcinia,24.1,A
58.17,337.69,Hirtella,54.6,A
288.19,23.27,Garcinia,103.5,A
180.48,303.43,Eugenia,,D
169.02,329.86,Beilschmiedia,53.4,A
364.47,280.36,Macaranga,12.9,A
219.73,65.6,Dipteryx,470.2,A
179.2,145.02,Aglaia,40.8,A
124.29,180.65,Aglaia,84.5,A
263.42,280.38,Aglaia,83.3,A
325.68,114.96,Beilschmiedia,,D
192.62,310.65,Drypetes,13.5,A
70.9,223.82,Eugenia,31.7,A
252.77,215.15,Garcinia,83.4,A
247.84,95.51,Hirtella,17.2,A
267.55,171.92,Macaranga,11.4,A
523.08,33.53,Calophyllum,106.5,A
221.94,71.11,Guarea,22.6,A
21.05,208.46,Macaranga,20.6,A
363.22,111.12,Swartzia,23.5,A
197.13,238.57,Aglaia,36.1,A
534.29,134.7,Aglaia,41.5,A
189.51,146.97,Aglaia,141.7,A
290.22,201.52,Faramea,55.2,A
190.5,57.25,Jacaranda,34.4,A
339.48,123.52,Ocotea,77.2,A
29.05,299.26,Faramea,30.1,A
76.84,33.78,Rinorea,32.1,A
422.66,157.79,Faramea,50.1,A
7.55,211.95,Nectandra,44.0,A
149.36,117.46,Cordia,52.2,A
546.13,149.08,Beilschmiedia,18.9,A
274.28,194.17,Eugenia,30.3,A
560.51,43.76,Knema,10.9,A
23.01,199.43,Macaranga,,D
167.63,229.16,Aglaia,15.2,A
152.14,137.35,Beilschmiedia,18.2,A
152.23,152.91,Alseis,,D
131.21,87.08,Alseis,74.1,A
161.6,216.29,Nectandra,12.4,A
499.91,30.43,Guarea,25.7,A
260.49,15.92,Faramea,55.7,A
64.58,64.27,Alseis,,D
398.36,215.04,Calophyllum,15.0,A
81.88,159.96,Alseis,17.5,A
320.18,90.47,Xylopia,77.6,A
8.4,95.23,Beilschmiedia,14.4,A
259.91,233.06,Licania,53.2,A
139.49,233.31,Palaquium,15.2,A
244.18,336.45,Luehea,41.6,A
93.0,381.88,Calophyllum,234.0,A
80.35,353.2,Calophyllum,23.5,A
99.4,182.37,Calophyllum,217.3,A
401.16,86.92,Cordia,65.4,A
211.39,14.21,Guarea,,D
168.4,194.05,Licania,195.8,A
582.29,127.16,Tetragastris,61.4,A
45.04,267.89,Drypetes,14.9,A
41.17,276.5,Calophyllum,64.8,A
249.2,277.71,Garcinia,38.0,A
248.05,342.37,Cordia,66.1,A
439.23,20.53,Calophyllum,66.9,A
137.75,155.6,Faramea,20.4,A
327.46,23.84,Nectandra,48.3,A
209.7,357.46,Drypetes,34.0,A
107.46,297.07,Guarea,,D
67.44,324.08,Jacaranda,56.3,A
265.48,210.35,Dipteryx,20.1,A
48.7,150.77,Alseis,149.8,A
39.76,267.78,Drypetes,11.6,A
236.09,149.87,Cordia,12.4,A
195.94,397.59,Alseis,22.6,A
157.01,134.58,Beilschmiedia,262.0,A
413.97,37.76,Alseis,14.1,A
397.27,28.12,Drypetes,55.9,A
4.35,83.77,Beilschmiedia,11.0,A
242.58,340.62,Beilschmiedia,48.5,A
252.55,336.34,Jacaranda,18.8,A
230.58,217.74,Cordia,88.6,A
175.02,45.64,Calophyllum,604.9,A
289.97,169.57,Beilschmiedia,10.6,A
223.36,282.88,Faramea,59.3,A
169.81,40.5,Jacaranda,12.5,A
213.0,269.81,Beilschmiedia,40.6,A
466.17,100.65,Drypetes,83.7,A
374.68,70.37,Aglaia,,D
536.58,87.13,Jacaranda,319.7,A
247.09,134.91,Shorea,14.8,A
360.38,121.92,Nectandra,19.0,A
115.67,102.32,Alseis,10.9,A
344.62,276.15,Alseis,12.6,A
208.91,292.15,Cordia,12.2,A
577.59,102.32,Aglaia,19.4,A
83.52,35.92,Anacardium,10.7,A
30.13,271.76,Faramea,29.6,A
64.37,113.71,Drypetes,148.6,A
305.91,176.32,Trichilia,41.5,A
510.98,97.01,Guarea,29.2,A
62.73,99.74,Nectandra,101.4,A
596.25,28.96,Licania,613.6,A
233.17,38.11,Ocotea,52.7,A
517.91,182.85,Alseis,,D
396.97,175.84,Protium,10.7,A
0.85,329.66,Alseis,19.3,A
150.46,193.78,Cordia,23.2,A
159.6,145.56,Palaquium,17.6,A
182.35,43.02,Calophyllum,15.3,A
515.28,41.98,Faramea,32.2,A
66.39,252.07,Guarea,344.0,A
190.4,216.89,Garcinia,25.5,A
45.2,143.38,Dipteryx,52.5,A
152.76,168.75,Quararibea,20.3,A
229.38,295.48,Dipteryx,16.7,A
255.98,209.32,Dipteryx,46.4,A
512.71,90.32,Cordia,11.7,A
311.6,142.53,Calophyllum,50.5,A
341.79,108.5,Cecropia,225.8,A
466.64,133.84,Hura,13.4,A
67.99,83.68,Aglaia,77.5,A
347.12,167.45,Cordia,27.5,A
353.45,335.42,Alseis,17.4,A
23.77,29.01,Hirtella,100.6,A
218.04,326.23,Cordia,,D
152.24,259.57,Alseis,17.8,A
190.66,325.55,Eugenia,43.2,A
373.33,230.82,Alseis,35.2,A
74.7,170.27,Alseis,,D
88.47,103.77,Inga,10.0,A
338.06,332.22,Trichilia,116.1,A
179.25,279.69,Aglaia,22.7,A
530.45,185.95,Beilschmiedia,17.4,A
459.74,75.77,Calophyllum,119.9,A
59.47,46.45,Sloanea,14.1,A
245.46,275.26,Beilschmiedia,16.0,A
298.87,184.0,Inga,33.2,A
588.19,147.2,Faramea,45.6,A
105.63,31.07,Alseis,,D
57.62,271.84,Cordia,25.4,A
389.66,93.35,Alseis,12.9,A
90.0,382.84,Hirtella,19.9,A
363.58,76.58,Aglaia,61.3,A
353.24,124.63,Cordia,17.3,A
185.72,157.14,Palaquium,39.0,A
49.25,149.84,Macaranga,238.0,A
77.96,376.32,Beilschmiedia,12.4,A
240.89,43.74,Dipteryx,415.6,A
223.69,161.09,Dipteryx,435.9,A
366.58,70.5,Drypetes,19.9,A
350.4,98.4,Ficus,36.5,A
258.69,211.57,Garcinia,50.6,A
237.42,320.83,Beilschmiedia,147.7,A
262.37,179.74,Cordia,14.0,A
462.76,14.86,Beilschmiedia,,D
209.0,330.76,Garcinia,15.2,A
402.71,80.06,Beilschmiedia,59.0,A
105.38,278.29,Alseis,36.5,A
6.22,154.12,Inga,14.1,A
381.5,322.25,Aglaia,11.3,A
559.71,188.13,Xylopia,29.4,A
360.61,217.14,Alseis,217.4,A
585.74,107.2,Macaranga,23.4,A
11.1,248.62,Swartzia,73.5,A
238.84,283.93,Aglaia,11.3,A
196.47,392.58,Alseis,43.2,A
91.46,399.75,Beilschmiedia,32.8,A
347.4,383.52,Dipteryx,18.6,A
152.74,272.41,Alseis,,D
160.77,349.07,Eugenia,16.5,A
161.37,140.27,Beilschmiedia,44.9,A
32.92,278.82,Calophyllum,11.4,A
45.9,365.04,Beilschmiedia,19.6,A
256.73,202.18,Faramea,10.3,A
384.38,72.15,Alseis,117.9,A
33.42,235.6,Calophyllum,10.8,A
275.92,205.08,Eugenia,,D
153.56,235.33,Aglaia,10.4,A
400.9,86.94,Cordia,,M
501.21,60.58,Jacaranda,108.3,A
279.7,386.77,Guarea,15.7,A
54.78,314.23,Cordia,78.0,A
324.02,111.66,Aglaia,18.9,A
182.82,246.21,Calophyllum,13.7,A
256.41,387.34,Dipteryx,50.6,A
364.14,109.65,Calophyllum,40.9,A
7.13,333.22,Guarea,,D
112.93,264.26,Swartzia,15.6,A
269.92,192.05,Dipteryx,72.3,A
24.52,281.79,Faramea,96.0,A
41.32,180.7,Aglaia,56.5,A
295.65,268.5,Cordia,23.3,A
238.63,376.07,Alseis,207.7,A
151.35,149.84,Alseis,351.5,A
249.86,182.96,Dipteryx,15.9,A
112.52,274.58,Cordia,17.6,A
220.3,34.41,Dipteryx,12.1,A
138.09,280.64,Faramea,313.9,A
490.25,79.39,Beilschmiedia,21.3,A
277.83,47.48,Aglaia,11.6,A
334.56,106.56,Aglaia,36.8,A
119.42,265.12,Brosimum,23.6,A
163.57,277.81,Alseis,32.4,A
49.03,151.9,Virola,,D
239.48,193.39,Cordia,19.4,A
24.6,111.47,Drypetes,35.8,A
331.18,331.4,Trichilia,37.4,A
164.44,149.67,Cordia,15.8,A
165.7,339.34,Hirtella,91.4,A
573.71,2.74,Licania,36.9,A
79.79,163.02,Alseis,14.5,A
534.57,166.82,Beilschmiedia,13.9,A
66.75,375.82,Aglaia,22.0,A
382.02,388.43,Knema,14.2,A
413.64,64.38,Aglaia,17.6,A
303.72,244.73,Faramea,161.6,A
360.81,46.89,Drypetes,36.1,A
171.19,326.45,Trichilia,235.8,A
99.41,69.23,Guarea,,D
284.54,20.4,Dipteryx,76.2,A
296.18,281.94,Dipteryx,168.9,A
414.18,56.86,Aglaia,135.6,A
400.93,36.15,Calophyllum,89.4,A
474.36,119.07,Cordia,12.4,A
499.18,151.63,Hirtella,30.6,A
189.9,197.45,Palaquium,37.8,A
585.8,131.89,Shorea,45.8,A
416.22,134.88,Beilschmiedia,87.6,A
320.24,67.66,Guarea,31.4,A
212.89,122.12,Calophyllum,29.2,A
396.7,28.95,Alseis,18.0,A
400.2,62.9,Beilschmiedia,10.4,A
153.29,151.44,Beilschmiedia,95.3,A
382.65,368.37,Alseis,355.7,A
239.46,271.19,Alseis,132.8,A
291.02,304.92,Aglaia,13.4,A
397.96,118.51,Jacaranda,25.3,A
134.04,240.01,Calophyllum,27.0,A
157.33,99.63,Anacardium,46.1,A
222.3,280.81,Nectandra,17.6,A
192.59,52.85,Dipteryx,42.6,A
436.91,192.39,Garcinia,11.4,A
158.3,330.37,Ocotea,21.0,A
246.27,333.93,Beilschmiedia,12.2,A
194.74,283.97,Faramea,39.3,A
139.28,324.23,Cordia,72.5,A
204.14,270.32,Alseis,19.9,A
314.32,206.72,Inga,67.5,A
78.11,297.47,Jacaranda,,D
198.19,301.18,Drypetes,14.8,A
239.86,334.33,Guarea,10.4,A
210.94,98.75,Cordia,20.1,A
315.69,226.6,Cordia,,D
151.79,389.8,Alseis,41.4,A
188.12,89.52,Nectandra,36.2,A
131.76,305.97,Hirtella,13.3,A
54.6,173.25,Nectandra,95.3,A
104.16,22.43,Nectandra,19.3,A
231.63,221.29,Licania,122.6,A
567.1,129.19,Cordia,17.6,A
331.87,91.02,Hirtella,28.6,A
409.07,153.33,Swartzia,35.9,A
197.66,138.49,Aglaia,,D
381.89,340.31,Aglaia,30.3,A
90.39,52.95,Dipteryx,16.8,A
311.46,318.16,Cordia,105.1,A
103.84,268.3,Cordia,50.0,A
96.13,47.89,Aglaia,11.8,A
378.35,57.22,Alseis,48.7,A
146.66,357.77,Calophyllum,22.8,A
124.28,254.97,Alseis,19.2,A
281.07,16.77,Aglaia,,M
225.38,322.34,Eugenia,49.3,A
561.19,110.05,Beilschmiedia,,D
67.81,62.41,Alseis,282.4,A
358.2,265.75,Cordia,69.6,A
404.13,46.94,Eugenia,10.5,A
387.99,192.44,Faramea,318.8,A
197.96,63.72,Cordia,13.0,A
165.88,220.09,Nectandra,19.5,A
127.97,221.97,Dipteryx,10.1,A
407.65,161.18,Palaquium,33.7,A
239.1,377.64,Alseis,84.2,A
274.98,325.48,Alseis,39.9,A
326.59,27.21,Hirtella,56.5,A
387.67,46.44,Dipteryx,82.6,A
248.88,271.94,Beilschmiedia,13.9,A
458.44,51.68,Beilschmiedia,80.7,A
448.32,159.76,Dipteryx,106.8,A
175.14,346.02,Cupania,12.5,A
234.1,176.73,Alseis,11.0,A
144.98,284.06,Dipteryx,70.8,A
548.61,80.8,Licania,39.9,A
251.93,287.03,Calophyllum,63.4,A
338.41,306.29,Alseis,429.3,A
437.92,72.97,Eugenia,13.9,A
425.52,26.74,Nectandra,39.4,A
169.35,342.72,Cordia,10.9,A
519.79,170.38,Guarea,23.2,A
543.28,162.27,Beilschmiedia,53.7,A
187.32,287.73,Eugenia,29.8,A
291.45,363.32,Alseis,378.9,A
362.08,63.67,Drypetes,10.2,A
181.69,2.76,Cordia,135.6,A
101.79,259.98,Alseis,12.6,A
188.63,338.85,Eugenia,,D
307.25,258.16,Faramea,259.3,A
117.06,357.35,Diospyros,17.4,A
511.03,151.24,Guarea,15.2,A
359.59,89.2,Drypetes,33.1,A
398.22,128.1,Aglaia,74.3,A
79.99,170.64,Alseis,14.2,A
127.86,254.12,Quararibea,84.8,A
142.36,192.5,Guarea,15.6,A
374.49,270.13,Aglaia,21.4,A
214.41,270.91,Alseis,15.4,A
176.76,23.25,Alseis,,M
417.19,103.0,Aglaia,27.4,A
237.37,284.99,Eugenia,92.6,A
384.71,276.13,Macaranga,31.7,A
211.77,263.88,Beilschmiedia,16.0,A
215.42,34.15,Alseis,12.6,A
237.55,160.25,Faramea,143.4,A
314.78,308.06,Calophyllum,,D
230.09,254.15,Aglaia,,D
122.66,63.35,Dipteryx,10.5,A
339.86,260.78,Eugenia,,D
303.38,214.69,Garcinia,71.1,A
499.86,62.78,Guarea,12.8,A
34.91,172.06,Aglaia,43.3,A
206.09,329.04,Eugenia,10.8,A
3.55,373.17,Beilschmiedia,16.5,A
307.92,42.94,Aglaia,,D
57.29,322.22,Garcinia,,D
44.37,90.2,Jacaranda,10.7,A
270.14,249.67,Beilschmiedia,43.7,A
81.77,165.44,Dipteryx,83.5,A
415.44,54.15,Inga,15.7,A
516.18,161.77,Drypetes,14.7,A
245.77,347.09,Luehea,15.6,A
237.65,24.44,Faramea,75.3,A
133.78,149.83,Quararibea,38.1,A
168.32,282.43,Faramea,670.9,A
190.73,221.27,Drypetes,112.1,A
172.56,144.71,Cordia,61.1,A
309.15,236.74,Dipteryx,162.8,A
475.42,120.56,Eugenia,63.0,A
82.24,119.96,Cordia,71.3,A
333.2,164.12,Nectandra,18.1,A
548.31,9.25,Licania,45.9,A
494.21,186.73,Drypetes,110.4,A
292.64,12.67,Beilschmiedia,54.4,A
167.62,121.42,Aglaia,74.4,A
39.44,365.28,Beilschmiedia,87.2,A
46.07,253.11,Eugenia,108.7,A
280.63,301.76,Guarea,211.2,A
201.62,113.37,Hirtella,30.0,A
113.79,269.75,Quararibea,131.0,A
456.05,60.34,Licania,30.5,A
454.86,58.38,Eugenia,17.2,A
519.9,178.43,Knema,34.6,A
277.27,206.44,Eugenia,23.0,A
15.35,129.19,Dipteryx,12.1,A
96.58,120.39,Cordia,58.9,A
53.67,240.7,Calophyllum,62.6,A
251.96,314.66,Jacaranda,,D
81.01,68.42,Calophyllum,,D
367.04,62.83,Drypetes,,D
215.52,264.93,Beilschmiedia,51.0,A
124.43,295.78,Knema,21.1,A
336.06,301.76,Cordia,180.0,A
417.06,145.8,Beilschmiedia,31.9,A
113.81,180.3,Calophyllum,31.3,A
211.37,228.52,Jacaranda,,D
567.24,84.55,Beilschmiedia,11.3,A
580.72,87.43,Alseis,127.1,A
560.86,184.73,Dipteryx,63.8,A
285.24,377.74,Calophyllum,85.1,A
48.14,220.75,Garcinia,360.7,A
298.17,349.42,Calophyllum,95.1,A
135.75,201.91,Cordia,,D
48.68,270.62,Calophyllum,10.4,A
62.06,268.81,Faramea,19.5,A
450.28,118.58,Rinorea,105.4,A
304.84,28.24,Aglaia,44.3,A
152.97,376.99,Knema,12.0,A
521.03,41.47,Calophyllum,70.1,A
305.82,74.18,Cordia,35.9,A
397.73,311.9,Alseis,15.1,A
332.01,196.5,Trichilia,15.3,A
533.31,13.58,Licania,17.7,A
359.58,200.27,Inga,145.0,A
95.54,55.72,Nectandra,58.8,A
503.16,172.67,Dipteryx,64.3,A
193.42,205.33,Jacaranda,14.3,A
23.48,337.23,Drypetes,12.1,A
436.71,76.17,Alseis,125.7,A
321.8,194.09,Inga,14.7,A
138.3,41.62,Calophyllum,22.8,A
100.45,353.83,Quararibea,36.0,A
375.16,237.56,Aglaia,125.9,A
460.82,112.0,Guarea,15.1,A
36.43,246.32,Anacardium,19.2,A
302.92,187.95,Cordia,28.4,A
154.83,399.24,Aglaia,,D
225.78,99.87,Aglaia,44.3,A
384.94,42.87,Inga,,D
56.33,114.31,Xylopia,27.7,A
567.01,40.89,Faramea,191.0,A
371.78,335.17,Alseis,14.2,A
138.85,369.36,Aglaia,73.1,A
396.02,233.07,Eugenia,10.7,A
38.93,315.29,Calophyllum,13.4,A
106.18,267.55,Garcinia,198.7,A
142.46,125.56,Nectandra,,D
176.1,307.69,Cordia,11.2,A
336.03,321.18,Calophyllum,58.0,A
316.37,338.52,Dipteryx,54.8,A
344.48,131.6,Dipteryx,190.0,A
570.11,154.06,Faramea,15.0,A
63.85,305.44,Alseis,24.1,A
431.26,71.82,Alseis,38.2,A
425.69,31.63,Garcinia,133.0,A
320.85,146.08,Trichilia,34.7,A
84.04,119.25,Inga,163.7,A
140.86,191.76,Faramea,86.4,A
75.89,174.43,Knema,14.1,A
430.05,20.75,Calophyllum,73.5,A
375.36,150.7,Ocotea,44.1,A
354.26,226.56,Cordia,11.8,A
278.68,33.8,Calophyllum,71.5,A
103.27,150.52,Quararibea,242.5,A
79.38,238.85,Calophyllum,206.2,A
133.43,271.33,Cordia,64.0,A
86.54,320.54,Garcinia,18.8,A
47.97,214.02,Garcinia,18.3,A
129.91,176.84,Quararibea,24.2,A
196.4,281.4,Faramea,37.6,A
22.22,299.66,Dipteryx,367.2,A
558.3,114.83,Aglaia,13.6,A
173.57,131.84,Cordia,17.1,A
148.32,280.12,Cordia,20.6,A
399.79,82.7,Garcinia,57.2,A
483.66,112.35,Rinorea,18.4,A
221.76,260.78,Beilschmiedia,,D
422.68,183.29,Alseis,24.8,A
251.45,209.25,Garcinia,234.9,A
16.32,84.74,Sloanea,25.5,A
298.29,163.87,Beilschmiedia,44.0,A
379.61,239.78,Nectandra,19.5,A
348.76,63.52,Guarea,12.5,A
112.15,250.99,Calophyllum,68.8,A
310.14,341.44,Guarea,230.2,A
188.69,308.89,Drypetes,17.1,A
203.34,43.08,Shorea,34.5,A
95.98,175.85,Alseis,60.2,A
263.6,267.19,Garcinia,295.7,A
103.67,226.05,Palaquium,104.6,A
544.19,80.9,Xylopia,11.3,A
528.87,14.34,Cordia,114.7,A
395.65,78.41,Garcinia,15.7,A
91.6,347.99,Aglaia,53.8,A
92.89,217.29,Quararibea,26.0,A
480.23,114.42,Eugenia,12.9,A
502.75,81.78,Beilschmiedia,16.4,A
490.28,15.14,Drypetes,19.6,A
384.08,227.65,Garcinia,123.1,A
81.81,375.01,Hirtella,24.7,A
196.86,217.85,Garcinia,63.5,A
272.21,289.27,Calophyllum,18.5,A
264.37,12.16,Faramea,196.9,A
183.2,339.03,Beilschmiedia,12.5,A
384.4,349.96,Tetragastris,209.5,A
341.36,248.42,Eugenia,11.5,A
274.98,316.06,Calophyllum,27.8,A
398.51,332.78,Alseis,,D
543.17,171.75,Beilschmiedia,18.0,A
124.49,46.51,Aglaia,57.8,A
463.47,28.2,Eugenia,128.2,A
521.84,167.58,Cordia,146.3,A
117.53,154.72,Cordia,11.4,A
329.04,356.53,Alseis,84.9,A
236.03,265.77,Beilschmiedia,97.9,A
151.08,251.97,Alseis,18.7,A
163.59,135.79,Aglaia,,D
567.68,190.37,Calophyllum,33.1,A
267.65,49.13,Faramea,73.1,A
449.05,92.06,Eugenia,55.1,A
30.18,274.82,Eugenia,72.4,A
321.0,303.65,Trichilia,17.1,A
274.99,35.76,Protium,27.2,A
432.12,70.16,Eugenia,63.1,A
232.47,285.02,Swartzia,275.1,A
435.82,198.73,Garcinia,27.4,A
408.3,57.99,Jacaranda,20.2,A
177.85,198.22,Alseis,,D
174.97,329.77,Beilschmiedia,200.4,A
197.28,8.36,Alseis,29.2,A
316.09,383.41,Hirtella,15.3,A
297.56,342.4,Aglaia,12.8,A
306.67,167.0,Guarea,12.8,A
191.81,159.03,Dipteryx,216.8,A
265.2,152.84,Dipteryx,22.6,A
220.39,108.95,Guarea,205.0,A
24.05,227.61,Cordia,40.5,A
236.71,97.05,Garcinia,,D
227.21,374.66,Cordia,28.0,A
406.18,145.03,Calophyllum,65.6,A
33.13,118.41,Calophyllum,,D
537.0,103.88,Aglaia,,D
94.85,61.67,Sloanea,68.3,A
167.84,333.74,Beilschmiedia,26.3,A
10.1,269.61,Nectandra,12.1,A
22.01,148.97,Aglaia,70.1,A
383.41,342.51,Guarea,65.1,A
390.13,136.69,Faramea,42.1,A
148.63,344.57,Cordia,13.8,A
569.29,19.7,Licania,11.3,A
176.93,215.57,Garcinia,10.9,A
367.77,374.27,Aglaia,69.4,A
17.0,39.15,Ocotea,18.8,A
180.6,243.7,Quararibea,13.4,A
192.52,122.4,Aglaia,12.3,A
449.17,107.75,Jacaranda,16.7,A
245.12,90.85,Cordia,74.6,A
215.27,8.57,Cordia,65.5,A
316.37,181.6,Inga,24.1,A
119.82,345.78,Jacaranda,,D
64.85,373.12,Dipteryx,25.4,A
213.72,323.81,Drypetes,,D
302.47,309.53,Aglaia,25.7,A
405.38,180.67,Faramea,,D
198.65,275.23,Dipteryx,58.5,A
113.77,234.84,Garcinia,15.1,A
56.01,335.28,Rinorea,13.6,A
34.58,124.16,Inga,20.3,A
372.07,249.43,Faramea,27.7,A
465.27,0.15,Beilschmiedia,16.6,A
394.97,306.58,Licania,29.0,A
221.28,327.54,Drypetes,60.1,A
262.14,183.4,Calophyllum,,D
245.89,335.02,Aglaia,14.9,A
486.07,57.54,Drypetes,120.7,A
398.96,105.05,Dipteryx,34.7,A
228.22,95.09,Eugenia,30.0,A
80.07,154.74,Protium,66.6,A
227.52,161.31,Alseis,92.6,A
376.87,229.39,Alseis,30.8,A
94.04,223.46,Aglaia,24.8,A
297.03,31.1,Aglaia,142.6,A
599.69,51.07,Faramea,48.3,A
157.86,268.0,Alseis,,D
340.87,297.21,Dipteryx,44.3,A
61.43,302.07,Drypetes,24.3,A
9.82,89.25,Alseis,20.2,A
428.19,71.35,Inga,,D
108.2,47.35,Cordia,16.7,A
21.9,116.61,Drypetes,110.4,A
185.62,184.97,Dipteryx,41.4,A
159.27,354.67,Guarea,72.5,A
592.97,75.99,Eugenia,142.9,A
181.16,295.96,Alseis,62.8,A
303.35,28.0,Eugenia,19.8,A
282.37,200.54,Eugenia,29.7,A
333.89,118.12,Beilschmiedia,123.3,A
156.07,126.37,Calophyllum,387.0,A
65.08,175.37,Cordia,151.0,A
287.68,308.01,Aglaia,17.8,A
324.07,155.92,Nectandra,28.5,A
121.82,247.91,Macaranga,,D
148.87,72.59,Inga,,D
373.49,65.57,Alseis,29.7,A
343.69,392.35,Aglaia,11.0,A
39.43,273.7,Knema,57.4,A
223.0,231.88,Drypetes,30.6,A
122.99,40.4,Hirtella,79.3,A
139.84,74.44,Hirtella,22.2,A
183.03,360.24,Rinorea,,D
151.61,342.85,Beilschmiedia,46.6,A
3.6,302.89,Ocotea,14.3,A
25.54,264.63,Macaranga,12.0,A
182.33,190.72,Palaquium,,D
245.65,258.2,Calophyllum,15.1,A
12.62,80.75,Beilschmiedia,11.0,A
199.25,205.0,Aglaia,92.9,A
82.76,223.38,Macaranga,15.2,A
491.37,85.15,Beilschmiedia,63.5,A
324.64,253.84,Guarea,137.2,A
245.89,19.4,Alseis,205.2,A
154.83,307.27,Alseis,70.4,A
29.75,285.73,Drypetes,10.7,A
72.72,121.41,Inga,15.6,A
296.15,40.54,Aglaia,15.4,A
543.38,69.95,Aglaia,151.7,A
551.71,191.65,Cordia,15.5,A
412.69,122.0,Macaranga,10.3,A
543.98,167.11,Beilschmiedia,25.6,A
301.87,204.85,Inga,12.1,A
85.78,84.65,Alseis,20.7,A
269.18,209.78,Garcinia,247.2,A
163.6,322.21,Aglaia,61.1,A
115.19,355.33,Calophyllum,21.3,A
232.46,72.54,Garcinia,350.9,A
84.36,94.46,Palaquium,14.7,A
303.82,340.71,Nectandra,13.1,A
102.08,268.54,Knema,32.6,A
99.84,114.8,Alseis,,D
53.0,228.59,Calophyllum,102.5,A
240.8,330.68,Beilschmiedia,25.3,A
127.07,265.83,Dipteryx,370.7,A
135.9,355.62,Knema,,D
150.92,361.69,Alseis,20.7,A
107.07,32.86,Aglaia,15.1,A
534.37,187.15,Beilschmiedia,28.7,A
71.66,91.17,Hirtella,14.0,A
100.17,270.21,Garcinia,27.8,A
319.33,114.71,Beilschmiedia,,D
405.38,12.04,Drypetes,135.5,A
224.49,31.39,Anacardium,99.8,A
170.5,318.25,Beilschmiedia,72.6,A
305.12,90.54,Aglaia,20.9,A
146.75,162.69,Dipteryx,81.2,A
190.18,367.88,Aglaia,14.8,A
39.42,173.17,Alseis,112.5,A
134.89,79.12,Protium,13.8,A
34.07,104.22,Nectandra,43.5,A
221.3,321.51,Guarea,41.4,A
275.98,189.03,Faramea,13.0,A
476.58,91.19,Ocotea,16.9,A
113.48,278.02,Knema,220.6,A
383.65,224.33,Cordia,12.2,A
398.73,142.79,Calophyllum,19.0,A
131.1,310.34,Faramea,15.1,A
550.15,189.75,Jacaranda,144.9,A
158.55,259.25,Calophyllum,,D
302.57,26.24,Aglaia,24.0,A
69.05,73.72,Alseis,29.6,A
374.81,269.03,Dipteryx,15.0,A
434.06,23.42,Beilschmiedia,22.7,A
475.44,47.32,Licania,42.7,A
148.14,257.66,Alseis,123.9,A
166.81,261.14,Alseis,78.4,A
545.53,171.42,Beilschmiedia,27.9,A
228.73,291.89,Eugenia,61.6,A
237.53,119.53,Beilschmiedia,256.7,A
105.45,142.89,Guarea,50.0,A
560.85,184.19,Dipteryx,,M
572.07,88.99,Tetragastris,10.6,A
473.89,33.14,Drypetes,19.5,A
138.43,368.02,Alseis,30.3,A
478.38,96.53,Drypetes,21.7,A
324.65,266.11,Cordia,173.6,A
476.42,168.34,Beilschmiedia,18.0,A
249.69,199.24,Garcinia,72.5,A
179.08,214.07,Aglaia,11.0,A
172.28,199.65,Licania,219.0,A
4.72,81.75,Cordia,51.2,A
552.39,52.11,Aglaia,126.0,A
434.55,179.3,Guarea,116.4,A
26.13,222.13,Garcinia,10.4,A
449.11,110.57,Cordia,41.3,A
270.43,294.74,Calophyllum,13.9,A
34.0,169.06,Cordia,25.4,A
65.96,206.0,Cordia,22.4,A
127.24,57.11,Alseis,166.6,A
222.23,219.44,Jacaranda,74.7,A
514.54,49.53,Cordia,15.2,A
163.43,241.69,Sloanea,71.8,A
172.9,349.35,Guarea,18.1,A
142.12,201.02,Calophyllum,17.7,A
88.78,216.8,Guarea,19.2,A
197.76,230.81,Jacaranda,14.7,A
325.68,277.29,Calophyllum,,D
199.83,316.29,Faramea,107.6,A
231.68,346.45,Sloanea,11.0,A
540.96,44.35,Licania,95.7,A
37.65,158.22,Cordia,152.9,A
24.62,193.8,Aglaia,91.6,A
394.26,29.11,Swartzia,17.4,A
167.41,323.4,Faramea,468.0,A
269.52,174.91,Hirtella,,D
494.21,166.17,Knema,46.0,A
241.56,45.86,Faramea,11.6,A
213.28,69.34,Alseis,22.7,A
270.35,235.61,Dipteryx,200.3,A
312.78,294.91,Ocotea,94.9,A
22.07,253.49,Macaranga,11.4,A
302.25,152.48,Inga,12.5,A
446.57,136.5,Calophyllum,472.5,A
349.53,123.51,Ocotea,50.6,A
430.35,152.6,Hirtella,17.4,A
305.43,20.65,Aglaia,45.5,A
221.84,365.38,Hirtella,28.4,A
397.85,38.35,Calophyllum,22.5,A
177.06,326.11,Cordia,45.0,A
233.98,259.06,Aglaia,37.5,A
187.19,179.09,Shorea,18.7,A
194.36,14.3,Nectandra,28.7,A
182.03,163.38,Dipteryx,21.1,A
219.19,236.96,Cordia,50.6,A
124.3,15.92,Jacaranda,24.2,A
589.93,194.71,Guarea,62.5,A
469.09,14.4,Beilschmiedia,19.0,A
15.35,273.73,Calophyllum,26.5,A
115.97,150.31,Guarea,,M
551.16,96.52,Aglaia,16.4,A
563.43,175.27,Jacaranda,11.4,A
101.32,38.86,Aglaia,102.7,A
39.94,117.5,Xylopia,18.6,A
269.37,222.81,Dipteryx,44.4,A
269.84,234.32,Beilschmiedia,27.7,A
52.49,298.16,Drypetes,10.4,A
495.01,4.11,Eugenia,11.5,A
382.72,176.01,Sloanea,10.5,A
457.32,141.11,Drypetes,69.4,A
517.37,61.56,Calophyllum,12.4,A
372.9,323.01,Tetragastris,14.5,A
243.85,185.29,Ocotea,31.5,A
126.28,83.9,Alseis,37.5,A
59.25,232.32,Alseis,10.9,A
291.45,237.01,Cordia,14.9,A
554.74,156.1,Rinorea,87.0,A
333.59,275.81,Calophyllum,36.0,A
349.44,145.51,Hirtella,12.3,A
105.89,83.89,Inga,16.6,A
589.8,35.29,Alseis,53.4,A
358.73,397.49,Palaquium,124.2,A
312.36,65.66,Dipteryx,15.0,A
4.03,83.36,Beilschmiedia,,D
550.15,112.35,Aglaia,41.2,A
568.96,117.34,Guarea,12.3,A
546.84,54.3,Faramea,151.4,A
93.29,40.98,Eugenia,68.2,A
96.49,369.02,Beilschmiedia,14.1,A
243.14,131.09,Anacardium,13.5,A
85.99,75.9,Nectandra,85.1,A
541.98,41.62,Faramea,27.4,A
3.29,292.51,Cordia,127.6,A
74.54,130.52,Palaquium,174.2,A
45.9,66.27,Cordia,12.1,A
241.21,339.1,Luehea,19.0,A
238.79,256.44,Aglaia,43.7,A
423.9,83.41,Beilschmiedia,30.2,A
113.8,164.44,Protium,109.4,A
49.64,225.52,Drypetes,13.6,A
39.72,240.44,Calophyllum,12.4,A
522.91,130.12,Jacaranda,23.9,A
202.57,196.13,Aglaia,12.5,A
156.12,245.6,Sloanea,15.5,A
590.01,104.5,Guarea,308.4,A
438.55,117.0,Hirtella,28.3,A
249.49,277.98,Eugenia,158.5,A
377.6,151.95,Faramea,10.8,A
525.34,69.36,Knema,697.2,A
198.17,294.4,Eugenia,33.8,A
34.82,134.41,Virola,12.1,A
66.26,234.04,Cordia,15.7,A
311.48,250.47,Faramea,97.1,A
231.97,54.16,Garcinia,247.6,A
411.6,122.55,Aglaia,64.5,A
570.51,125.57,Calophyllum,12.7,A
388.63,95.45,Hura,44.1,A
397.57,190.19,Nectandra,15.9,A
65.87,316.7,Aglaia,13.4,A
31.74,94.52,Drypetes,10.5,A
359.96,315.32,Hirtella,,D
213.84,98.46,Aglaia,160.0,A
280.21,205.65,Dipteryx,50.6,A
572.57,147.42,Tetragastris,58.4,A
201.57,129.83,Alseis,15.3,A
210.92,228.09,Aglaia,58.1,A
363.17,245.22,Dipteryx,23.1,A
432.31,145.25,Dipteryx,26.9,A
162.48,354.98,Alseis,21.6,A
398.69,219.05,Eugenia,,D
531.18,109.15,Ocotea,59.6,A
197.35,86.87,Aglaia,133.7,A
240.42,25.7,Alseis,79.4,A
172.68,312.34,Aglaia,62.9,A
275.06,243.47,Beilschmiedia,134.9,A
96.36,80.43,Aglaia,60.3,A
573.17,145.16,Tetragastris,204.0,A
404.69,117.12,Alseis,13.9,A
523.33,96.4,Aglaia,57.3,A
108.75,159.96,Cordia,62.2,A
67.89,127.59,Drypetes,64.8,A
582.34,20.66,Licania,11.6,A
199.66,377.39,Calophyllum,19.2,A
480.29,60.69,Licania,13.1,A
218.37,67.65,Nectandra,13.2,A
72.48,83.82,Nectandra,32.3,A
369.47,248.22,Beilschmiedia,,D
348.96,367.55,Aglaia,,D
14.59,339.42,Calophyllum,266.1,A
154.04,22.31,Calophyllum,98.2,A
459.85,43.88,Eugenia,108.0,A
180.54,346.59,Dipteryx,,D
338.04,385.95,Tetragastris,55.8,A
419.27,140.87,Beilschmiedia,15.5,A
100.16,55.08,Aglaia,11.4,A
68.6,64.53,Aglaia,71.3,A
128.58,169.92,Dipteryx,109.0,A
322.84,212.93,Cordia,16.6,A
365.76,250.52,Aglaia,18.6,A
279.88,277.35,Hirtella,52.1,A
73.43,94.31,Drypetes,20.1,A
221.37,390.88,Dipteryx,53.9,A
324.86,128.51,Trichilia,51.7,A
151.89,165.29,Hirtella,68.5,A
244.48,179.56,Eugenia,23.9,A
1.69,362.76,Beilschmiedia,27.4,A
42.61,188.02,Aglaia,132.0,A
460.86,110.6,Eugenia,12.0,A
468.73,50.28,Beilschmiedia,18.1,A
239.76,206.38,Calophyllum,90.1,A
43.26,211.6,Cordia,12.5,A
15.84,84.59,Beilschmiedia,,D
201.94,247.04,Beilschmiedia,10.5,A
153.59,30.43,Cordia,21.6,A
356.68,353.21,Eugenia,18.7,A
156.46,10.47,Alseis,39.3,A
566.57,183.27,Rinorea,72.7,A
51.84,128.02,Virola,14.3,A
565.92,60.87,Cordia,31.8,A
223.98,300.83,Aglaia,,D
379.7,252.31,Aglaia,10.6,A
298.42,221.59,Faramea,14.8,A
275.47,360.31,Aglaia,28.1,A
343.21,383.72,Macaranga,12.1,A
466.87,62.03,Guarea,263.4,A
279.71,0.59,Beilschmiedia,191.7,A
89.31,221.45,Eugenia,13.9,A
92.99,69.1,Cordia,45.4,A
310.45,81.73,Dipteryx,13.1,A
161.96,96.7,Macaranga,64.2,A
345.21,344.24,Eugenia,19.0,A
362.98,147.74,Hirtella,89.2,A
251.52,189.39,Ocotea,16.6,A
523.66,165.5,Aglaia,17.7,A
162.65,134.55,Beilschmiedia,233.8,A
300.16,280.64,Guarea,,D
127.56,349.75,Aglaia,17.4,A
201.86,214.57,Dipteryx,357.8,A
127.19,56.64,Alseis,461.7,A
585.0,153.31,Calophyllum,13.4,A
23.87,105.14,Alseis,42.2,A
72.25,286.69,Cordia,19.1,A
435.72,195.31,Garcinia,51.1,A
252.78,165.65,Dipteryx,22.4,A
25.69,297.55,Anacardium,289.3,A
570.3,191.73,Dipteryx,22.0,A
309.88,192.77,Inga,105.9,A
526.28,199.37,Beilschmiedia,178.9,A
445.46,12.71,Calophyllum,140.9,A
429.17,52.25,Alseis,42.5,A
472.57,27.47,Dipteryx,27.0,A
106.39,123.95,Drypetes,26.3,A
225.89,37.03,Hirtella,140.0,A
440.98,82.68,Calophyllum,,D
379.59,9.42,Dipteryx,79.2,A
307.33,160.17,Shorea,87.4,A
524.2,27.98,Cordia,41.8,A
238.58,245.63,Cordia,30.0,A
0.3,141.12,Inga,10.1,A
127.02,132.51,Beilschmiedia,63.9,A
185.28,214.77,Licania,,D
427.41,82.47,Dipteryx,19.7,A
214.05,240.88,Aglaia,153.9,A
172.86,107.61,Aglaia,42.4,A
404.01,85.13,Beilschmiedia,19.2,A
529.73,181.82,Beilschmiedia,,D
105.82,278.7,Drypetes,118.1,A
143.9,328.77,Drypetes,29.0,A
126.0,223.26,Nectandra,13.6,A
230.02,189.81,Xylopia,11.1,A
376.14,242.5,Calophyllum,12.7,A
173.58,194.55,Alseis,25.4,A
147.64,380.93,Alseis,169.6,A
122.06,231.94,Eugenia,,D
30.66,84.71,Eugenia,24.3,A
248.57,70.34,Garcinia,20.1,A
257.02,285.87,Garcinia,20.7,A
72.33,275.23,Knema,14.7,A
126.77,309.77,Calophyllum,384.5,A
191.44,303.8,Drypetes,99.5,A
21.75,93.18,Beilschmiedia,20.4,A
418.02,22.46,Cordia,107.7,A
232.96,317.26,Eugenia,23.6,A
584.21,86.55,Aglaia,15.2,A
232.05,262.19,Beilschmiedia,237.4,A
201.02,65.56,Guarea,25.5,A
569.55,18.38,Xylopia,31.5,A
18.72,143.01,Inga,20.2,A
332.44,134.15,Alseis,73.1,A
393.16,21.82,Inga,49.8,A
464.28,196.78,Cordia,39.5,A
351.57,340.09,Tetragastris,128.2,A
553.08,165.82,Beilschmiedia,15.1,A
519.25,150.16,Cordia,,M
175.7,296.55,Alseis,57.3,A
416.77,82.86,Aglaia,16.6,A
161.69,120.12,Nectandra,,M
264.0,264.27,Hirtella,17.0,A
149.56,153.1,Calophyllum,17.8,A
55.23,168.96,Alseis,125.8,A
20.61,98.11,Alseis,387.9,A
264.73,379.66,Cupania,11.9,A
535.15,40.26,Calophyllum,583.1,A
52.36,280.35,Eugenia,115.2,A
36.39,307.14,Drypetes,265.8,A
273.76,3.21,Beilschmiedia,79.8,A
334.75,240.29,Calophyllum,10.8,A
80.53,226.06,Eugenia,32.9,A
30.61,211.86,Macaranga,117.4,A
92.91,344.9,Swartzia,59.6,A
397.17,118.5,Hirtella,18.3,A
249.84,191.36,Licania,25.0,A
134.64,223.94,Faramea,548.1,A
381.77,244.8,Garcinia,305.8,A
401.43,5.43,Xylopia,63.4,A
322.06,148.34,Calophyllum,531.6,A
52.44,226.27,Alseis,62.0,A
314.98,134.69,Inga,144.8,A
62.27,275.56,Knema,286.7,A
120.63,173.01,Calophyllum,62.5,A
84.83,277.31,Drypetes,13.9,A
420.39,117.4,Guarea,64.2,A
44.81,149.27,Drypetes,10.9,A
98.46,115.81,Drypetes,17.3,A
173.04,119.03,Calophyllum,47.8,A
47.48,88.37,Eugenia,13.5,A
401.17,45.24,Drypetes,19.7,A
491.82,113.93,Eugenia,61.4,A
129.3,208.34,Swartzia,17.8,A
513.26,155.45,Ocotea,19.0,A
283.17,1.92,Beilschmiedia,86.8,A
485.84,40.43,Hirtella,28.6,A
30.16,137.84,Swartzia,,D
158.06,90.31,Inga,20.7,A
46.4,388.5,Knema,11.2,A
586.55,77.42,Aglaia,114.1,A
402.36,155.4,Jacaranda,10.1,A
521.7,136.89,Aglaia,54.5,A
233.67,161.98,Alseis,270.4,A
17.2,370.05,Quararibea,105.6,A
349.86,368.71,Aglaia,117.3,A
537.69,40.6,Ocotea,113.2,A
135.2,354.71,Guarea,232.6,A
228.71,227.84,Diospyros,157.0,A
238.08,72.03,Nectandra,11.7,A
111.57,208.5,Calophyllum,25.9,A
54.52,356.72,Aglaia,11.3,A
337.54,311.27,Dipteryx,18.9,A
277.09,259.71,Aglaia,100.0,A
168.77,104.09,Licania,,D
295.38,168.57,Jacaranda,11.6,A
568.63,150.07,Faramea,108.8,A
195.6,316.02,Aglaia,12.1,A
347.56,364.13,Trichilia,23.7,A
371.4,164.23,Cordia,17.4,A
388.57,8.02,Drypetes,11.7,A
506.74,165.42,Cordia,140.8,A
43.36,318.18,Alseis,49.8,A
553.77,155.4,Tetragastris,65.8,A
340.54,138.11,Ficus,280.3,A
241.9,348.89,Dipteryx,,M
39.92,7.3,Garcinia,174.2,A
545.29,51.39,Alseis,,D
509.36,2.18,Drypetes,,M
41.42,28.84,Cordia,82.7,A
123.49,94.93,Drypetes,16.1,A
263.25,202.06,Garcinia,24.8,A
470.49,185.97,Eugenia,75.3,A
127.03,33.61,Shorea,12.5,A
264.69,382.19,Cordia,21.8,A
205.07,191.96,Aglaia,22.8,A
243.02,286.18,Beilschmiedia,10.3,A
352.22,269.48,Jacaranda,14.2,A
371.25,391.61,Hirtella,13.1,A
462.68,194.55,Dipteryx,14.7,A
522.13,195.1,Alseis,23.8,A
314.74,316.61,Alseis,59.0,A
191.04,313.4,Guarea,26.2,A
58.04,175.7,Macaranga,88.4,A
423.25,62.0,Aglaia,22.8,A
151.62,153.77,Alseis,27.2,A
437.37,46.35,Beilschmiedia,29.8,A
99.46,381.56,Garcinia,296.8,A
250.01,332.64,Dipteryx,10.4,A
457.25,11.24,Beilschmiedia,32.4,A
495.6,51.81,Faramea,13.2,A
80.86,9.72,Macaranga,289.0,A
333.21,262.24,Calophyllum,561.7,A
207.01,187.29,Guarea,10.8,A
428.24,66.59,Aglaia,23.8,A
125.52,177.42,Cordia,14.3,A
138.65,263.51,Knema,64.4,A
108.65,83.99,Alseis,63.9,A
446.66,76.37,Cordia,15.6,A
155.29,279.35,Guarea,19.6,A
90.03,28.45,Eugenia,57.5,A
283.82,198.25,Cordia,21.0,A
50.14,204.05,Aglaia,55.4,A
194.37,0.05,Alseis,12.6,A
94.06,285.93,Dipteryx,110.8,A
413.78,176.33,Palaquium,17.9,A
162.65,215.78,Anacardium,10.2,A
147.99,100.72,Garcinia,56.2,A
471.14,166.14,Calophyllum,17.5,A
211.41,262.31,Cordia,80.9,A
30.44,223.1,Calophyllum,76.1,A
436.47,137.43,Guarea,11.7,A
295.04,25.51,Aglaia,17.9,A
397.64,337.99,Aglaia,,D
281.44,270.56,Cordia,29.8,A
25.5,133.48,Shorea,90.6,A
308.25,87.63,Hirtella,20.0,A
349.87,18.21,Alseis,13.4,A
309.18,33.0,Aglaia,14.2,A
387.68,312.47,Licania,19.9,A
500.32,20.17,Calophyllum,,M
323.17,376.32,Cupania,13.9,A
251.52,377.03,Cordia,63.2,A
83.56,358.98,Beilschmiedia,43.4,A
489.81,94.16,Beilschmiedia,62.8,A
272.83,157.46,Dipteryx,246.8,A
231.72,351.12,Eugenia,45.2,A
400.32,91.72,Garcinia,10.4,A
132.41,245.92,Guarea,12.2,A
76.84,279.96,Knema,18.5,A
81.03,187.85,Calophyllum,15.0,A
83.11,298.21,Calophyllum,17.7,A
58.61,169.97,Cordia,38.1,A
348.19,354.46,Tetragastris,47.3,A
173.94,136.65,Cordia,178.8,A
293.07,268.29,Aglaia,30.2,A
583.41,89.06,Faramea,141.2,A
308.57,64.41,Xylopia,,D
382.11,200.99,Macaranga,119.4,A
16.8,104.05,Alseis,,D
230.06,366.52,Trichilia,38.3,A
398.81,328.06,Alseis,17.8,A
49.39,153.53,Cordia,20.5,A
197.44,337.08,Jacaranda,45.9,A
360.97,151.99,Eugenia,47.8,A
563.57,85.25,Beilschmiedia,11.3,A
86.87,298.69,Aglaia,99.0,A
40.28,127.73,Alseis,309.6,A
409.87,69.12,Drypetes,82.1,A
25.04,357.14,Calophyllum,89.7,A
397.61,211.65,Jacaranda,14.9,A
337.2,377.07,Alseis,21.8,A
116.7,232.43,Nectandra,14.0,A
91.96,265.15,Alseis,62.5,A
52.78,179.33,Calophyllum,181.2,A
233.92,163.2,Alseis,151.2,A
366.85,339.64,Dipteryx,15.1,A
295.99,163.62,Calophyllum,89.8,A
425.08,66.99,Jacaranda,16.4,A
27.53,164.14,Aglaia,66.4,A
33.16,156.34,Cordia,,D
267.93,193.32,Nectandra,27.6,A
219.27,263.25,Beilschmiedia,148.8,A
153.91,305.11,Faramea,107.9,A
553.27,108.1,Aglaia,18.3,A
473.55,161.33,Beilschmiedia,17.4,A
80.11,296.66,Beilschmiedia,131.1,A
80.07,225.1,Calophyllum,31.9,A
177.15,338.9,Hirtella,19.8,A
545.63,162.19,Beilschmiedia,31.8,A
257.8,315.39,Calophyllum,289.8,A
199.96,270.64,Dipteryx,469.8,A
282.57,174.83,Faramea,15.3,A
124.05,70.8,Protium,13.7,A
501.95,28.67,Eugenia,146.9,A
491.95,68.6,Dipteryx,415.3,A
193.44,238.32,Dipteryx,99.2,A
45.86,231.18,Drypetes,65.2,A
345.4,154.17,Guarea,,D
148.23,203.76,Jacaranda,12.1,A
101.07,335.63,Aglaia,,D
190.7,179.69,Calophyllum,12.8,A
85.39,89.03,Inga,20.3,A
512.12,36.16,Dipteryx,11.7,A
181.22,292.42,Alseis,112.1,A
171.43,133.08,Dipteryx,11.7,A
281.56,210.55,Eugenia,,D
27.86,272.85,Calophyllum,94.6,A
116.67,252.13,Cordia,22.9,A
257.27,363.32,Jacaranda,99.7,A
404.6,20.35,Ocotea,135.2,A
156.26,135.58,Beilschmiedia,10.4,A
425.92,112.55,Ocotea,15.4,A
394.31,69.55,Macaranga,146.1,A
129.73,211.46,Rinorea,18.9,A
308.16,103.53,Cordia,11.7,A
45.54,378.89,Beilschmiedia,13.8,A
7.09,192.25,Alseis,165.8,A
230.04,197.07,Dipteryx,18.3,A
119.49,376.89,Diospyros,,D
86.16,51.54,Dipteryx,53.6,A
372.16,143.72,Faramea,70.7,A
64.74,127.64,Palaquium,15.4,A
110.2,138.09,Quararibea,136.3,A
233.3,338.99,Dipteryx,42.9,A
37.33,355.58,Cordia,57.6,A
159.63,357.99,Hirtella,13.7,A
242.91,316.08,Beilschmiedia,103.7,A
20.2,110.37,Aglaia,21.9,A
88.73,69.83,Calophyllum,57.0,A
468.11,188.55,Shorea,156.9,A
383.9,115.77,Aglaia,22.6,A
96.07,347.51,Beilschmiedia,,D
393.78,32.31,Ficus,22.4,A
278.71,206.94,Licania,11.4,A
411.09,112.32,Aglaia,25.3,A
386.04,113.01,Alseis,18.6,A
519.43,28.58,Faramea,21.0,A
344.41,35.56,Drypetes,422.2,A
33.87,213.65,Garcinia,24.1,A
246.77,310.64,Aglaia,17.0,A
327.46,100.44,Beilschmiedia,24.9,A
306.34,63.28,Nectandra,27.0,A
389.83,14.74,Drypetes,12.2,A
271.9,318.05,Aglaia,49.9,A
93.49,47.62,Aglaia,14.4,A
11.75,267.13,Calophyllum,13.4,A
580.52,72.12,Alseis,13.2,A
273.16,256.47,Aglaia,10.7,A
338.32,250.34,Calophyllum,17.3,A
328.63,136.89,Aglaia,21.9,A
401.32,60.15,Inga,24.7,A
206.44,272.02,Alseis,98.5,A
207.06,332.87,Jacaranda,,D
168.77,289.43,Faramea,20.7,A
120.17,385.7,Garcinia,10.2,A
45.89,144.03,Dipteryx,,D
344.99,182.91,Ocotea,14.5,A
468.29,44.57,Eugenia,38.6,A
579.73,72.13,Aglaia,77.5,A
565.94,99.37,Beilschmiedia,11.8,A
218.7,68.44,Alseis,,D
220.43,178.24,Guarea,86.0,A
21.02,17.97,Calophyllum,12.1,A
224.21,396.39,Dipteryx,10.7,A
396.35,114.02,Beilschmiedia,10.0,A
523.34,27.47,Drypetes,76.0,A
123.99,91.61,Shorea,,D
94.44,259.2,Alseis,63.3,A
136.01,23.77,Sloanea,170.7,A
36.23,35.71,Calophyllum,155.1,A
95.45,130.43,Drypetes,20.6,A
350.83,315.38,Cordia,10.5,A
126.24,225.8,Drypetes,43.1,A
147.69,18.48,Dipteryx,10.9,A
80.78,142.01,Drypetes,13.2,A
298.37,172.08,Dipteryx,70.5,A
413.7,123.97,Macaranga,16.9,A
567.31,117.1,Calophyllum,13.3,A
362.26,223.44,Alseis,47.3,A
560.68,164.56,Calophyllum,58.7,A
401.12,59.31,Drypetes,294.3,A
335.86,124.47,Alseis,13.1,A
161.71,25.11,Alseis,461.8,A
312.07,163.39,Inga,,D
235.49,286.28,Aglaia,136.2,A
151.6,5.49,Calophyllum,26.4,A
133.29,138.01,Inga,16.1,A
101.25,300.17,Macaranga,123.1,A
364.36,21.76,Dipteryx,29.9,A
69.92,221.58,Swartzia,21.5,A
319.15,27.96,Aglaia,14.6,A
373.87,269.31,Licania,18.4,A
119.16,63.67,Dipteryx,424.5,A
380.89,170.89,Dipteryx,38.0,A
72.94,119.4,Inga,125.4,A
376.12,375.38,Palaquium,117.6,A
184.46,332.85,Beilschmiedia,148.9,A
525.69,132.17,Cordia,17.0,A
368.26,52.06,Nectandra,11.1,A
113.82,76.12,Dipteryx,152.9,A
51.8,116.38,Cordia,10.7,A
160.07,215.06,Aglaia,23.0,A
162.15,297.25,Aglaia,27.8,A
552.88,50.07,Alseis,22.9,A
325.24,22.21,Garcinia,21.5,A
162.85,347.3,Calophyllum,17.6,A
437.45,91.75,Cordia,38.7,A
497.59,132.07,Drypetes,435.4,A
58.08,308.73,Aglaia,15.5,A
181.12,215.05,Drypetes,12.4,A
252.24,214.09,Inga,26.0,A
533.51,192.69,Beilschmiedia,11.7,A
26.25,376.84,Beilschmiedia,138.0,A
130.18,320.04,Knema,25.2,A
431.88,30.01,Beilschmiedia,21.6,A
402.45,141.9,Guarea,20.9,A
413.08,42.14,Aglaia,29.6,A
177.89,195.33,Calophyllum,16.8,A
319.59,367.7,Calophyllum,10.8,A
68.91,232.16,Anacardium,,D
21.18,397.31,Alseis,31.3,A
80.96,324.05,Drypetes,10.1,A
225.48,330.49,Dipteryx,68.7,A
367.03,241.63,Dipteryx,80.0,A
247.49,178.07,Rinorea,13.7,A
146.53,318.21,Quararibea,142.1,A
63.34,195.64,Calophyllum,13.7,A
24.3,97.11,Alseis,15.4,A
7.24,16.06,Hirtella,56.0,A
125.21,374.15,Cordia,25.6,A
367.68,38.43,Drypetes,63.2,A
199.53,13.99,Alseis,23.7,A
161.74,167.71,Aglaia,58.8,A
30.62,122.17,Calophyllum,80.6,A
413.45,186.69,Faramea,117.7,A
7.89,345.75,Alseis,118.6,A
64.02,308.36,Aglaia,146.6,A
481.63,33.93,Dipteryx,25.3,A
225.75,295.95,Dipteryx,89.5,A
553.57,168.1,Rinorea,16.7,A
355.34,118.24,Aglaia,24.1,A
265.85,19.2,Cordia,11.4,A
128.86,85.83,Inga,14.2,A
158.98,354.39,Eugenia,10.6,A
303.22,304.52,Alseis,22.7,A
403.13,92.4,Garcinia,21.7,A
403.75,136.96,Aglaia,37.7,A
28.77,290.33,Faramea,90.5,A
533.3,43.81,Knema,11.3,A
495.8,148.85,Calophyllum,,D
167.0,222.53,Alseis,11.0,A
123.3,292.99,Hirtella,42.7,A
281.24,2.27,Aglaia,76.5,A
184.58,227.86,Aglaia,,D
412.65,18.99,Beilschmiedia,24.3,A
12.73,295.39,Guarea,15.5,A
228.22,359.75,Calophyllum,622.8,A
537.3,118.44,Calophyllum,34.7,A
404.68,186.09,Faramea,109.7,A
297.41,215.81,Inga,13.4,A
141.15,80.31,Calophyllum,15.2,A
394.09,95.09,Dipteryx,72.6,A
21.37,181.2,Aglaia,,D
172.02,130.36,Ocotea,78.3,A
309.7,27.13,Dipteryx,,D
544.14,129.38,Guarea,19.3,A
104.97,38.36,Sloanea,15.0,A
22.26,199.44,Aglaia,16.6,A
372.32,387.48,Jacaranda,48.5,A
295.47,151.05,Hirtella,14.9,A
224.83,225.45,Drypetes,16.6,A
444.19,172.41,Dipteryx,15.0,A
270.86,191.28,Eugenia,17.2,A
82.6,299.93,Hirtella,10.3,A
156.53,102.46,Guarea,19.2,A
50.44,328.87,Rinorea,86.3,A
75.14,312.03,Drypetes,21.0,A
54.12,256.1,Drypetes,18.4,A
211.39,22.02,Nectandra,18.2,A
384.73,84.42,Alseis,27.3,A
204.91,123.53,Aglaia,132.9,A
164.71,29.08,Calophyllum,106.7,A
205.6,26.23,Cordia,10.1,A
379.33,148.91,Protium,86.2,A
591.31,148.07,Guarea,15.1,A
404.25,53.67,Inga,22.7,A
65.66,9.13,Garcinia,360.1,A
121.78,198.73,Cordia,69.9,A
39.88,293.57,Alseis,,D
239.41,74.82,Ocotea,18.1,A
72.78,277.91,Aglaia,11.0,A
346.77,124.09,Macaranga,16.6,A
362.3,229.12,Guarea,11.8,A
270.86,156.78,Ocotea,11.4,A
164.57,381.4,Cupania,14.6,A
116.89,119.52,Calophyllum,21.1,A
5.0,389.52,Guarea,27.1,A
117.14,308.18,Cordia,147.3,A
97.76,397.5,Beilschmiedia,108.9,A
395.65,83.59,Hirtella,63.4,A
165.15,65.99,Jacaranda,27.0,A
280.32,174.44,Shorea,10.3,A
391.77,11.69,Alseis,27.7,A
68.3,341.22,Aglaia,25.7,A
298.36,276.78,Faramea,24.0,A
506.49,130.5,Calophyllum,16.9,A
396.56,107.52,Alseis,11.4,A
240.01,370.83,Eugenia,145.6,A
310.99,137.7,Inga,16.1,A
92.16,297.91,Drypetes,46.3,A
274.57,206.51,Jacaranda,11.4,A
517.4,198.21,Guarea,,D
10.83,378.64,Beilschmiedia,11.5,A
68.03,355.51,Jacaranda,,D
151.42,305.54,Faramea,12.6,A
197.54,114.77,Guarea,160.5,A
387.51,104.09,Alseis,37.5,A
105.36,144.27,Dipteryx,101.1,A
333.63,118.17,Guarea,37.3,A
175.64,107.41,Protium,112.3,A
497.08,120.14,Drypetes,87.5,A
12.73,207.16,Alseis,13.4,A
208.16,82.56,Alseis,32.0,A
255.5,232.63,Cordia,16.9,A
250.17,244.85,Licania,437.9,A
149.15,368.23,Guarea,,D
418.42,74.15,Garcinia,10.3,A
76.86,116.73,Knema,,D
259.34,314.42,Aglaia,21.7,A
447.37,103.4,Ocotea,14.8,A
61.88,119.86,Virola,99.6,A
131.29,88.4,Garcinia,30.1,A
213.73,284.19,Aglaia,40.7,A
49.67,38.4,Hirtella,25.2,A
51.98,74.73,Erythroxylum,182.9,A
519.17,150.97,Cordia,28.5,A
348.99,391.96,Beilschmiedia,25.9,A
106.65,35.33,Eugenia,108.5,A
358.36,155.04,Cordia,13.8,A
415.46,59.89,Inga,14.7,A
48.42,313.47,Alseis,28.1,A
116.3,373.68,Garcinia,57.7,A
419.53,123.07,Aglaia,,D
70.78,399.59,Cordia,152.1,A
562.09,132.2,Faramea,150.3,A
69.35,213.24,Alseis,,D
524.9,144.91,Ocotea,19.4,A
274.04,28.69,Ocotea,14.0,A
191.77,305.39,Aglaia,53.2,A
88.08,300.76,Drypetes,,D
43.96,133.81,Jacaranda,66.9,A
524.73,195.27,Alseis,17.9,A
23.17,321.33,Faramea,23.8,A
438.55,72.83,Eugenia,,M
487.0,86.19,Licania,85.7,A
424.01,85.94,Alseis,72.5,A
91.33,213.35,Calophyllum,63.3,A
76.61,33.32,Dipteryx,52.1,A
418.71,183.51,Aglaia,136.3,A
185.18,154.16,Quararibea,88.2,A
28.36,82.84,Eugenia,22.4,A
184.35,43.97,Nectandra,19.3,A
419.45,97.73,Garcinia,10.7,A
478.52,74.2,Calophyllum,12.5,A
96.46,282.03,Alseis,13.7,A
10.61,133.48,Protium,12.1,A
202.02,327.93,Drypetes,10.1,A
67.52,290.28,Cordia,125.7,A
200.57,15.3,Anacardium,11.2,A
57.46,11.92,Macaranga,15.1,A
290.47,164.26,Jacaranda,38.1,A
196.13,317.65,Trichilia,41.9,A
63.48,171.95,Dipteryx,56.7,A
129.28,55.22,Alseis,,D
77.04,175.02,Knema,20.3,A
547.96,4.64,Faramea,26.4,A
536.34,134.42,Dipteryx,21.1,A
523.67,176.85,Beilschmiedia,23.5,A
150.43,295.77,Faramea,136.2,A
113.43,62.95,Shorea,80.9,A
253.22,338.62,Dipteryx,,D
344.55,308.23,Knema,67.1,A
260.47,190.21,Hirtella,12.4,A
136.94,184.14,Ocotea,16.3,A
35.08,202.96,Drypetes,14.3,A
57.56,222.97,Alseis,21.2,A
110.79,83.83,Alseis,12.2,A
88.35,296.05,Beilschmiedia,44.3,A
512.27,43.99,Drypetes,43.4,A
474.74,34.43,Hura,11.9,A
22.4,211.93,Dipteryx,350.4,A
348.09,282.87,Alseis,21.9,A
489.42,182.33,Cordia,,D
173.72,21.23,Nectandra,52.1,A
107.53,215.4,Eugenia,17.5,A
472.74,131.58,Rinorea,12.3,A
143.57,51.85,Anacardium,81.6,A
497.88,38.35,Knema,24.0,A
534.91,128.91,Aglaia,35.5,A
112.62,300.82,Garcinia,23.9,A
468.73,22.9,Beilschmiedia,250.7,A
128.84,350.93,Knema,42.2,A
475.55,28.04,Calophyllum,12.5,A
130.38,44.33,Alseis,44.8,A
185.26,226.24,Macaranga,42.6,A
34.7,293.22,Drypetes,,D
32.63,117.37,Garcinia,186.7,A
30.57,226.74,Dipteryx,12.1,A
277.27,308.45,Aglaia,,M
438.42,199.69,Garcinia,17.4,A
17.4,18.23,Swartzia,156.5,A
379.99,107.81,Guarea,22.4,A
25.76,121.97,Drypetes,24.6,A
347.43,270.68,Faramea,29.0,A
432.1,151.58,Beilschmiedia,18.5,A
90.25,124.52,Palaquium,,D
102.71,346.9,Aglaia,14.7,A
153.16,310.65,Knema,28.4,A
236.44,75.55,Hirtella,52.4,A
188.47,319.13,Knema,12.1,A
351.64,33.07,Alseis,57.8,A
557.04,159.83,Aglaia,,D
44.31,155.29,Cordia,12.4,A
67.9,216.31,Dipteryx,64.0,A
13.23,185.57,Nectandra,52.3,A
523.18,172.56,Hirtella,24.4,A
63.0,345.63,Dipteryx,42.3,A
27.99,115.37,Alseis,11.6,A
493.0,69.48,Licania,222.0,A
99.38,175.42,Nectandra,38.1,A
179.61,201.17,Alseis,130.5,A
355.74,305.38,Calophyllum,30.0,A
93.61,161.47,Calophyllum,,M
109.64,169.05,Cordia,10.6,A
207.41,386.39,Cordia,73.2,A
36.66,72.6,Knema,698.1,A
60.79,318.99,Aglaia,46.1,A
272.03,250.72,Beilschmiedia,27.0,A
229.9,203.79,Licania,777.0,A
135.04,307.71,Drypetes,24.7,A
57.39,67.96,Protium,109.5,A
326.85,384.45,Alseis,19.8,A
124.28,92.21,Shorea,86.9,A
238.46,280.19,Hirtella,,D
54.4,118.11,Alseis,510.0,A
385.02,198.41,Guarea,85.6,A
486.18,49.5,Macaranga,165.7,A
331.44,133.88,Faramea,13.9,A
303.08,65.33,Calophyllum,145.8,A
214.75,251.03,Quararibea,21.0,A
386.06,146.79,Faramea,423.9,A
27.52,193.28,Calophyllum,19.7,A
47.9,146.57,Virola,91.0,A
147.58,261.83,Dipteryx,248.9,A
249.0,232.28,Garcinia,58.6,A
41.28,156.15,Inga,43.8,A
366.57,210.64,Alseis,50.3,A
78.55,146.69,Knema,33.2,A
382.29,45.09,Calophyllum,77.4,A
474.99,145.77,Shorea,34.4,A
137.83,241.81,Brosimum,17.6,A
105.97,370.45,Diospyros,88.4,A
39.16,301.01,Aglaia,68.4,A
389.66,83.69,Aglaia,,D
395.3,341.53,Licania,,D
149.83,392.45,Alseis,24.5,A
78.37,70.18,Aglaia,46.8,A
88.64,211.57,Aglaia,37.1,A
225.4,129.8,Licania,373.0,A
124.54,310.81,Swartzia,11.6,A
25.59,77.21,Beilschmiedia,22.3,A
89.78,114.27,Dipteryx,12.2,A
276.76,275.24,Aglaia,101.6,A
265.84,274.33,Aglaia,19.2,A
173.28,232.22,Aglaia,32.1,A
382.81,26.51,Guarea,16.4,A
457.89,17.55,Beilschmiedia,16.4,A
175.83,197.01,Macaranga,23.4,A
187.57,301.08,Alseis,55.8,A
230.35,92.13,Eugenia,,D
222.41,362.07,Faramea,665.6,A
51.43,295.1,Faramea,39.5,A
151.14,106.06,Garcinia,37.9,A
425.47,129.34,Beilschmiedia,150.0,A
218.67,306.46,Aglaia,51.6,A
512.09,160.24,Guarea,54.7,A
563.88,118.63,Jacaranda,39.8,A
140.1,173.6,Nectandra,147.4,A
455.15,33.79,Eugenia,26.5,A
196.06,117.69,Alseis,40.4,A
412.56,173.68,Aglaia,20.5,A
217.49,324.18,Aglaia,40.9,A
109.03,105.03,Alseis,162.8,A
282.9,383.74,Diospyros,,D
495.13,20.48,Licania,,D
320.51,53.56,Jacaranda,13.4,A
201.88,139.12,Alseis,25.2,A
299.58,177.45,Guarea,12.6,A
69.7,278.94,Calophyllum,17.3,A
44.81,369.33,Beilschmiedia,51.9,A
231.85,78.88,Garcinia,21.9,A
137.49,122.37,Beilschmiedia,15.4,A
97.62,303.15,Garcinia,18.9,A
118.35,60.88,Aglaia,45.8,A
143.51,303.17,Aglaia,138.0,A
39.36,105.41,Eugenia,121.6,A
192.58,202.98,Guarea,,D
44.01,151.77,Nectandra,140.2,A
388.7,338.98,Aglaia,21.0,A
89.43,51.95,Hirtella,31.1,A
25.81,342.09,Drypetes,13.5,A
415.31,100.67,Aglaia,79.6,A
183.71,6.84,Alseis,19.0,A
261.27,321.51,Dipteryx,10.9,A
542.38,167.29,Guarea,58.8,A
18.19,290.31,Calophyllum,30.4,A
26.2,395.72,Alseis,33.2,A
455.82,179.45,Eugenia,139.9,A
434.53,56.79,Alseis,254.6,A
194.67,128.65,Hirtella,28.7,A
397.55,90.01,Beilschmiedia,10.5,A
23.08,129.41,Hirtella,31.4,A
375.34,390.26,Palaquium,30.7,A
536.53,101.03,Hirtella,20.4,A
574.78,161.2,Faramea,111.8,A
413.85,126.9,Alseis,15.7,A
218.26,201.98,Eugenia,20.3,A
92.14,265.17,Alseis,,D
147.63,123.17,Beilschmiedia,175.8,A
498.72,108.47,Calophyllum,265.2,A
154.23,313.91,Cordia,19.4,A
3.63,308.22,Calophyllum,23.3,A
93.66,161.17,Calophyllum,151.7,A
523.29,1.82,Guarea,10.5,A
582.27,9.94,Licania,18.6,A
123.19,242.51,Jacaranda,10.9,A
112.14,73.92,Knema,12.3,A
73.95,279.47,Macaranga,10.1,A
209.07,301.75,Faramea,15.7,A
479.63,178.06,Beilschmiedia,36.1,A
112.57,326.79,Hirtella,12.8,A
214.41,240.11,Calophyllum,61.7,A
222.39,279.53,Faramea,655.2,A
197.3,338.24,Garcinia,12.2,A
335.62,243.32,Cecropia,15.4,A
58.16,168.74,Alseis,66.3,A
322.36,117.44,Macaranga,42.2,A
118.2,273.01,Macaranga,215.1,A
266.71,250.56,Beilschmiedia,19.9,A
48.27,118.35,Alseis,83.2,A
527.85,186.51,Hirtella,14.9,A
336.62,369.93,Alseis,139.0,A
323.34,269.03,Guarea,11.7,A
46.93,323.69,Cordia,10.1,A
188.08,215.4,Calophyllum,274.6,A
27.75,44.81,Licania,410.5,A
166.82,244.95,Aglaia,20.2,A
124.69,226.12,Palaquium,16.8,A
372.71,223.29,Macaranga,20.5,A
108.17,350.47,Calophyllum,24.7,A
59.06,360.09,Dipteryx,55.4,A
390.24,58.19,Cordia,89.3,A
54.38,240.12,Garcinia,,D
372.4,242.39,Aglaia,83.9,A
421.25,24.58,Garcinia,10.7,A
6.28,150.24,Aglaia,81.4,A
373.8,338.58,Licania,131.4,A
201.89,263.6,Calophyllum,710.3,A
73.21,56.39,Dipteryx,186.7,A
2.81,269.65,Faramea,52.4,A
250.24,196.96,Dipteryx,52.9,A
35.43,260.49,Drypetes,31.4,A
266.12,4.53,Dipteryx,271.0,A
103.93,166.49,Aglaia,60.4,A
294.51,277.24,Protium,16.9,A
234.76,275.74,Beilschmiedia,43.3,A
225.68,291.66,Cordia,97.3,A
420.2,53.05,Calophyllum,10.9,A
67.65,176.76,Drypetes,76.3,A
394.29,65.87,Nectandra,147.8,A
26.36,109.12,Drypetes,18.1,A
113.47,215.04,Eugenia,14.6,A
424.11,85.17,Nectandra,70.1,A
423.76,83.71,Guarea,11.0,A
339.2,247.02,Cecropia,11.1,A
219.7,346.02,Guarea,,D
38.99,273.14,Calophyllum,443.2,A
88.63,379.43,Garcinia,72.9,A
174.05,336.97,Faramea,51.5,A
41.88,97.91,Eugenia,57.8,A
442.72,65.42,Beilschmiedia,47.0,A
29.7,108.58,Virola,35.7,A
263.36,269.51,Sloanea,40.8,A
197.33,155.65,Aglaia,146.1,A
393.95,379.18,Alseis,35.9,A
95.47,79.3,Alseis,16.0,A
490.29,6.71,Cordia,66.5,A
196.29,224.84,Quararibea,12.6,A
423.13,130.81,Beilschmiedia,91.0,A
144.08,174.78,Quararibea,13.3,A
144.91,233.97,Alseis,587.9,A
214.13,275.34,Hirtella,24.7,A
534.22,136.45,Aglaia,19.1,A
301.83,280.02,Cordia,45.2,A
129.53,144.6,Beilschmiedia,122.7,A
228.23,99.13,Garcinia,21.4,A
548.46,48.52,Licania,122.0,A
370.52,304.95,Ocotea,19.7,A
168.48,170.56,Sloanea,19.0,A
369.55,15.23,Nectandra,12.6,A
342.39,143.7,Calophyllum,246.4,A
329.53,237.27,Sloanea,20.4,A
485.54,156.49,Drypetes,,D
441.18,135.18,Calophyllum,,D
167.87,211.53,Hura,15.2,A
32.15,373.48,Beilschmiedia,174.5,A
439.38,161.32,Shorea,12.9,A
527.53,7.97,Licania,171.1,A
239.11,336.17,Beilschmiedia,27.1,A
316.07,35.12,Garcinia,53.1,A
484.61,131.69,Beilschmiedia,26.8,A
277.34,212.8,Jacaranda,244.4,A
375.31,340.57,Guarea,22.7,A
311.62,220.49,Trichilia,34.9,A
155.27,209.25,Faramea,50.3,A
341.21,147.47,Nectandra,73.6,A
483.68,85.69,Beilschmiedia,47.2,A
35.59,272.45,Faramea,106.6,A
70.21,241.82,Drypetes,310.8,A
83.85,360.25,Hirtella,19.1,A
384.91,329.04,Aglaia,21.4,A
536.16,50.18,Knema,15.4,A
431.2,171.69,Eugenia,14.0,A
117.95,364.36,Calophyllum,17.0,A
158.91,123.65,Guarea,17.1,A
581.22,116.65,Alseis,149.4,A
558.45,93.86,Beilschmiedia,41.1,A
25.14,44.03,Drypetes,374.3,A
438.63,12.05,Beilschmiedia,164.8,A
195.47,16.09,Cordia,23.1,A
329.0,219.86,Garcinia,,D
489.03,142.11,Beilschmiedia,184.4,A
65.77,297.7,Rinorea,66.1,A
87.35,11.24,Aglaia,138.1,A
32.7,302.49,Calophyllum,17.4,A
0.04,260.07,Faramea,50.1,A
55.28,147.54,Drypetes,,D
469.4,124.86,Beilschmiedia,25.6,A
213.29,75.16,Alseis,16.6,A
460.64,175.54,Drypetes,,D
90.14,120.59,Palaquium,10.4,A
225.93,364.96,Calophyllum,27.3,A
58.52,289.02,Macaranga,120.2,A
207.6,183.22,Hirtella,117.1,A
58.91,344.12,Aglaia,,D
145.95,114.74,Cordia,23.5,A
378.05,344.94,Eugenia,26.4,A
251.66,266.91,Alseis,27.3,A
34.33,204.61,Aglaia,138.8,A
367.4,241.78,Calophyllum,,D
390.39,10.41,Dipteryx,15.6,A
38.14,199.98,Ocotea,16.5,A
339.0,72.71,Drypetes,12.6,A
44.91,303.05,Calophyllum,13.8,A
105.61,126.29,Macaranga,283.2,A
305.71,167.82,Beilschmiedia,125.6,A
202.68,329.19,Faramea,106.0,A
186.95,316.36,Calophyllum,40.4,A
134.62,307.96,Drypetes,,M
371.47,214.73,Alseis,389.2,A
544.9,102.34,Aglaia,15.4,A
543.43,176.75,Cordia,69.8,A
232.75,329.21,Beilschmiedia,28.2,A
268.59,327.18,Calophyllum,55.4,A
583.75,70.38,Alseis,200.6,A
156.84,132.81,Beilschmiedia,117.4,A
148.85,133.69,Beilschmiedia,20.3,A
550.09,58.11,Dipteryx,,D
163.45,193.95,Dipteryx,26.2,A
341.38,38.92,Drypetes,66.3,A
335.31,242.33,Cecropia,,D
199.18,215.99,Garcinia,100.6,A
79.14,171.6,Drypetes,62.9,A
41.37,8.97,Calophyllum,55.3,A
377.65,258.56,Aglaia,71.6,A
536.1,117.12,Aglaia,91.3,A
409.01,70.15,Jacaranda,10.3,A
191.51,230.99,Garcinia,,D
35.93,231.82,Eugenia,59.4,A
151.65,154.47,Alseis,12.1,A
146.17,48.22,Alseis,17.5,A
292.66,33.98,Calophyllum,34.9,A
236.33,238.3,Aglaia,57.4,A
57.55,123.62,Palaquium,10.4,A
417.84,132.15,Beilschmiedia,249.1,A
193.9,398.91,Alseis,11.3,A
362.54,394.39,Jacaranda,11.5,A
296.89,171.19,Inga,84.3,A
140.05,367.14,Cupania,253.5,A
350.58,308.64,Ocotea,13.3,A
74.64,135.44,Anacardium,,D
410.67,3.14,Alseis,11.5,A
19.15,387.07,Cordia,58.1,A
46.04,281.55,Faramea,224.2,A
378.87,241.3,Garcinia,33.2,A
100.11,152.35,Drypetes,39.0,A
420.85,33.88,Beilschmiedia,99.4,A
300.07,204.04,Inga,14.2,A
129.86,311.3,Hirtella,113.5,A
245.32,215.18,Garcinia,,D
286.35,163.96,Beilschmiedia,23.4,A
396.4,79.63,Xylopia,56.4,A
168.97,92.57,Macaranga,17.1,A
153.83,226.34,Aglaia,93.3,A
154.77,199.22,Dipteryx,65.3,A
504.6,29.29,Dipteryx,53.0,A
236.81,324.31,Beilschmiedia,34.2,A
445.94,68.65,Swartzia,27.7,A
185.63,293.34,Faramea,189.3,A
283.16,383.35,Diospyros,84.2,A
136.14,184.36,Jacaranda,321.1,A
401.57,24.09,Dipteryx,20.1,A
430.91,20.3,Cordia,15.0,A
85.57,171.65,Alseis,10.2,A
352.28,53.44,Aglaia,,M
93.41,113.38,Palaquium,40.9,A
527.78,50.99,Macaranga,14.4,A
86.27,36.69,Rinorea,,D
465.12,123.82,Licania,447.9,A
94.11,169.74,Calophyllum,632.4,A
467.99,173.71,Beilschmiedia,31.0,A
398.21,20.76,Inga,28.6,A
307.95,39.73,Aglaia,113.5,A
255.57,274.35,Beilschmiedia,42.2,A
508.61,165.89,Cordia,27.2,A
135.47,102.48,Garcinia,38.3,A
16.06,251.13,Faramea,71.9,A
244.6,282.38,Aglaia,39.9,A
395.16,221.65,Guarea,11.9,A
538.26,46.25,Alseis,129.8,A
585.43,95.26,Aglaia,37.3,A
158.94,210.52,Alseis,10.5,A
396.32,178.9,Palaquium,155.2,A
11.04,56.97,Cordia,17.6,A
212.15,253.31,Jacaranda,39.1,A
306.41,101.33,Inga,63.6,A
481.9,33.67,Dipteryx,,D
300.14,25.22,Aglaia,12.5,A
70.04,324.38,Guarea,16.5,A
495.85,190.8,Hirtella,79.6,A
471.89,128.13,Macaranga,19.0,A
559.54,96.26,Beilschmiedia,,D
30.47,199.34,Drypetes,12.6,A
290.12,298.95,Calophyllum,201.4,A
180.31,290.56,Alseis,12.7,A
132.95,268.0,Brosimum,46.8,A
102.58,255.83,Palaquium,,M
156.01,338.19,Dipteryx,16.9,A
578.91,65.16,Eugenia,22.3,A
94.01,31.75,Aglaia,36.3,A
46.45,214.21,Alseis,,M
73.92,78.86,Knema,65.4,A
547.08,56.17,Alseis,20.8,A
35.72,73.86,Dipteryx,20.3,A
205.19,239.56,Drypetes,51.5,A
193.83,188.63,Calophyllum,,D
205.13,34.06,Swartzia,46.0,A
322.02,386.83,Cupania,,D
352.17,97.61,Aglaia,15.7,A
383.31,153.45,Cordia,20.9,A
285.11,205.19,Garcinia,233.3,A
363.91,100.04,Ficus,20.5,A
200.4,138.48,Dipteryx,200.1,A
233.74,173.26,Eugenia,158.6,A
104.04,240.21,Dipteryx,237.1,A
363.66,393.11,Palaquium,26.1,A
387.9,238.58,Cordia,12.0,A
245.09,156.31,Alseis,15.1,A
324.97,233.33,Ocotea,27.4,A
164.24,315.96,Beilschmiedia,15.9,A
340.14,196.94,Inga,17.3,A
279.98,271.53,Calophyllum,45.1,A
41.76,253.08,Garcinia,10.4,A
272.59,47.04,Knema,161.6,A
46.1,227.86,Drypetes,161.7,A
599.25,20.98,Dipteryx,26.5,A
58.32,39.35,Dipteryx,16.4,A
365.4,212.5,Alseis,18.9,A
233.12,185.97,Rinorea,,D
30.22,187.46,Aglaia,73.3,A
166.78,130.27,Calophyllum,17.7,A
60.14,320.62,Aglaia,14.7,A
127.82,117.15,Dipteryx,62.4,A
319.99,290.89,Nectandra,19.4,A
281.52,164.46,Beilschmiedia,19.5,A
378.91,81.91,Alseis,201.6,A
169.9,287.41,Diospyros,21.3,A
241.52,303.51,Cordia,36.3,A
407.31,45.81,Eugenia,104.6,A
205.85,230.36,Garcinia,290.0,A
531.36,151.03,Aglaia,40.4,A
244.47,163.93,Alseis,,D
50.92,306.69,Drypetes,515.2,A
333.53,259.87,Eugenia,12.8,A
164.08,213.67,Calophyllum,106.8,A
569.74,107.54,Faramea,21.2,A
330.95,145.66,Inga,93.6,A
229.7,274.6,Garcinia,16.2,A
67.89,239.35,Drypetes,195.1,A
6.97,389.0,Cordia,14.3,A
286.8,183.59,Macaranga,18.3,A
433.02,61.83,Inga,17.3,A
92.64,59.72,Dipteryx,12.7,A
173.46,142.74,Aglaia,23.2,A
505.95,14.62,Cordia,38.5,A
86.16,20.21,Rinorea,60.4,A
424.69,188.61,Faramea,29.2,A
123.72,329.64,Aglaia,50.9,A
450.5,50.67,Calophyllum,,D
183.42,156.72,Aglaia,27.7,A
74.87,348.56,Rinorea,16.9,A
537.53,77.1,Guarea,13.6,A
46.32,86.16,Calophyllum,56.2,A
137.71,119.76,Drypetes,15.9,A
415.85,58.98,Inga,143.7,A
220.12,259.36,Aglaia,26.1,A
184.9,299.61,Sloanea,,D
57.84,289.97,Macaranga,,D
350.79,34.49,Dipteryx,24.0,A
158.87,42.06,Calophyllum,11.4,A
177.26,385.34,Diospyros,15.4,A
334.84,225.36,Faramea,13.3,A
44.37,229.2,Alseis,35.3,A
287.63,27.24,Aglaia,21.7,A
267.84,245.75,Calophyllum,153.1,A
83.69,179.9,Alseis,17.1,A
217.41,203.63,Nectandra,17.8,A
177.86,36.34,Faramea,33.8,A
300.42,166.53,Hirtella,99.2,A
94.24,386.22,Cordia,16.4,A
393.78,145.11,Guarea,239.2,A
530.67,86.32,Guarea,13.2,A
239.98,273.92,Aglaia,17.4,A
139.58,68.73,Cordia,91.1,A
412.49,50.59,Dipteryx,54.6,A
495.76,188.96,Cordia,170.7,A
489.91,79.88,Licania,25.5,A
50.22,256.14,Calophyllum,36.6,A
46.97,103.03,Drypetes,10.4,A
170.37,285.92,Hirtella,31.3,A
111.4,87.44,Cordia,28.3,A
177.23,255.5,Drypetes,11.3,A
144.31,26.69,Cordia,20.0,A
140.42,127.15,Calophyllum,,D
191.82,388.96,Cupania,56.9,A
130.51,218.46,Dipteryx,53.9,A
376.91,78.42,Alseis,98.3,A
54.66,101.81,Knema,15.3,A
281.23,167.38,Beilschmiedia,126.4,A
431.13,29.15,Beilschmiedia,11.9,A
372.75,337.01,Alseis,18.5,A
248.34,134.98,Hirtella,12.6,A
595.21,46.64,Alseis,154.2,A
8.51,389.64,Alseis,32.6,A
579.49,182.38,Faramea,89.7,A
94.71,167.34,Drypetes,20.0,A
213.68,215.47,Garcinia,11.0,A
451.96,178.5,Jacaranda,19.0,A
241.59,71.45,Xylopia,,D
93.62,300.62,Drypetes,25.6,A
103.65,365.98,Garcinia,27.0,A
265.03,325.11,Nectandra,17.0,A
198.48,139.09,Aglaia,54.3,A
211.21,200.77,Drypetes,24.5,A
219.28,309.47,Cordia,18.0,A
62.06,62.42,Alseis,24.2,A
462.13,24.05,Licania,21.8,A
442.63,105.49,Guarea,27.4,A
184.66,194.38,Calophyllum,874.6,A
167.59,305.85,Alseis,83.6,A
481.21,55.69,Drypetes,10.9,A
339.41,228.24,Dipteryx,398.6,A
330.58,333.96,Dipteryx,158.6,A
143.55,238.65,Alseis,22.4,A
118.47,262.9,Brosimum,11.7,A
109.73,23.0,Eugenia,12.7,A
69.85,298.29,Rinorea,25.2,A
328.39,303.89,Faramea,14.6,A
518.91,63.43,Calophyllum,454.0,A
364.53,23.45,Drypetes,14.3,A
237.18,275.62,Beilschmiedia,131.9,A
115.18,25.84,Alseis,16.6,A
14.92,262.43,Eugenia,21.9,A
244.08,32.97,Faramea,37.6,A
231.23,363.36,Alseis,26.5,A
580.0,104.53,Beilschmiedia,23.8,A
30.65,139.22,Protium,13.1,A
69.18,313.52,Drypetes,11.1,A
379.17,78.87,Alseis,32.3,A
103.38,153.77,Macaranga,32.9,A
152.24,19.25,Alseis,71.1,A
253.44,229.81,Beilschmiedia,53.2,A
221.19,248.34,Hirtella,11.3,A
350.46,120.45,Cordia,136.8,A
78.49,229.74,Guarea,17.3,A
228.74,200.66,Licania,33.0,A
293.38,152.56,Inga,30.4,A
157.25,345.0,Eugenia,10.0,A
393.03,28.7,Alseis,152.4,A
315.52,126.93,Inga,30.0,A
133.71,177.84,Cordia,113.6,A
35.94,260.81,Guarea,16.9,A
418.29,145.01,Beilschmiedia,13.3,A
198.37,46.85,Alseis,29.3,A
17.84,277.13,Calophyllum,,D
527.15,169.07,Beilschmiedia,54.6,A
282.41,255.66,Dipteryx,50.8,A
369.21,344.97,Alseis,12.1,A
572.74,75.1,Beilschmiedia,31.9,A
40.52,93.88,Eugenia,158.7,A
314.97,195.88,Inga,84.7,A
126.95,313.04,Aglaia,92.8,A
278.59,351.51,Aglaia,16.3,A
374.89,66.38,Jacaranda,35.3,A
252.93,330.78,Eugenia,86.5,A
293.21,151.54,Sloanea,,D
479.54,45.57,Calophyllum,273.4,A
116.26,223.67,Faramea,124.1,A
74.88,83.41,Cordia,,D
317.93,149.73,Inga,68.7,A
147.53,123.42,Inga,40.1,A
57.5,306.28,Drypetes,10.4,A
244.19,169.34,Alseis,,D
233.4,124.6,Dipteryx,217.5,A
28.48,156.86,Inga,30.2,A
279.69,176.13,Jacaranda,11.3,A
392.71,210.6,Calophyllum,,D
322.9,197.89,Hirtella,30.7,A
92.29,107.56,Calophyllum,10.6,A
19.72,248.87,Eugenia,20.2,A
388.32,216.77,Eugenia,22.0,A
279.58,15.11,Beilschmiedia,34.5,A
579.58,59.9,Licania,,M
297.33,256.92,Calophyllum,13.9,A
188.22,388.72,Alseis,28.5,A
103.77,340.55,Knema,12.5,A
62.73,252.26,Calophyllum,189.7,A
112.85,83.81,Alseis,54.0,A
196.51,158.53,Aglaia,,D
65.09,335.38,Guarea,99.4,A
210.3,339.29,Garcinia,117.1,A
403.82,66.46,Drypetes,16.3,A
255.48,212.15,Hirtella,11.6,A
28.63,90.38,Beilschmiedia,155.4,A
360.24,20.4,Cordia,55.0,A
171.18,167.81,Cordia,151.0,A
94.01,37.86,Guarea,21.9,A
55.06,355.39,Calophyllum,24.3,A
346.43,282.68,Dipteryx,312.9,A
387.68,399.37,Palaquium,310.3,A
423.33,50.7,Garcinia,53.2,A
331.78,386.4,Hirtella,18.4,A
5.61,321.87,Calophyllum,314.2,A
429.25,159.3,Faramea,41.5,A
584.25,191.47,Faramea,245.3,A
335.96,41.56,Ocotea,12.8,A
193.15,143.29,Aglaia,45.7,A
55.9,309.52,Garcinia,22.3,A
105.22,277.21,Calophyllum,61.9,A
45.36,346.65,Calophyllum,68.6,A
174.17,333.34,Beilschmiedia,12.1,A
366.76,238.45,Beilschmiedia,69.1,A
301.97,45.53,Eugenia,45.9,A
89.81,387.18,Quararibea,24.3,A
0.11,206.85,Alseis,71.6,A
168.55,113.43,Inga,17.4,A
46.22,132.23,Alseis,99.4,A
512.46,123.01,Calophyllum,10.3,A
380.67,240.47,Garcinia,184.0,A
405.39,81.59,Aglaia,10.8,A
251.37,3.68,Faramea,119.6,A
533.63,109.79,Cordia,173.5,A
593.88,37.92,Dipteryx,130.8,A
403.7,96.2,Aglaia,,D
474.4,33.47,Xylopia,11.3,A
80.49,310.75,Beilschmiedia,17.7,A
176.7,309.39,Alseis,67.2,A
22.83,104.51,Drypetes,14.9,A
141.24,335.83,Guarea,47.4,A
198.95,288.56,Shorea,75.6,A
22.04,111.59,Inga,11.4,A
371.35,36.71,Macaranga,20.0,A
81.15,11.11,Nectandra,72.1,A
382.44,237.51,Alseis,239.8,A
227.14,261.94,Aglaia,28.2,A
178.58,287.06,Alseis,37.6,A
179.77,118.45,Aglaia,34.6,A
198.25,157.91,Jacaranda,31.4,A
33.67,390.8,Alseis,65.5,A
118.56,23.03,Anacardium,12.4,A
75.14,303.38,Knema,34.9,A
154.75,100.27,Inga,127.3,A
518.92,85.28,Drypetes,54.5,A
35.32,284.83,Dipteryx,76.6,A
197.65,240.35,Aglaia,22.5,A
399.29,24.85,Drypetes,469.1,A
53.58,57.29,Erythroxylum,36.3,A
100.75,7.0,Calophyllum,54.5,A
561.36,56.43,Licania,121.8,A
175.7,103.33,Inga,10.5,A
239.26,274.89,Beilschmiedia,17.1,A
65.04,151.99,Drypetes,11.4,A
69.11,220.1,Cordia,13.8,A
384.69,339.16,Tetragastris,63.4,A
112.95,205.27,Rinorea,,D
58.25,185.47,Anacardium,,D
486.17,20.03,Faramea,38.2,A
268.16,252.51,Beilschmiedia,160.6,A
399.54,363.67,Alseis,,D
199.29,251.23,Macaranga,34.0,A
192.52,303.17,Drypetes,20.3,A
163.59,387.06,Alseis,146.1,A
550.07,173.72,Tetragastris,47.2,A
154.42,72.19,Dipteryx,79.4,A
89.71,159.58,Cordia,10.3,A
313.57,23.04,Aglaia,12.7,A
93.81,337.31,Calophyllum,11.4,A
576.77,139.0,Tetragastris,34.3,A
393.62,72.91,Calophyllum,25.4,A
240.69,177.51,Dipteryx,19.6,A
182.59,302.07,Eugenia,40.9,A
360.98,381.9,Dipteryx,,D
403.4,87.95,Aglaia,102.5,A
89.38,129.44,Guarea,,M
442.2,59.22,Beilschmiedia,63.0,A
155.25,286.89,Hirtella,33.2,A
456.34,66.93,Protium,40.8,A
22.99,126.6,Inga,13.7,A
392.18,269.04,Hura,16.7,A
412.88,139.69,Alseis,,M
221.02,176.78,Cordia,64.1,A
314.04,101.28,Calophyllum,144.0,A
183.1,80.77,Quararibea,35.9,A
4.04,60.76,Hirtella,19.6,A
422.14,135.8,Hirtella,26.4,A
436.31,70.26,Alseis,84.5,A
164.15,313.0,Cordia,69.4,A
523.83,30.22,Faramea,14.9,A
145.86,389.91,Swartzia,54.6,A
57.85,335.79,Garcinia,13.5,A
331.81,208.68,Garcinia,10.7,A
389.94,161.19,Palaquium,148.5,A
121.8,116.63,Inga,93.3,A
12.6,376.17,Eugenia,140.6,A
398.41,188.81,Hirtella,116.7,A
139.14,127.23,Calophyllum,38.3,A
382.77,389.63,Tetragastris,12.6,A
134.23,155.28,Calophyllum,96.3,A
424.31,48.07,Guarea,150.8,A
422.47,23.59,Drypetes,33.3,A
2.22,344.22,Alseis,20.6,A
39.97,277.75,Macaranga,31.1,A
358.59,135.0,Dipteryx,16.3,A
278.65,321.48,Dipteryx,10.1,A
516.79,135.69,Cordia,,D
18.52,110.94,Garcinia,10.7,A
393.7,139.37,Swartzia,50.2,A
465.72,22.19,Swartzia,87.0,A
230.86,337.82,Aglaia,23.1,A
579.98,87.67,Eugenia,19.5,A
381.72,49.72,Drypetes,45.5,A
237.55,316.04,Eugenia,18.8,A
89.53,119.4,Inga,10.9,A
136.87,151.33,Quararibea,40.4,A
101.74,268.54,Alseis,431.9,A
417.42,74.42,Alseis,12.3,A
178.76,184.03,Quararibea,13.0,A
444.2,25.57,Cordia,103.5,A
408.53,40.02,Alseis,426.6,A
237.7,268.53,Alseis,27.0,A
24.59,48.79,Erythroxylum,11.5,A
496.06,10.02,Eugenia,93.7,A
162.77,146.13,Beilschmiedia,11.3,A
542.1,49.48,Alseis,37.2,A
592.35,174.3,Faramea,,D
387.41,224.76,Garcinia,37.4,A
101.65,184.11,Nectandra,14.3,A
104.55,181.1,Aglaia,34.5,A
335.96,220.59,Faramea,10.4,A
396.05,58.9,Licania,29.9,A
26.42,150.75,Inga,49.2,A
187.4,330.81,Cordia,18.5,A
370.03,118.3,Alseis,16.5,A
396.79,254.15,Licania,109.5,A
137.81,98.26,Calophyllum,56.8,A
71.31,111.31,Inga,22.6,A
398.55,118.17,Aglaia,85.3,A
537.21,58.45,Faramea,,D
382.65,259.33,Hirtella,16.3,A
187.85,370.14,Trichilia,11.7,A
397.25,72.49,Beilschmiedia,110.5,A
233.79,336.98,Luehea,14.2,A
475.94,58.42,Licania,37.5,A
208.26,345.96,Faramea,159.8,A
303.2,345.26,Calophyllum,114.3,A
210.1,212.42,Cordia,11.4,A
52.39,23.73,Licania,79.1,A
220.19,94.47,Eugenia,41.2,A
219.9,73.82,Dipteryx,10.3,A
203.72,161.89,Calophyllum,20.2,A
365.37,40.93,Guarea,85.5,A
403.52,186.03,Faramea,128.7,A
87.3,375.63,Beilschmiedia,,D
485.14,142.88,Aglaia,43.4,A
248.89,29.98,Guarea,43.8,A
490.65,7.74,Eugenia,20.8,A
37.53,121.81,Virola,261.3,A
211.31,221.64,Garcinia,,D
65.9,166.17,Nectandra,47.0,A
142.24,188.42,Dipteryx,17.6,A
443.14,59.13,Calophyllum,667.0,A
35.61,371.74,Beilschmiedia,,M
155.99,235.83,Alseis,11.0,A
239.86,121.51,Beilschmiedia,56.0,A
239.09,47.46,Faramea,23.7,A
329.5,343.86,Cordia,13.6,A
554.66,47.19,Faramea,26.4,A
415.44,177.73,Alseis,169.0,A
161.27,127.58,Beilschmiedia,57.0,A
272.27,295.7,Guarea,11.7,A
298.87,40.85,Eugenia,10.5,A
97.62,96.15,Cordia,53.4,A
106.48,385.19,Beilschmiedia,17.5,A
14.13,207.0,Alseis,35.8,A
122.52,39.48,Aglaia,15.1,A
62.29,161.37,Calophyllum,11.3,A
451.09,14.77,Beilschmiedia,20.9,A
350.11,374.95,Calophyllum,31.6,A
109.97,21.84,Rinorea,21.3,A
94.17,91.76,Inga,96.1,A
206.09,225.83,Drypetes,16.8,A
82.24,96.33,Palaquium,23.6,A
366.28,29.07,Cordia,11.2,A
252.53,6.6,Nectandra,22.7,A
84.5,310.78,Garcinia,95.6,A
95.18,236.91,Aglaia,14.9,A
244.63,181.45,Faramea,16.9,A
171.27,206.33,Aglaia,15.8,A
126.45,329.94,Aglaia,23.4,A
216.74,257.66,Jacaranda,21.1,A
310.93,385.39,Dipteryx,71.1,A
78.43,154.96,Sloanea,30.8,A
549.18,81.57,Aglaia,14.3,A
355.33,249.88,Cordia,105.6,A
325.94,151.89,Inga,16.5,A
191.21,30.75,Anacardium,293.1,A
261.9,261.07,Beilschmiedia,12.2,A
312.51,309.96,Guarea,19.3,A
534.29,73.26,Cordia,31.7,A
202.15,227.43,Garcinia,38.9,A
167.79,191.65,Palaquium,14.2,A
471.68,14.72,Guarea,16.2,A
161.22,305.7,Alseis,345.1,A
369.62,228.33,Dipteryx,25.7,A
221.85,298.26,Aglaia,21.1,A
134.32,130.41,Beilschmiedia,106.0,A
46.75,222.58,Garcinia,57.7,A
3.36,133.91,Inga,23.7,A
526.39,166.48,Beilschmiedia,16.9,A
327.97,280.91,Hirtella,10.9,A
476.8,127.16,Eugenia,16.7,A
468.81,195.18,Guarea,109.4,A
364.21,24.08,Calophyllum,387.1,A
90.79,220.81,Aglaia,,M
102.07,255.76,Palaquium,12.4,A
154.6,384.69,Alseis,16.1,A
164.93,227.22,Aglaia,11.8,A
306.87,230.18,Faramea,,D
224.54,346.93,Aglaia,10.9,A
170.29,95.96,Protium,245.7,A
41.7,179.48,Dipteryx,114.4,A
330.07,157.36,Trichilia,75.5,A
213.84,316.3,Jacaranda,21.3,A
543.11,153.56,Beilschmiedia,11.2,A
104.88,252.29,Knema,14.4,A
101.15,238.43,Jacaranda,57.8,A
478.14,87.89,Drypetes,10.3,A
103.39,320.01,Guarea,17.3,A
203.11,229.23,Quararibea,111.6,A
303.24,333.79,Trichilia,14.5,A
174.51,338.92,Beilschmiedia,11.6,A
499.63,89.4,Beilschmiedia,121.9,A
559.53,96.18,Beilschmiedia,71.4,A
380.02,61.75,Dipteryx,222.7,A
330.15,201.39,Protium,10.8,A
84.26,31.26,Cordia,136.0,A
398.94,233.64,Hura,10.0,A
277.44,177.29,Ocotea,29.7,A
97.49,108.97,Calophyllum,11.7,A
283.95,155.86,Ocotea,22.8,A
193.68,163.74,Palaquium,10.9,A
557.75,37.67,Faramea,121.9,A
51.51,256.93,Sloanea,29.9,A
376.84,169.8,Jacaranda,20.4,A
379.65,316.43,Macaranga,30.3,A
157.58,23.3,Dipteryx,19.9,A
263.95,155.62,Dipteryx,21.6,A
332.17,373.24,Alseis,12.9,A
299.99,320.47,Aglaia,13.6,A
203.08,207.22,Aglaia,73.4,A
494.8,78.6,Beilschmiedia,190.5,A
445.4,54.52,Beilschmiedia,117.5,A
171.95,142.44,Quararibea,32.5,A
388.57,34.43,Dipteryx,16.4,A
242.46,29.71,Faramea,531.5,A
78.14,299.02,Beilschmiedia,24.8,A
262.86,208.46,Eugenia,28.3,A
541.17,190.67,Alseis,29.6,A
224.11,212.85,Eugenia,15.0,A
128.82,284.67,Calophyllum,32.6,A
327.27,260.61,Cecropia,27.4,A
334.71,372.39,Alseis,71.5,A
581.92,124.95,Cordia,10.1,A
132.88,100.52,Anacardium,10.1,A
121.0,27.07,Alseis,132.6,A
403.98,118.26,Alseis,12.1,A
516.77,194.52,Eugenia,21.5,A
380.92,335.02,Aglaia,16.4,A
300.79,265.17,Cordia,,D
589.53,146.86,Calophyllum,170.9,A
45.23,245.32,Garcinia,25.7,A
1.92,131.78,Inga,16.3,A
48.19,288.56,Guarea,11.1,A
144.88,139.37,Calophyllum,634.5,A
349.53,118.8,Dipteryx,136.7,A
559.41,86.2,Aglaia,60.4,A
189.23,345.98,Cordia,17.4,A
79.59,198.47,Macaranga,28.0,A
324.9,358.01,Alseis,39.4,A
150.57,123.43,Dipteryx,19.1,A
229.92,224.43,Eugenia,19.3,A
150.78,138.74,Beilschmiedia,209.2,A
183.51,297.29,Aglaia,40.9,A
369.5,209.28,Alseis,28.3,A
33.2,219.77,Drypetes,13.9,A
16.04,217.61,Anacardium,107.9,A
96.87,45.59,Cordia,32.3,A
72.49,1.87,Hirtella,16.7,A
429.5,57.46,Beilschmiedia,10.7,A
138.15,86.61,Anacardium,35.2,A
345.0,214.77,Calophyllum,65.7,A
537.68,192.1,Alseis,10.6,A
187.66,179.06,Macaranga,37.6,A
214.18,56.2,Xylopia,51.6,A
23.54,248.28,Garcinia,189.6,A
423.88,98.35,Guarea,28.9,A
218.18,223.03,Eugenia,,D
82.91,264.49,Drypetes,47.7,A
151.71,76.16,Nectandra,15.5,A
163.65,125.44,Aglaia,86.5,A
487.81,106.68,Dipteryx,15.7,A
337.58,383.89,Licania,151.3,A
484.25,94.27,Beilschmiedia,50.3,A
91.56,384.38,Garcinia,22.2,A
119.38,57.08,Dipteryx,82.8,A
247.28,47.07,Hirtella,23.3,A
94.59,305.36,Beilschmiedia,40.8,A
186.4,223.0,Licania,35.8,A
428.99,191.16,Alseis,14.1,A
521.89,151.5,Guarea,11.8,A
374.7,228.76,Garcinia,,D
319.06,93.44,Aglaia,27.5,A
17.0,258.51,Alseis,,D
268.39,18.76,Aglaia,14.9,A
11.85,159.07,Inga,39.4,A
45.52,334.82,Garcinia,52.3,A
18.75,210.17,Sloanea,145.4,A
471.34,155.48,Beilschmiedia,,D
4.55,201.15,Aglaia,137.8,A
542.43,170.27,Cordia,17.1,A
61.77,127.99,Virola,15.2,A
90.1,129.42,Palaquium,96.8,A
213.21,37.57,Nectandra,40.1,A
99.14,370.63,Hirtella,22.1,A
12.61,252.43,Alseis,96.7,A
55.99,136.82,Virola,43.7,A
380.19,175.81,Dipteryx,15.5,A
356.1,108.3,Swartzia,27.2,A
175.61,374.92,Dipteryx,13.6,A
553.06,162.29,Beilschmiedia,55.6,A
55.58,128.21,Virola,19.9,A
99.18,85.19,Inga,13.0,A
31.41,75.88,Drypetes,13.2,A
490.48,130.96,Calophyllum,78.8,A
214.58,353.35,Dipteryx,122.3,A
66.46,176.41,Dipteryx,213.7,A
93.21,302.08,Beilschmiedia,140.7,A
191.46,171.42,Calophyllum,31.9,A
469.46,50.0,Eugenia,61.1,A
78.97,28.44,Hirtella,188.9,A
42.46,223.63,Jacaranda,10.2,A
133.44,108.44,Calophyllum,84.5,A
523.8,32.98,Guarea,12.5,A
461.08,91.24,Licania,44.8,A
97.48,362.37,Cordia,28.5,A
6.26,382.01,Beilschmiedia,95.8,A
311.7,206.22,Inga,27.6,A
67.07,222.51,Alseis,304.2,A
7.95,279.19,Faramea,553.2,A
396.24,359.26,Alseis,16.6,A
101.73,384.3,Garcinia,24.8,A
237.76,374.58,Alseis,20.2,A
12.3,206.92,Alseis,360.1,A
331.28,17.71,Garcinia,146.5,A
271.22,214.35,Eugenia,93.1,A
126.79,208.92,Macaranga,12.9,A
194.86,340.42,Eugenia,10.3,A
7.74,196.88,Alseis,86.3,A
432.67,74.2,Alseis,23.0,A
251.25,318.44,Hirtella,10.2,A
363.3,119.63,Cordia,27.2,A
414.6,116.67,Aglaia,13.6,A
305.58,320.89,Alseis,,M
387.21,245.77,Guarea,10.1,A
65.5,189.62,Dipteryx,168.2,A
345.24,122.66,Aglaia,11.5,A
61.53,303.67,Beilschmiedia,102.3,A
487.22,128.94,Eugenia,47.3,A
279.37,188.03,Eugenia,20.5,A
589.42,131.57,Tetragastris,12.6,A
19.04,171.94,Inga,18.0,A
410.42,171.91,Palaquium,13.8,A
175.02,194.96,Nectandra,,D
261.93,320.6,Aglaia,39.3,A
194.96,153.97,Guarea,10.1,A
375.44,92.89,Dipteryx,21.5,A
253.25,159.13,Alseis,11.4,A
100.02,251.44,Aglaia,35.1,A
408.9,188.56,Shorea,,D
10.49,258.82,Faramea,98.7,A
479.08,63.78,Beilschmiedia,78.3,A
96.34,303.83,Drypetes,,D
363.42,252.68,Calophyllum,42.2,A
129.68,232.12,Faramea,108.5,A
170.61,167.85,Sloanea,23.1,A
556.14,101.5,Beilschmiedia,31.1,A
292.08,203.86,Licania,16.4,A
18.74,86.07,Calophyllum,28.7,A
82.8,339.8,Ocotea,15.3,A
167.76,217.81,Cordia,86.8,A
41.8,130.87,Alseis,78.9,A
181.34,299.12,Eugenia,47.1,A
504.03,29.05,Licania,16.6,A
352.06,77.08,Garcinia,,D
366.72,397.84,Palaquium,50.6,A
67.21,232.71,Drypetes,105.7,A
79.13,268.6,Knema,23.5,A
510.05,164.87,Aglaia,11.5,A
25.56,42.32,Guarea,339.6,A
48.28,132.26,Guarea,35.9,A
322.09,387.08,Dipteryx,344.1,A
105.59,165.2,Cordia,81.8,A
334.93,396.22,Beilschmiedia,15.0,A
463.6,137.0,Hirtella,37.3,A
180.32,18.35,Alseis,321.2,A
315.5,42.04,Calophyllum,81.1,A
23.57,175.94,Aglaia,88.1,A
65.7,111.69,Calophyllum,101.5,A
315.06,19.31,Garcinia,116.9,A
168.8,18.65,Alseis,19.7,A
81.7,111.58,Inga,15.7,A
62.77,229.36,Drypetes,18.6,A
174.37,236.7,Aglaia,16.5,A
142.96,291.54,Xylopia,13.2,A
111.97,146.79,Cordia,33.7,A
527.66,175.52,Beilschmiedia,15.7,A
153.46,271.35,Rinorea,10.7,A
315.46,182.73,Inga,,D
91.79,109.83,Dipteryx,12.2,A
517.6,153.26,Aglaia,10.4,A
408.12,158.73,Dipteryx,16.6,A
376.32,67.04,Knema,,D
413.51,140.04,Beilschmiedia,19.0,A
125.5,258.77,Brosimum,79.6,A
333.94,254.93,Cecropia,126.4,A
148.03,208.28,Aglaia,,D
33.22,118.7,Calophyllum,45.7,A
326.61,86.32,Dipteryx,13.7,A
49.08,291.74,Aglaia,63.4,A
121.93,94.17,Inga,11.2,A
504.81,18.42,Eugenia,24.4,A
206.05,330.58,Calophyllum,76.1,A
58.06,360.02,Calophyllum,20.5,A
374.39,304.73,Aglaia,19.6,A
405.27,141.19,Cordia,14.9,A
430.73,92.46,Calophyllum,10.1,A
242.92,132.29,Shorea,22.3,A
467.55,46.05,Eugenia,19.0,A
368.33,218.04,Alseis,15.0,A
317.96,299.37,Aglaia,136.9,A
317.01,188.18,Hirtella,,D
235.62,58.68,Faramea,,M
573.43,2.96,Licania,22.7,A
439.26,54.94,Beilschmiedia,49.9,A
389.23,175.62,Faramea,351.3,A
249.75,356.48,Trichilia,12.3,A
461.65,169.87,Beilschmiedia,103.7,A
178.05,252.84,Calophyllum,,D
65.97,250.74,Guarea,,M
267.92,168.7,Cordia,20.0,A
164.32,6.27,Dipteryx,438.0,A
370.6,135.42,Eugenia,83.7,A
234.09,67.53,Faramea,,D
157.66,241.06,Faramea,91.1,A
81.22,359.6,Beilschmiedia,48.5,A
405.57,132.88,Hirtella,,D
470.46,126.93,Eugenia,24.7,A
521.16,2.1,Drypetes,45.8,A
26.56,64.39,Calophyllum,20.8,A
362.65,334.87,Alseis,27.5,A
521.96,196.33,Alseis,39.2,A
167.34,270.75,Drypetes,15.1,A
589.17,85.51,Beilschmiedia,60.4,A
363.01,381.49,Dipteryx,50.7,A
51.7,219.48,Drypetes,244.6,A
401.36,41.48,Alseis,28.8,A
367.64,6.6,Calophyllum,13.4,A
64.18,307.57,Aglaia,14.0,A
164.75,134.14,Aglaia,44.6,A
294.99,236.63,Hirtella,27.0,A
375.04,97.28,Alseis,170.2,A
27.54,10.71,Calophyllum,130.1,A
31.72,166.88,Alseis,23.6,A
284.2,383.6,Dipteryx,,D
233.13,145.69,Cordia,35.5,A
524.32,82.29,Cordia,,D
107.04,314.22,Aglaia,39.1,A
53.94,274.61,Guarea,13.2,A
95.51,155.93,Jacaranda,24.6,A
389.35,316.87,Alseis,70.0,A
28.38,378.34,Eugenia,109.4,A
407.65,66.54,Garcinia,39.2,A
496.71,107.12,Cordia,138.8,A
47.02,307.44,Drypetes,12.7,A
106.25,286.87,Knema,346.5,A
383.04,230.75,Beilschmiedia,26.4,A
157.0,132.93,Beilschmiedia,27.2,A
196.39,216.83,Hirtella,15.9,A
455.57,58.4,Guarea,20.0,A
144.62,262.48,Dipteryx,14.5,A
220.05,179.11,Licania,68.5,A
540.15,110.41,Aglaia,14.3,A
167.01,326.69,Calophyllum,10.9,A
130.66,185.67,Calophyllum,41.6,A
104.3,178.9,Shorea,11.9,A
90.11,308.59,Drypetes,117.9,A
302.66,368.85,Cupania,124.8,A
205.66,212.99,Palaquium,213.0,A
39.79,364.47,Beilschmiedia,14.3,A
587.38,126.99,Faramea,48.3,A
250.21,31.33,Anacardium,237.6,A
245.09,318.51,Eugenia,18.1,A
94.97,369.19,Garcinia,42.5,A
216.66,342.09,Faramea,56.1,A
554.37,37.14,Aglaia,42.8,A
225.78,163.66,Knema,33.8,A
463.25,66.93,Licania,15.3,A
85.45,125.7,Dipteryx,64.9,A
162.26,67.72,Knema,88.3,A
380.57,96.28,Aglaia,36.1,A
339.48,124.2,Ocotea,,D
187.72,12.18,Anacardium,34.9,A
415.09,96.58,Garcinia,26.3,A
509.55,44.02,Calophyllum,33.2,A
380.13,271.95,Licania,49.8,A
347.17,390.8,Aglaia,13.1,A
183.44,316.44,Eugenia,11.9,A
566.87,134.77,Tetragastris,68.7,A
108.71,122.71,Inga,,D
156.26,308.55,Aglaia,32.8,A
325.22,186.86,Cordia,41.1,A
5.84,131.94,Aglaia,20.1,A
110.94,23.08,Alseis,18.2,A
136.12,382.72,Cordia,22.2,A
139.1,252.61,Knema,26.5,A
320.07,140.61,Inga,,D
314.28,49.06,Eugenia,14.0,A
374.66,314.76,Dipteryx,203.5,A
503.89,15.59,Eugenia,23.6,A
464.33,155.88,Beilschmiedia,33.9,A
148.21,267.75,Alseis,42.2,A
83.21,303.99,Beilschmiedia,10.8,A
539.23,159.95,Beilschmiedia,,D
417.46,141.63,Faramea,18.9,A
245.59,217.14,Faramea,46.9,A
158.85,2.92,Calophyllum,480.5,A
196.07,276.83,Alseis,56.8,A
429.06,167.48,Palaquium,550.1,A
70.05,266.05,Macaranga,23.3,A
66.59,288.96,Cordia,41.6,A
228.98,331.29,Drypetes,17.7,A
205.81,226.47,Aglaia,112.3,A
241.8,283.15,Beilschmiedia,137.3,A
71.28,107.89,Inga,209.4,A
188.4,297.3,Aglaia,18.8,A
470.19,161.68,Drypetes,347.6,A
167.15,329.54,Calophyllum,180.4,A
103.72,333.21,Aglaia,24.1,A
415.91,95.3,Beilschmiedia,27.9,A
172.42,354.75,Rinorea,12.4,A
379.31,217.54,Licania,11.5,A
424.82,110.86,Dipteryx,26.6,A
412.4,186.0,Eugenia,12.8,A
99.07,156.83,Macaranga,17.5,A
18.46,202.12,Aglaia,39.6,A
244.18,87.8,Hirtella,23.1,A
62.96,262.17,Drypetes,46.9,A
260.76,290.59,Aglaia,92.5,A
135.78,308.26,Guarea,18.5,A
305.54,230.57,Cordia,66.5,A
129.54,260.4,Cordia,52.0,A
437.29,68.01,Cordia,69.7,A
30.86,215.21,Calophyllum,21.2,A
290.14,172.23,Dipteryx,22.0,A
323.67,240.88,Nectandra,123.3,A
334.78,214.45,Faramea,151.2,A
529.33,123.88,Cordia,16.3,A
379.36,247.96,Beilschmiedia,12.5,A
87.89,182.87,Guarea,12.2,A
112.3,249.39,Palaquium,42.5,A
196.07,132.73,Aglaia,,M
384.77,38.81,Inga,57.5,A
185.41,300.47,Aglaia,43.6,A
239.62,64.37,Garcinia,15.2,A
275.79,237.28,Cordia,,D
121.37,125.16,Alseis,12.8,A
63.69,117.01,Alseis,10.7,A
106.57,31.37,Dipteryx,15.8,A
142.54,197.46,Cordia,111.2,A
79.86,289.33,Drypetes,98.9,A
321.81,343.35,Licania,32.1,A
287.29,326.03,Alseis,32.0,A
158.4,209.59,Cordia,11.8,A
28.59,160.84,Alseis,122.2,A
90.56,197.9,Faramea,93.8,A
396.92,69.64,Aglaia,141.7,A
53.49,240.39,Calophyllum,,D
495.66,119.66,Eugenia,,D
249.57,126.08,Beilschmiedia,25.8,A
173.42,201.21,Drypetes,16.1,A
372.77,222.34,Alseis,463.1,A
161.91,338.81,Sloanea,18.6,A
467.76,31.74,Eugenia,23.4,A
147.03,303.78,Cordia,33.8,A
331.34,53.51,Drypetes,42.2,A
483.34,53.19,Hirtella,16.9,A
162.39,161.09,Cordia,10.5,A
44.84,369.71,Beilschmiedia,,D
137.51,154.19,Alseis,48.0,A
421.91,27.91,Beilschmiedia,35.0,A
379.34,160.56,Guarea,,D
305.28,20.53,Garcinia,20.0,A
412.88,86.04,Garcinia,231.6,A
254.32,220.03,Garcinia,89.5,A
474.14,133.41,Calophyllum,26.1,A
420.02,62.6,Alseis,53.4,A
384.67,354.33,Guarea,28.2,A
198.87,212.55,Aglaia,,D
486.5,138.43,Drypetes,13.8,A
235.83,356.53,Alseis,12.8,A
129.1,229.32,Palaquium,32.9,A
41.63,335.57,Rinorea,47.9,A
168.45,223.24,Dipteryx,13.7,A
10.6,312.05,Calophyllum,13.1,A
364.15,343.3,Eugenia,55.0,A
452.74,4.81,Calophyllum,43.5,A
259.66,177.57,Calophyllum,27.3,A
95.25,263.33,Garcinia,49.9,A
177.28,156.33,Quararibea,23.9,A
173.56,205.44,Calophyllum,,D
158.81,107.31,Inga,17.5,A
393.17,75.31,Inga,,D
213.69,312.63,Aglaia,34.8,A
15.14,123.19,Garcinia,54.9,A
260.96,160.52,Faramea,17.1,A
42.74,293.88,Aglaia,21.2,A
403.58,190.94,Faramea,30.6,A
518.47,144.41,Knema,17.6,A
250.37,310.38,Eugenia,158.3,A
526.88,23.84,Faramea,10.7,A
78.76,283.05,Calophyllum,79.8,A
43.53,142.41,Virola,,D
549.62,169.55,Rinorea,16.7,A
44.41,142.61,Alseis,31.3,A
105.05,291.24,Drypetes,98.0,A
243.43,45.3,Dipteryx,221.3,A
233.86,67.74,Faramea,494.3,A
179.82,163.37,Gustavia,108.3,A
169.62,189.18,Cordia,12.3,A
540.57,167.43,Beilschmiedia,117.2,A
491.11,46.21,Cordia,47.4,A
76.88,225.26,Aglaia,21.8,A
176.75,180.32,Protium,15.4,A
160.21,385.2,Alseis,29.5,A
369.32,248.4,Cordia,141.2,A
43.72,68.25,Calophyllum,24.4,A
501.17,90.82,Beilschmiedia,176.3,A
462.29,168.55,Drypetes,85.3,A
233.46,279.48,Beilschmiedia,26.2,A
229.44,253.74,Ocotea,76.0,A
198.68,255.39,Beilschmiedia,22.9,A
323.3,179.27,Garcinia,30.6,A
303.11,123.68,Aglaia,108.0,A
580.1,64.78,Aglaia,19.9,A
491.46,32.77,Licania,,D
418.49,74.11,Cordia,75.6,A
312.91,104.02,Aglaia,12.6,A
188.26,239.83,Drypetes,11.2,A
59.08,370.44,Jacaranda,29.0,A
365.0,379.88,Palaquium,13.8,A
140.29,105.65,Hirtella,14.1,A
203.79,304.62,Knema,798.4,A
416.56,87.99,Beilschmiedia,20.1,A
458.18,86.6,Calophyllum,186.0,A
13.45,78.43,Dipteryx,93.6,A
176.95,151.68,Quararibea,,M
3.57,364.34,Beilschmiedia,136.9,A
346.89,378.35,Aglaia,22.8,A
165.14,21.93,Alseis,18.7,A
284.48,214.48,Guarea,,D
236.04,185.89,Dipteryx,39.7,A
366.09,328.32,Alseis,11.7,A
69.37,216.68,Drypetes,,M
152.18,271.43,Alseis,22.1,A
61.5,108.5,Dipteryx,21.6,A
232.53,189.69,Hirtella,14.4,A
278.08,343.56,Alseis,36.7,A
159.08,125.27,Aglaia,15.6,A
144.68,367.34,Alseis,17.3,A
189.75,239.25,Drypetes,11.6,A
47.65,129.42,Virola,57.2,A
404.8,74.11,Garcinia,14.5,A
267.3,297.82,Aglaia,12.5,A
590.06,81.64,Faramea,354.7,A
390.88,83.77,Cordia,20.2,A
23.44,92.29,Beilschmiedia,10.8,A
243.06,251.56,Sloanea,14.9,A
305.31,195.54,Faramea,368.1,A
191.81,334.34,Eugenia,16.0,A
392.5,41.44,Inga,15.7,A
394.85,327.6,Knema,42.3,A
411.04,10.33,Calophyllum,84.9,A
118.19,191.65,Dipteryx,176.8,A
415.49,76.39,Garcinia,14.2,A
241.1,268.94,Eugenia,84.2,A
87.54,277.58,Calophyllum,50.0,A
148.43,159.79,Faramea,87.8,A
71.82,287.6,Cordia,16.1,A
2.38,248.47,Guarea,23.6,A
45.1,222.18,Drypetes,17.0,A
109.26,191.13,Macaranga,15.2,A
159.7,227.76,Drypetes,23.5,A
67.8,109.9,Palaquium,52.5,A
417.9,95.18,Ocotea,15.8,A
499.17,53.11,Xylopia,51.0,A
114.82,163.56,Faramea,313.7,A
349.82,338.76,Eugenia,17.3,A
273.18,217.95,Garcinia,214.3,A
316.73,95.86,Aglaia,12.1,A
11.01,81.24,Hirtella,,D
294.32,326.21,Dipteryx,38.7,A
415.9,40.82,Inga,80.8,A
207.57,121.4,Licania,44.7,A
76.56,231.56,Drypetes,318.2,A
419.22,79.83,Aglaia,25.0,A
219.59,207.12,Hirtella,12.6,A
497.94,32.95,Drypetes,10.9,A
72.26,231.52,Eugenia,158.7,A
389.23,45.51,Drypetes,30.5,A
250.32,271.71,Dipteryx,326.1,A
159.26,139.64,Beilschmiedia,26.8,A
17.8,186.15,Aglaia,54.4,A
379.89,95.47,Alseis,104.2,A
52.86,249.47,Dipteryx,16.6,A
358.94,253.73,Aglaia,32.0,A
154.06,165.13,Swartzia,18.8,A
254.21,261.72,Dipteryx,,D
140.67,105.82,Inga,12.1,A
404.46,93.07,Beilschmiedia,14.4,A
369.15,338.04,Alseis,15.1,A
39.93,261.94,Calophyllum,141.5,A
287.33,311.3,Aglaia,10.2,A
87.67,225.2,Eugenia,10.1,A
44.16,125.36,Dipteryx,90.3,A
224.7,207.57,Calophyllum,34.9,A
381.43,30.81,Calophyllum,213.5,A
332.06,72.53,Dipteryx,17.2,A
143.75,385.63,Alseis,94.6,A
44.11,152.84,Inga,53.1,A
96.95,383.76,Garcinia,18.3,A
27.1,393.96,Quararibea,55.3,A
570.04,179.63,Tetragastris,29.5,A
20.04,235.82,Calophyllum,28.5,A
490.07,112.29,Eugenia,12.2,A
309.46,119.05,Inga,,M
161.47,286.42,Cordia,,D
230.86,80.34,Sloanea,30.5,A
558.8,98.72,Guarea,,D
263.09,243.22,Cordia,132.1,A
103.91,193.97,Hirtella,29.7,A
310.49,323.88,Nectandra,65.5,A
19.67,121.64,Garcinia,295.9,A
268.36,370.84,Guarea,27.2,A
166.36,254.49,Calophyllum,40.7,A
33.8,107.31,Drypetes,189.5,A
236.4,72.77,Garcinia,105.3,A
354.51,51.35,Aglaia,13.0,A
87.32,107.84,Inga,17.7,A
28.87,169.58,Hirtella,10.8,A
433.36,54.94,Beilschmiedia,10.1,A
11.57,378.99,Beilschmiedia,69.0,A
159.75,221.05,Knema,71.1,A
45.85,124.74,Alseis,17.1,A
187.9,29.96,Calophyllum,202.7,A
221.83,267.04,Garcinia,,M
64.14,128.25,Palaquium,20.2,A
524.14,15.51,Faramea,61.7,A
114.4,233.66,Calophyllum,287.0,A
214.6,253.85,Dipteryx,15.9,A
299.62,30.42,Aglaia,58.8,A
239.61,224.67,Hirtella,144.6,A
506.09,67.04,Calophyllum,,D
329.04,122.44,Protium,70.1,A
428.24,55.64,Aglaia,57.8,A
343.74,388.52,Beilschmiedia,,D
39.44,396.88,Calophyllum,63.0,A
81.76,267.12,Garcinia,86.8,A
381.55,386.81,Eugenia,21.4,A
36.38,336.02,Garcinia,78.9,A
178.58,311.08,Eugenia,11.6,A
95.18,204.99,Rinorea,151.3,A
557.2,160.97,Beilschmiedia,,D
243.25,12.81,Macaranga,74.5,A
105.65,151.33,Shorea,56.3,A
254.67,386.72,Jacaranda,353.0,A
85.17,188.24,Alseis,,D
80.79,293.97,Drypetes,97.9,A
94.46,319.39,Diospyros,167.4,A
342.89,354.46,Trichilia,29.3,A
411.53,44.41,Eugenia,51.9,A
160.89,260.47,Dipteryx,74.5,A
545.07,57.23,Knema,34.1,A
388.04,63.84,Alseis,464.1,A
499.15,30.51,Guarea,,D
368.69,101.69,Alseis,15.4,A
308.81,128.89,Trichilia,29.0,A
125.76,260.45,Nectandra,20.8,A
245.97,37.46,Dipteryx,12.4,A
6.38,373.33,Eugenia,159.6,A
425.0,66.25,Garcinia,157.6,A
359.27,111.87,Ficus,183.7,A
58.87,218.72,Dipteryx,37.4,A
4.19,79.3,Beilschmiedia,63.7,A
13.8,377.3,Beilschmiedia,43.0,A
544.98,192.89,Beilschmiedia,,D
26.78,302.45,Drypetes,34.0,A
40.73,202.74,Calophyllum,45.8,A
315.32,129.81,Alseis,,D
308.07,384.41,Jacaranda,11.1,A
62.69,322.42,Cordia,,D
48.08,2.1,Garcinia,,D
152.33,332.09,Aglaia,21.9,A
301.4,266.34,Dipteryx,,D
264.09,43.2,Calophyllum,16.5,A
101.84,209.4,Rinorea,20.5,A
553.35,100.15,Aglaia,23.0,A
474.91,76.7,Beilschmiedia,24.3,A
309.17,197.46,Garcinia,12.1,A
243.86,181.2,Eugenia,15.1,A
89.85,142.6,Palaquium,65.4,A
262.35,210.04,Garcinia,34.4,A
142.09,373.82,Aglaia,16.5,A
156.0,135.31,Protium,72.0,A
566.82,108.5,Beilschmiedia,11.0,A
538.95,89.25,Licania,83.9,A
216.52,264.84,Aglaia,,D
470.89,64.37,Calophyllum,23.3,A
341.86,103.64,Guarea,58.3,A
351.76,107.36,Ficus,20.1,A
410.18,30.18,Beilschmiedia,34.1,A
24.32,46.99,Cordia,,D
190.25,303.81,Eugenia,28.5,A
312.91,199.95,Garcinia,134.7,A
71.48,208.78,Drypetes,11.2,A
45.69,291.66,Alseis,42.7,A
471.59,26.86,Beilschmiedia,52.8,A
44.72,188.47,Aglaia,10.6,A
559.71,92.65,Beilschmiedia,18.1,A
0.28,148.08,Inga,14.4,A
474.67,84.74,Licania,62.7,A
426.68,66.58,Guarea,256.7,A
187.51,298.85,Eugenia,22.2,A
84.58,288.93,Dipteryx,11.2,A
444.7,81.7,Eugenia,112.5,A
4.39,100.96,Inga,14.1,A
382.48,235.11,Garcinia,23.4,A
259.29,183.31,Jacaranda,11.3,A
258.43,244.54,Beilschmiedia,10.3,A
218.31,291.96,Aglaia,21.3,A
491.47,163.64,Shorea,35.8,A
210.6,77.4,Alseis,87.2,A
10.73,135.25,Garcinia,283.4,A
366.45,242.94,Garcinia,224.0,A
22.85,148.69,Dipteryx,50.7,A
156.39,17.69,Calophyllum,228.3,A
244.01,54.24,Faramea,604.1,A
381.83,251.31,Garcinia,35.7,A
353.89,100.1,Dipteryx,216.4,A
195.49,124.08,Alseis,10.0,A
7.87,69.96,Calophyllum,49.9,A
48.17,248.55,Nectandra,24.2,A
182.19,296.57,Alseis,19.3,A
403.76,21.39,Alseis,10.7,A
589.16,145.67,Tetragastris,10.5,A
365.31,182.91,Jacaranda,30.9,A
144.55,294.82,Hirtella,45.4,A
177.76,191.53,Jacaranda,18.7,A
31.28,80.04,Eugenia,,D
76.78,198.14,Guarea,265.8,A
427.4,38.05,Eugenia,22.1,A
101.11,214.61,Eugenia,11.3,A
237.45,52.48,Faramea,97.4,A
114.94,239.28,Palaquium,93.0,A
299.12,369.17,Alseis,16.6,A
205.26,200.9,Aglaia,48.1,A
115.78,122.99,Drypetes,29.0,A
543.39,39.99,Alseis,18.1,A
231.68,362.21,Eugenia,115.9,A
403.54,161.87,Palaquium,322.2,A
15.87,85.38,Beilschmiedia,18.4,A
187.93,315.79,Aglaia,12.7,A
357.18,260.31,Jacaranda,142.5,A
271.24,232.18,Garcinia,41.0,A
391.72,47.37,Inga,,D
203.31,345.86,Trichilia,22.0,A
129.88,297.52,Dipteryx,21.8,A
167.89,152.88,Jacaranda,20.1,A
158.18,350.75,Cordia,51.3,A
29.89,86.41,Beilschmiedia,13.0,A
562.77,36.65,Macaranga,,D
328.06,327.83,Cordia,139.6,A
82.23,106.87,Protium,70.3,A
316.36,92.41,Jacaranda,13.2,A
372.18,141.9,Ficus,16.9,A
275.77,326.36,Macaranga,,D
350.23,226.22,Guarea,24.9,A
592.32,177.95,Knema,153.9,A
346.01,228.97,Macaranga,11.6,A
243.65,322.04,Beilschmiedia,,D
545.47,155.42,Aglaia,66.9,A
68.65,93.56,Inga,21.3,A
108.63,299.89,Guarea,23.2,A
406.35,120.77,Aglaia,20.0,A
327.41,114.92,Beilschmiedia,227.5,A
177.02,297.63,Guarea,103.1,A
126.02,369.24,Cordia,96.7,A
7.81,86.83,Alseis,,D
377.77,319.31,Dipteryx,25.1,A
107.2,163.62,Aglaia,11.3,A
373.33,88.43,Guarea,30.7,A
555.34,108.89,Aglaia,31.3,A
338.89,231.68,Cordia,10.2,A
456.08,159.1,Drypetes,19.9,A
415.58,93.64,Calophyllum,88.2,A
126.17,242.75,Hirtella,78.3,A
157.33,254.22,Macaranga,30.1,A
77.2,235.63,Dipteryx,67.2,A
36.49,158.88,Dipteryx,230.3,A
199.22,189.3,Drypetes,10.2,A
417.38,96.92,Dipteryx,,D
166.24,73.42,Cordia,24.3,A
81.82,63.65,Quararibea,10.4,A
142.66,29.98,Calophyllum,310.8,A
536.44,20.47,Cordia,35.3,A
521.93,116.04,Calophyllum,23.5,A
353.23,125.62,Guarea,33.1,A
100.57,358.51,Quararibea,34.2,A
223.81,280.44,Aglaia,,D
333.27,108.37,Beilschmiedia,91.0,A
280.4,301.57,Calophyllum,84.7,A
154.14,399.84,Aglaia,54.6,A
266.38,167.3,Faramea,392.0,A
175.17,7.0,Cordia,117.3,A
33.73,303.25,Faramea,533.6,A
529.24,50.66,Licania,11.8,A
308.39,114.52,Beilschmiedia,,D
345.78,209.88,Cordia,16.2,A
151.4,153.25,Guarea,15.6,A
519.9,96.28,Macaranga,11.5,A
91.06,243.68,Garcinia,169.7,A
96.84,176.88,Dipteryx,86.1,A
184.54,228.03,Aglaia,75.9,A
280.33,357.07,Alseis,61.2,A
236.78,381.23,Jacaranda,19.1,A
388.12,361.05,Tetragastris,77.4,A
296.42,180.46,Jacaranda,11.4,A
97.41,5.31,Dipteryx,130.4,A
78.4,71.21,Alseis,24.4,A
90.47,73.52,Cordia,28.9,A
167.76,132.49,Nectandra,19.2,A
156.13,127.6,Palaquium,11.6,A
77.9,224.21,Eugenia,10.8,A
491.11,146.46,Drypetes,70.3,A
112.23,324.66,Aglaia,25.4,A
261.06,162.85,Dipteryx,12.0,A
322.18,210.85,Calophyllum,29.0,A
456.56,38.31,Drypetes,14.7,A
330.25,85.96,Aglaia,,D
240.67,27.71,Alseis,24.4,A
449.41,183.38,Eugenia,12.8,A
57.12,204.84,Aglaia,84.5,A
61.12,98.75,Calophyllum,11.8,A
348.81,334.41,Calophyllum,55.2,A
495.07,188.04,Calophyllum,268.5,A
138.43,357.23,Aglaia,10.2,A
342.81,389.8,Alseis,336.2,A
198.66,310.26,Drypetes,23.5,A
154.83,302.71,Faramea,23.9,A
61.0,322.31,Swartzia,12.8,A
489.83,139.65,Shorea,34.2,A
244.56,279.89,Eugenia,150.8,A
34.93,154.67,Aglaia,10.1,A
79.61,193.72,Cordia,14.8,A
125.05,110.18,Xylopia,67.5,A
40.02,45.44,Erythroxylum,17.6,A
105.61,31.38,Cordia,,D
185.61,85.67,Cordia,10.1,A
539.62,134.59,Licania,27.7,A
454.85,157.85,Drypetes,17.4,A
122.33,380.02,Diospyros,134.0,A
415.17,87.8,Aglaia,60.1,A
363.0,314.11,Calophyllum,,D
325.18,260.05,Nectandra,33.5,A
141.74,146.88,Alseis,14.1,A
198.33,159.24,Palaquium,10.5,A
374.36,218.31,Aglaia,16.9,A
291.74,241.74,Cordia,107.3,A
154.2,221.28,Drypetes,36.6,A
360.44,383.29,Tetragastris,14.7,A
255.27,38.93,Faramea,42.9,A
527.05,119.26,Calophyllum,422.0,A
216.86,75.77,Garcinia,127.7,A
192.92,261.07,Alseis,385.9,A
17.95,5.21,Licania,10.2,A
218.39,43.9,Faramea,11.7,A
104.49,233.25,Aglaia,,D
265.55,191.9,Faramea,14.8,A
87.41,48.43,Aglaia,,D
105.89,275.04,Guarea,26.7,A
143.19,156.64,Calophyllum,39.7,A
154.4,114.8,Inga,,D
388.92,51.9,Drypetes,11.8,A
556.05,51.31,Aglaia,11.4,A
118.85,261.52,Calophyllum,114.7,A
88.65,174.19,Alseis,11.2,A
150.39,209.65,Cordia,73.3,A
89.67,120.81,Inga,25.9,A
86.15,174.58,Alseis,26.9,A
77.08,205.21,Macaranga,13.5,A
376.64,250.49,Aglaia,90.7,A
93.38,278.34,Knema,17.8,A
473.36,5.35,Swartzia,268.7,A
340.37,235.77,Cordia,96.2,A
149.79,194.72,Calophyllum,24.5,A
170.71,350.42,Cordia,12.2,A
122.7,33.71,Sloanea,93.4,A
154.15,144.52,Aglaia,11.4,A
364.25,81.44,Calophyllum,17.6,A
83.81,93.99,Alseis,57.4,A
252.32,238.3,Xylopia,16.9,A
76.24,152.44,Guarea,14.1,A
526.87,163.46,Beilschmiedia,21.1,A
422.88,58.56,Alseis,,D
114.03,124.28,Calophyllum,32.4,A
248.03,39.41,Cordia,12.9,A
15.32,19.33,Calophyllum,11.4,A
208.81,203.22,Calophyllum,219.5,A
38.35,131.66,Virola,,D
504.98,175.05,Dipteryx,26.8,A
181.15,178.93,Ocotea,58.5,A
589.81,53.27,Alseis,12.6,A
18.56,256.06,Eugenia,10.2,A
6.76,142.56,Inga,31.9,A
280.89,198.8,Ocotea,12.1,A
370.69,363.88,Tetragastris,16.6,A
141.92,87.47,Garcinia,15.3,A
177.11,223.09,Aglaia,66.9,A
446.83,24.29,Calophyllum,,D
424.52,182.17,Aglaia,17.2,A
34.12,310.09,Drypetes,46.6,A
261.92,225.37,Garcinia,17.7,A
47.99,240.44,Drypetes,356.7,A
162.8,371.77,Alseis,10.4,A
518.73,179.39,Sloanea,25.2,A
377.9,307.64,Knema,10.6,A
437.96,171.13,Hura,77.8,A
11.34,287.49,Dipteryx,19.0,A
537.14,113.2,Aglaia,,D
213.98,319.5,Cordia,16.0,A
0.0,140.88,Aglaia,30.4,A
76.2,88.36,Inga,16.0,A
37.98,268.61,Nectandra,,D
306.77,99.01,Alseis,291.7,A
482.2,77.92,Beilschmiedia,,M
354.85,71.65,Guarea,,D
285.73,37.97,Aglaia,11.1,A
52.19,94.32,Eugenia,,D
375.99,219.99,Alseis,13.0,A
107.23,393.75,Beilschmiedia,38.3,A
418.02,119.34,Aglaia,28.5,A
109.66,32.23,Rinorea,19.5,A
149.45,77.99,Cordia,32.6,A
246.95,184.49,Anacardium,24.2,A
525.56,128.83,Jacaranda,41.5,A
185.58,335.25,Eugenia,,D
93.86,26.36,Calophyllum,100.5,A
537.61,117.31,Jacaranda,13.0,A
129.36,110.82,Garcinia,37.3,A
325.2,382.19,Alseis,11.1,A
20.03,22.69,Calophyllum,86.6,A
388.92,346.86,Ocotea,57.7,A
78.42,393.7,Knema,11.6,A
76.02,332.75,Aglaia,19.2,A
175.49,288.69,Dipteryx,80.4,A
125.86,367.83,Cordia,12.0,A
526.64,55.7,Cordia,15.4,A
324.9,193.23,Guarea,,D
480.94,86.86,Beilschmiedia,31.4,A
119.13,127.15,Jacaranda,329.5,A
253.8,217.1,Calophyllum,174.2,A
274.39,260.91,Calophyllum,12.6,A
372.43,307.27,Aglaia,21.7,A
311.87,168.46,Guarea,10.1,A
272.97,339.28,Alseis,218.9,A
321.93,201.31,Jacaranda,126.4,A
565.18,121.35,Aglaia,36.3,A
532.45,83.55,Faramea,41.0,A
194.28,54.36,Cordia,,D
340.65,149.81,Inga,17.8,A
386.62,109.57,Alseis,,M
54.04,24.85,Licania,60.0,A
543.48,102.85,Guarea,12.9,A
95.09,346.63,Dipteryx,59.4,A
196.83,24.18,Dipteryx,,D
375.14,235.41,Garcinia,15.8,A
20.34,230.44,Cordia,30.0,A
457.59,116.18,Calophyllum,,D
112.88,317.14,Garcinia,44.4,A
567.34,186.38,Dipteryx,24.4,A
208.68,332.32,Garcinia,156.2,A
173.37,265.64,Shorea,53.8,A
186.29,339.58,Garcinia,108.7,A
153.79,141.14,Beilschmiedia,250.3,A
426.12,188.47,Alseis,51.5,A
403.69,146.27,Dipteryx,55.2,A
527.72,143.89,Shorea,131.7,A
460.17,40.53,Drypetes,121.9,A
71.39,190.41,Guarea,13.3,A
16.19,85.79,Beilschmiedia,17.3,A
585.56,77.15,Aglaia,,D
364.82,159.16,Macaranga,17.3,A
311.04,114.23,Beilschmiedia,21.6,A
171.34,54.97,Cordia,10.7,A
200.75,281.52,Faramea,21.2,A
100.93,162.32,Calophyllum,69.5,A
102.22,100.45,Drypetes,,D
11.61,144.3,Inga,19.3,A
304.96,12.76,Cordia,,D
149.17,127.7,Gustavia,35.0,A
28.87,366.48,Beilschmiedia,17.9,A
112.32,387.13,Dipteryx,50.3,A
371.49,238.97,Aglaia,21.0,A
150.35,382.21,Alseis,61.0,A
90.4,113.1,Inga,27.2,A
396.91,382.09,Cordia,126.1,A
361.2,320.69,Aglaia,20.9,A
273.96,374.93,Calophyllum,498.1,A
239.09,117.77,Beilschmiedia,26.4,A
264.98,245.97,Beilschmiedia,45.4,A
342.28,69.29,Xylopia,15.0,A
264.67,18.73,Aglaia,18.8,A
431.54,126.04,Drypetes,11.9,A
568.02,47.26,Guarea,27.3,A
92.82,325.25,Aglaia,48.7,A
347.68,66.6,Aglaia,14.9,A
102.23,140.43,Cordia,,M
162.34,304.85,Knema,42.0,A
414.96,39.06,Aglaia,,M
15.25,73.08,Beilschmiedia,25.9,A
210.78,109.01,Aglaia,22.9,A
211.68,305.02,Aglaia,94.1,A
9.66,257.69,Eugenia,44.0,A
17.03,149.87,Drypetes,10.5,A
242.1,158.73,Alseis,20.1,A
224.84,275.42,Eugenia,52.8,A
395.68,117.35,Alseis,322.1,A
220.74,256.77,Beilschmiedia,56.7,A
129.0,229.15,Knema,10.9,A
158.45,347.31,Hirtella,10.8,A
92.59,104.9,Quararibea,26.4,A
243.89,96.03,Ocotea,,D
491.44,76.64,Macaranga,24.8,A
321.67,109.57,Aglaia,12.9,A
228.98,187.56,Alseis,19.0,A
398.33,105.45,Dipteryx,,D
188.39,91.95,Cordia,,D
57.93,348.26,Aglaia,18.2,A
545.55,135.94,Aglaia,16.0,A
322.32,184.94,Nectandra,71.1,A
488.1,130.59,Eugenia,,D
91.41,274.13,Alseis,107.8,A
296.47,296.55,Aglaia,68.3,A
302.15,121.32,Aglaia,24.4,A
200.46,156.06,Licania,86.3,A
364.49,280.19,Dipteryx,50.1,A
176.45,345.75,Aglaia,41.3,A
42.76,167.01,Nectandra,57.9,A
96.62,86.6,Drypetes,14.4,A
169.44,338.55,Beilschmiedia,14.0,A
74.39,32.08,Protium,16.4,A
12.07,263.77,Cordia,83.1,A
248.07,55.95,Hirtella,20.2,A
438.61,183.96,Garcinia,47.8,A
77.77,387.29,Cordia,19.5,A
62.72,172.97,Alseis,,D
386.72,83.7,Beilschmiedia,62.9,A
236.93,345.61,Faramea,37.8,A
208.28,210.59,Drypetes,10.2,A
119.16,279.0,Knema,26.9,A
183.52,312.5,Aglaia,18.6,A
331.7,315.17,Dipteryx,46.6,A
562.99,17.32,Faramea,21.7,A
385.56,186.34,Jacaranda,16.3,A
92.39,145.66,Dipteryx,11.8,A
39.93,214.33,Calophyllum,76.6,A
76.24,131.67,Drypetes,16.9,A
194.19,155.86,Cordia,10.2,A
526.81,192.63,Alseis,24.1,A
300.15,140.13,Inga,,D
523.25,9.52,Dipteryx,67.6,A
319.81,303.17,Protium,131.3,A
220.49,115.35,Cordia,16.4,A
165.63,218.17,Drypetes,10.6,A
108.82,189.07,Quararibea,,D
310.56,347.66,Trichilia,125.5,A
91.42,350.21,Knema,11.3,A
81.5,109.05,Protium,12.1,A
328.07,26.64,Macaranga,14.9,A
385.81,289.72,Licania,20.5,A
36.36,288.4,Faramea,32.3,A
191.65,342.56,Drypetes,43.1,A
289.02,21.97,Aglaia,46.3,A
468.09,136.77,Dipteryx,67.7,A
226.33,324.72,Garcinia,42.0,A
186.18,293.85,Aglaia,10.8,A
453.25,172.05,Drypetes,69.9,A
171.47,100.08,Dipteryx,82.7,A
325.38,244.88,Hirtella,25.8,A
131.54,253.66,Alseis,60.2,A
552.67,137.73,Tetragastris,26.3,A
232.71,182.01,Hirtella,21.6,A
108.9,347.36,Hirtella,61.5,A
121.53,215.16,Eugenia,75.1,A
334.34,348.48,Trichilia,14.8,A
534.9,92.25,Macaranga,67.2,A
468.14,172.46,Beilschmiedia,63.0,A
21.91,93.37,Drypetes,13.5,A
314.73,64.77,Knema,79.6,A
202.26,51.65,Alseis,105.9,A
509.91,19.61,Knema,15.9,A
479.18,85.78,Beilschmiedia,157.1,A
255.64,235.73,Quararibea,59.6,A
270.3,14.42,Calophyllum,11.8,A
70.35,216.94,Dipteryx,,D
45.51,301.27,Faramea,115.7,A
337.29,52.44,Sloanea,17.2,A
291.04,160.0,Trichilia,53.9,A
238.57,168.96,Alseis,392.8,A
31.83,329.34,Faramea,51.6,A
532.34,82.16,Faramea,28.7,A
396.79,76.16,Calophyllum,19.0,A
108.08,360.97,Hirtella,12.2,A
490.76,107.52,Drypetes,65.5,A
11.16,233.81,Macaranga,14.8,A
85.46,286.71,Aglaia,77.8,A
90.96,165.71,Dipteryx,114.4,A
307.12,132.33,Aglaia,56.6,A
546.14,107.84,Aglaia,146.9,A
379.27,345.59,Licania,863.3,A
81.34,383.44,Knema,32.0,A
329.5,316.96,Calophyllum,164.7,A
582.51,96.42,Beilschmiedia,15.0,A
186.57,391.72,Dipteryx,28.6,A
308.05,293.52,Aglaia,120.5,A
58.88,266.25,Eugenia,25.2,A
183.16,37.15,Alseis,57.8,A
486.86,95.73,Cordia,72.4,A
266.56,233.49,Dipteryx,33.4,A
37.48,246.54,Calophyllum,10.2,A
6.16,108.19,Dipteryx,48.2,A
334.61,342.89,Cordia,64.6,A
248.88,50.78,Dipteryx,13.0,A
22.97,199.88,Macaranga,22.8,A
241.19,242.82,Nectandra,11.1,A
526.28,196.61,Eugenia,13.3,A
45.52,112.46,Alseis,12.8,A
170.54,232.63,Drypetes,,D
176.64,217.28,Palaquium,44.5,A
168.76,160.05,Cordia,32.2,A
335.05,366.43,Alseis,35.7,A
533.25,181.11,Alseis,10.2,A
388.58,127.86,Faramea,467.9,A
529.23,61.3,Guarea,18.8,A
304.55,41.87,Eugenia,13.5,A
123.45,71.3,Protium,,D
542.76,118.71,Aglaia,81.5,A
131.32,279.28,Brosimum,,M
176.37,220.3,Garcinia,69.2,A
511.45,143.5,Tetragastris,15.4,A
454.19,117.31,Eugenia,41.6,A
325.71,132.76,Beilschmiedia,14.0,A
561.31,76.87,Beilschmiedia,31.4,A
57.38,159.27,Alseis,10.3,A
209.67,150.17,Aglaia,14.5,A
99.02,132.09,Macaranga,14.3,A
240.16,347.68,Luehea,24.6,A
475.28,111.89,Hura,344.0,A
103.26,57.94,Aglaia,34.2,A
80.34,286.68,Aglaia,,M
371.21,215.08,Alseis,12.6,A
385.71,55.93,Alseis,54.3,A
455.15,117.29,Shorea,22.5,A
176.89,298.46,Alseis,49.3,A
8.6,373.84,Cordia,30.5,A
422.22,189.96,Aglaia,89.5,A
380.75,252.11,Beilschmiedia,16.1,A
257.94,249.29,Aglaia,21.4,A
468.07,52.1,Cordia,65.6,A
570.44,87.8,Eugenia,41.1,A
474.24,109.1,Ocotea,180.3,A
176.76,342.76,Eugenia,38.7,A
260.57,243.79,Beilschmiedia,16.7,A
428.31,29.01,Beilschmiedia,142.0,A
398.64,244.51,Jacaranda,55.9,A
20.54,95.46,Alseis,117.3,A
287.74,241.73,Cordia,36.7,A
70.25,212.71,Cordia,10.4,A
564.17,86.97,Shorea,11.5,A
130.22,210.01,Gustavia,18.5,A
427.82,120.32,Jacaranda,166.4,A
272.29,159.93,Sloanea,17.4,A
375.42,133.25,Dipteryx,350.0,A
138.96,276.54,Brosimum,10.6,A
272.43,313.64,Sloanea,187.8,A
369.92,379.5,Licania,47.5,A
437.19,132.6,Hirtella,81.5,A
272.08,252.37,Beilschmiedia,252.5,A
443.68,74.39,Alseis,10.5,A
224.32,329.88,Garcinia,13.6,A
139.12,236.45,Palaquium,14.3,A
72.16,309.71,Aglaia,,D
169.14,22.14,Cordia,140.5,A
470.08,106.61,Hirtella,179.4,A
136.14,179.7,Faramea,22.0,A
46.46,343.19,Garcinia,,D
48.58,137.96,Virola,240.1,A
130.35,116.45,Drypetes,23.4,A
213.26,386.96,Cupania,20.6,A
279.54,32.72,Aglaia,79.4,A
92.59,110.49,Drypetes,439.0,A
446.65,122.88,Ocotea,132.2,A
323.11,301.66,Alseis,11.1,A
525.21,41.38,Dipteryx,,D
216.02,262.96,Aglaia,20.7,A
8.17,31.72,Licania,30.1,A
118.23,155.29,Dipteryx,163.4,A
119.36,118.18,Alseis,416.9,A
415.7,61.51,Alseis,160.6,A
134.41,237.49,Palaquium,,D
64.22,84.28,Dipteryx,42.7,A
212.36,307.05,Cordia,45.5,A
171.35,100.92,Cordia,58.6,A
328.04,217.92,Dipteryx,170.1,A
416.37,53.44,Drypetes,11.2,A
153.89,308.17,Alseis,,D
112.38,348.61,Knema,18.5,A
101.63,327.12,Garcinia,236.7,A
271.63,4.31,Aglaia,58.4,A
581.74,149.59,Guarea,45.9,A
16.11,387.89,Hirtella,15.6,A
423.09,43.47,Aglaia,29.9,A
78.45,166.45,Cordia,15.1,A
280.48,274.42,Aglaia,11.5,A
133.02,74.75,Drypetes,128.8,A
337.39,143.88,Calophyllum,12.1,A
309.5,160.44,Beilschmiedia,72.1,A
229.91,312.88,Eugenia,25.4,A
265.96,182.28,Macaranga,17.5,A
162.87,125.94,Palaquium,351.2,A
238.73,166.61,Alseis,79.2,A
59.95,94.99,Calophyllum,19.1,A
211.27,89.1,Aglaia,19.6,A
17.7,367.93,Cordia,16.6,A
219.87,212.77,Cordia,18.7,A
266.09,288.52,Aglaia,32.3,A
98.74,244.38,Knema,46.4,A
348.05,104.75,Hirtella,19.1,A
96.51,171.11,Calophyllum,21.5,A
301.09,29.49,Aglaia,22.8,A
187.23,64.7,Hirtella,11.5,A
340.83,107.51,Cecropia,80.4,A
173.11,183.09,Palaquium,11.8,A
449.84,82.35,Alseis,13.2,A
128.8,142.47,Inga,20.8,A
301.66,78.42,Knema,58.9,A
51.0,157.21,Virola,382.4,A
430.57,173.49,Palaquium,27.1,A
160.07,265.32,Cordia,126.2,A
344.1,252.79,Faramea,33.1,A
293.77,151.15,Sloanea,14.6,A
65.44,325.78,Aglaia,38.5,A
370.16,75.34,Drypetes,40.1,A
192.79,273.47,Dipteryx,280.8,A
99.91,276.52,Alseis,11.7,A
168.78,287.04,Faramea,445.8,A
168.4,88.44,Inga,,D
461.02,15.89,Beilschmiedia,15.7,A
105.52,136.95,Alseis,10.9,A
370.47,330.66,Alseis,100.2,A
163.66,360.69,Rinorea,12.4,A
524.72,62.66,Knema,12.9,A
109.14,198.88,Faramea,19.9,A
247.15,262.6,Dipteryx,31.9,A
171.69,189.29,Calophyllum,98.9,A
69.79,212.58,Alseis,12.1,A
342.82,299.35,Calophyllum,50.3,A
114.33,208.26,Eugenia,34.3,A
175.44,321.47,Drypetes,100.0,A
229.91,96.05,Hirtella,172.6,A
177.32,177.21,Calophyllum,39.8,A
288.17,204.77,Inga,32.9,A
449.81,60.13,Beilschmiedia,13.5,A
77.25,253.46,Calophyllum,33.9,A
10.07,388.54,Dipteryx,19.7,A
205.13,241.93,Aglaia,13.3,A
212.94,221.36,Nectandra,30.2,A
111.25,323.51,Garcinia,17.8,A
155.88,224.27,Dipteryx,18.5,A
57.75,356.53,Knema,348.4,A
355.75,247.7,Hirtella,14.3,A
364.23,35.08,Drypetes,44.3,A
130.8,96.39,Calophyllum,,D
244.34,108.83,Beilschmiedia,17.5,A
282.84,27.42,Aglaia,11.3,A
106.72,242.43,Calophyllum,341.0,A
18.38,150.34,Garcinia,39.7,A
365.9,344.97,Licania,30.5,A
213.89,247.25,Calophyllum,24.8,A
184.53,165.78,Quararibea,80.4,A
367.45,151.99,Eugenia,14.8,A
271.1,189.5,Eugenia,15.4,A
351.44,77.55,Garcinia,293.0,A
501.36,179.81,Knema,131.0,A
434.34,174.8,Aglaia,46.6,A
31.54,238.64,Calophyllum,,D
403.24,141.79,Beilschmiedia,23.7,A
212.36,214.15,Garcinia,20.0,A
188.5,251.17,Macaranga,16.8,A
468.98,36.24,Licania,209.9,A
84.83,321.02,Drypetes,36.5,A
84.54,152.93,Alseis,22.7,A
209.34,221.63,Aglaia,24.0,A
583.55,93.82,Beilschmiedia,11.8,A
122.49,356.76,Guarea,60.9,A
212.9,244.13,Aglaia,88.9,A
46.7,332.31,Cordia,180.9,A
384.73,49.32,Macaranga,26.8,A
67.83,334.39,Cordia,,D
369.56,71.85,Alseis,11.4,A
169.7,331.56,Beilschmiedia,40.2,A
247.37,184.25,Eugenia,67.8,A
145.67,319.7,Hirtella,158.1,A
367.53,179.4,Faramea,159.7,A
474.13,172.31,Beilschmiedia,34.2,A
487.35,21.28,Drypetes,18.9,A
22.5,252.73,Eugenia,11.4,A
524.24,191.49,Guarea,17.2,A
568.61,108.01,Licania,14.3,A
506.44,181.14,Calophyllum,,D
60.91,116.52,Virola,15.8,A
3.36,345.58,Alseis,566.3,A
568.04,42.35,Faramea,501.1,A
238.56,173.08,Alseis,165.1,A
364.79,150.97,Eugenia,12.9,A
505.22,45.93,Cordia,17.5,A
305.53,43.29,Eugenia,33.4,A
27.64,59.26,Drypetes,13.5,A
412.77,64.32,Aglaia,112.6,A
435.25,156.16,Guarea,,M
379.09,244.2,Beilschmiedia,111.1,A
536.24,175.97,Rinorea,19.5,A
558.97,25.2,Faramea,35.7,A
413.43,82.74,Beilschmiedia,33.1,A
87.5,79.52,Aglaia,36.2,A
155.7,151.65,Protium,,M
24.75,179.05,Nectandra,,M
45.8,18.59,Garcinia,13.1,A
63.85,295.57,Aglaia,11.6,A
187.58,184.04,Drypetes,119.7,A
577.1,113.66,Guarea,19.6,A
50.46,322.17,Aglaia,50.3,A
292.81,165.1,Beilschmiedia,192.7,A
118.51,238.05,Brosimum,38.5,A
183.31,134.74,Palaquium,51.8,A
83.94,137.65,Guarea,,D
211.03,223.95,Drypetes,16.2,A
569.8,139.28,Jacaranda,181.1,A
26.67,106.25,Drypetes,514.9,A
355.66,399.48,Beilschmiedia,11.9,A
127.25,138.91,Cordia,25.8,A
248.46,234.43,Beilschmiedia,32.2,A
241.76,302.95,Eugenia,19.0,A
377.16,167.06,Guarea,57.4,A
360.5,261.1,Macaranga,14.1,A
145.06,288.56,Cordia,62.5,A
310.48,345.26,Cordia,21.6,A
122.46,265.35,Knema,30.3,A
134.48,106.39,Drypetes,45.4,A
111.75,75.49,Cordia,15.0,A
184.3,5.61,Alseis,18.1,A
236.21,354.29,Luehea,131.3,A
333.81,352.4,Dipteryx,,D
184.42,19.8,Calophyllum,98.4,A
316.24,301.67,Aglaia,42.2,A
575.66,82.83,Beilschmiedia,13.3,A
376.78,145.26,Xylopia,45.5,A
306.04,209.14,Inga,31.5,A
554.03,43.84,Calophyllum,11.9,A
323.32,368.03,Cupania,15.1,A
184.99,305.58,Drypetes,,D
111.57,183.27,Faramea,14.9,A
2.32,51.83,Drypetes,16.3,A
371.32,303.22,Aglaia,16.3,A
103.69,276.67,Garcinia,244.6,A
36.57,332.33,Garcinia,12.5,A
122.84,132.83,Beilschmiedia,12.1,A
215.34,264.3,Aglaia,120.4,A
552.71,51.76,Knema,16.1,A
93.44,307.37,Beilschmiedia,14.3,A
266.77,332.97,Jacaranda,79.3,A
214.19,194.88,Cordia,92.6,A
184.5,128.55,Dipteryx,11.6,A
194.5,299.59,Faramea,294.0,A
279.12,11.19,Calophyllum,493.7,A
428.78,33.82,Eugenia,34.4,A
214.54,251.67,Calophyllum,,D
312.62,170.82,Protium,128.1,A
264.74,322.23,Beilschmiedia,29.4,A
196.8,241.07,Cordia,31.9,A
467.94,21.24,Drypetes,30.9,A
331.03,259.49,Cordia,11.0,A
455.95,199.81,Hirtella,57.7,A
118.26,173.11,Cordia,109.8,A
204.78,370.86,Aglaia,37.7,A
391.26,5.3,Inga,10.7,A
247.11,219.28,Cordia,19.0,A
220.64,110.2,Aglaia,24.5,A
138.76,91.14,Garcinia,36.1,A
46.74,98.89,Ocotea,75.4,A
115.73,225.93,Garcinia,20.2,A
366.46,229.97,Beilschmiedia,107.0,A
335.32,69.81,Jacaranda,49.6,A
135.87,288.66,Cordia,,D
59.84,111.68,Shorea,12.8,A
368.6,56.25,Alseis,13.1,A
79.85,389.49,Diospyros,11.5,A
478.86,63.41,Eugenia,16.8,A
366.37,174.87,Faramea,11.6,A
232.93,77.71,Eugenia,24.4,A
194.23,52.41,Protium,42.0,A
15.29,369.2,Beilschmiedia,56.9,A
135.63,120.3,Garcinia,10.6,A
60.29,185.0,Guarea,23.1,A
169.08,295.0,Alseis,10.0,A
5.31,367.6,Beilschmiedia,14.0,A
254.55,278.83,Jacaranda,157.7,A
497.48,153.46,Cordia,117.3,A
363.02,294.5,Macaranga,23.9,A
359.42,303.84,Aglaia,10.5,A
82.96,252.29,Aglaia,24.0,A
552.71,83.89,Aglaia,,D
246.53,292.77,Cordia,46.3,A
232.02,88.81,Eugenia,19.3,A
31.29,143.97,Inga,41.4,A
95.66,15.39,Shorea,68.5,A
526.12,28.97,Dipteryx,66.1,A
73.82,233.04,Cordia,102.2,A
301.29,197.24,Inga,42.2,A
427.91,198.76,Aglaia,,D
134.66,221.63,Faramea,,D
114.15,204.16,Cordia,22.1,A
78.0,293.18,Drypetes,91.0,A
204.65,389.51,Alseis,21.2,A
480.31,118.3,Calophyllum,,D
485.85,42.32,Dipteryx,23.4,A
396.42,361.8,Tetragastris,86.7,A
207.53,287.96,Faramea,36.8,A
509.98,83.11,Macaranga,32.8,A
245.99,135.47,Calophyllum,11.6,A
14.35,397.61,Alseis,331.2,A
402.88,127.68,Ficus,127.6,A
138.49,231.7,Faramea,162.3,A
198.85,313.77,Quararibea,44.1,A
346.45,81.92,Aglaia,29.9,A
472.46,74.09,Drypetes,22.5,A
114.0,187.41,Faramea,461.8,A
501.81,48.31,Faramea,316.7,A
23.0,147.1,Drypetes,,D
195.97,393.04,Alseis,15.3,A
312.59,46.86,Aglaia,43.1,A
437.96,53.19,Hirtella,20.8,A
545.27,148.84,Aglaia,13.1,A
105.55,124.4,Dipteryx,25.1,A
92.57,142.03,Inga,36.2,A
149.8,313.42,Dipteryx,19.1,A
256.29,155.83,Ocotea,29.2,A
388.38,41.71,Drypetes,73.4,A
230.79,279.48,Aglaia,,M
218.09,275.35,Aglaia,32.1,A
321.12,92.48,Cordia,29.1,A
379.6,157.19,Faramea,101.9,A
48.25,97.52,Eugenia,29.4,A
50.9,100.24,Knema,97.7,A
63.73,76.44,Aglaia,137.8,A
243.11,342.82,Calophyllum,25.2,A
125.73,93.03,Calophyllum,23.7,A
498.95,44.84,Licania,60.5,A
95.63,396.06,Beilschmiedia,57.7,A
113.45,117.51,Alseis,14.8,A
414.8,31.08,Garcinia,80.7,A
159.06,92.07,Cordia,10.2,A
33.75,156.57,Guarea,31.2,A
308.78,64.95,Xylopia,32.9,A
52.18,132.99,Virola,,D
518.76,170.56,Beilschmiedia,29.3,A
75.94,250.29,Nectandra,36.4,A
178.52,367.5,Guarea,16.7,A
74.91,7.38,Macaranga,22.3,A
37.98,114.44,Drypetes,41.4,A
63.38,232.75,Guarea,22.3,A
179.45,197.52,Alseis,26.8,A
134.67,352.8,Cordia,17.5,A
557.06,41.78,Licania,,D
548.76,158.7,Beilschmiedia,106.7,A
231.29,388.38,Hirtella,26.5,A
363.94,18.13,Macaranga,,D
169.34,308.94,Faramea,96.3,A
7.29,333.43,Guarea,289.6,A
227.77,331.13,Luehea,148.3,A
471.88,170.12,Drypetes,11.7,A
14.4,204.08,Alseis,76.1,A
153.98,289.9,Shorea,31.7,A
370.44,339.75,Alseis,12.1,A
242.9,220.27,Garcinia,16.6,A
560.78,158.98,Guarea,183.7,A
151.81,188.02,Dipteryx,72.7,A
131.38,279.25,Calophyllum,10.2,A
240.37,75.85,Aglaia,16.5,A
343.28,356.45,Tetragastris,13.5,A
156.83,219.33,Alseis,121.9,A
94.14,109.53,Drypetes,,D
56.27,180.71,Macaranga,,D
437.97,71.55,Alseis,309.6,A
215.59,80.45,Guarea,,D
193.41,180.53,Quararibea,11.4,A
349.49,284.44,Alseis,,D
490.14,107.29,Drypetes,13.7,A
37.31,161.92,Aglaia,26.4,A
170.05,94.03,Dipteryx,11.2,A
363.22,338.48,Eugenia,27.5,A
495.49,136.75,Beilschmiedia,54.9,A
387.51,172.82,Faramea,14.0,A
191.87,267.63,Aglaia,136.3,A
306.82,229.86,Faramea,44.7,A
213.31,185.21,Quararibea,70.2,A
183.08,184.96,Shorea,85.4,A
170.54,102.73,Hirtella,12.9,A
21.23,386.69,Eugenia,10.7,A
177.25,324.91,Aglaia,66.7,A
287.61,201.93,Cordia,19.2,A
316.57,27.06,Nectandra,21.8,A
424.43,180.73,Eugenia,12.7,A
365.55,40.91,Guarea,,D
286.99,359.2,Alseis,184.9,A
64.58,143.43,Calophyllum,19.2,A
334.17,371.56,Trichilia,12.3,A
95.79,149.63,Alseis,200.6,A
208.0,263.0,Aglaia,23.7,A
348.0,242.18,Protium,40.4,A
416.44,24.9,Inga,16.1,A
194.93,53.25,Nectandra,10.3,A
423.15,15.87,Beilschmiedia,66.2,A
240.42,18.06,Alseis,54.0,A
122.76,296.56,Diospyros,34.2,A
259.97,272.37,Dipteryx,36.7,A
69.39,320.56,Cordia,20.5,A
313.97,254.35,Cordia,99.3,A
233.03,296.69,Cordia,,D
149.4,173.19,Cordia,21.9,A
208.61,237.01,Aglaia,36.3,A
48.1,319.15,Aglaia,15.6,A
176.96,192.72,Calophyllum,25.7,A
590.79,94.24,Aglaia,69.1,A
503.05,86.18,Licania,17.3,A
105.35,92.68,Ocotea,176.0,A
68.97,61.82,Macaranga,37.9,A
188.32,50.01,Hirtella,14.5,A
321.66,111.39,Cecropia,266.2,A
322.17,264.09,Eugenia,14.2,A
72.31,18.07,Xylopia,11.0,A
562.71,117.21,Aglaia,12.0,A
337.18,254.58,Eugenia,19.7,A
397.28,177.52,Calophyllum,11.1,A
465.98,69.16,Beilschmiedia,26.0,A
75.57,143.56,Sloanea,14.8,A
341.96,104.18,Guarea,,D
448.46,94.71,Drypetes,13.9,A
460.95,187.76,Eugenia,,D
190.75,152.5,Aglaia,12.4,A
145.85,129.76,Beilschmiedia,11.3,A
302.66,337.94,Jacaranda,80.5,A
135.99,10.26,Shorea,64.7,A
378.22,89.21,Alseis,58.6,A
357.12,108.61,Dipteryx,24.7,A
241.25,344.97,Aglaia,88.2,A
100.99,252.59,Dipteryx,281.9,A
555.04,22.05,Guarea,116.0,A
393.78,384.23,Alseis,,D
166.98,370.23,Alseis,,D
283.91,25.78,Jacaranda,10.7,A
206.92,185.55,Guarea,19.0,A
366.13,310.99,Calophyllum,397.9,A
39.39,60.66,Erythroxylum,27.3,A
83.95,138.26,Guarea,81.8,A
235.36,74.89,Faramea,106.8,A
338.88,130.82,Alseis,36.0,A
170.44,237.61,Knema,510.1,A
341.11,200.81,Cordia,52.5,A
47.77,125.25,Virola,56.0,A
119.05,33.38,Eugenia,11.6,A
187.41,131.1,Alseis,415.0,A
15.82,216.1,Macaranga,43.4,A
101.81,273.57,Drypetes,24.7,A
207.18,358.25,Diospyros,143.9,A
225.73,329.93,Cordia,130.9,A
9.27,349.54,Alseis,37.0,A
238.52,152.27,Dipteryx,186.5,A
118.61,283.53,Knema,37.5,A
511.93,84.24,Beilschmiedia,,D
230.84,250.85,Dipteryx,13.6,A
190.1,48.44,Macaranga,58.1,A
131.44,313.66,Dipteryx,22.5,A
380.2,120.35,Ficus,29.2,A
496.97,127.33,Drypetes,22.8,A
319.69,312.77,Aglaia,44.5,A
117.85,184.29,Anacardium,11.3,A
203.81,243.84,Aglaia,26.3,A
106.52,30.33,Eugenia,37.7,A
312.5,383.98,Cupania,13.1,A
397.47,130.08,Faramea,30.9,A
236.32,295.48,Aglaia,12.9,A
533.9,76.42,Cordia,48.5,A
193.57,331.2,Drypetes,20.1,A
232.28,153.05,Calophyllum,13.1,A
110.29,250.29,Knema,256.7,A
218.04,187.09,Rinorea,13.6,A
512.93,113.45,Calophyllum,26.7,A
197.66,118.47,Dipteryx,97.9,A
111.06,8.53,Shorea,42.5,A
461.21,134.49,Drypetes,68.8,A
118.67,173.84,Cordia,77.0,A
398.66,328.45,Alseis,,D
117.18,116.69,Garcinia,48.8,A
267.29,186.3,Calophyllum,902.2,A
94.61,274.46,Alseis,402.7,A
67.65,137.27,Calophyllum,279.8,A
376.52,74.78,Alseis,13.7,A
115.41,234.63,Dipteryx,66.0,A
131.23,56.79,Shorea,16.2,A
557.74,139.2,Jacaranda,34.6,A
230.94,71.67,Garcinia,19.7,A
108.88,303.48,Cordia,18.3,A
191.86,327.71,Garcinia,72.9,A
542.24,98.95,Beilschmiedia,,D
155.99,220.89,Drypetes,15.0,A
103.02,117.63,Alseis,15.6,A
383.44,70.5,Aglaia,,D
272.46,310.25,Aglaia,54.2,A
101.26,173.66,Macaranga,14.6,A
98.06,152.78,Alseis,22.8,A
118.42,332.58,Guarea,54.2,A
562.11,110.31,Beilschmiedia,11.6,A
196.55,381.79,Calophyllum,21.5,A
40.91,330.32,Aglaia,157.5,A
68.97,55.57,Alseis,,D
322.86,264.96,Faramea,391.9,A
579.28,42.76,Faramea,56.5,A
203.75,259.33,Faramea,33.1,A
138.91,57.14,Macaranga,20.5,A
168.32,328.26,Beilschmiedia,29.1,A
169.51,389.74,Dipteryx,19.9,A
21.81,147.19,Aglaia,11.8,A
72.83,315.56,Aglaia,43.4,A
248.73,280.11,Aglaia,16.5,A
489.12,50.76,Licania,25.9,A
387.47,63.96,Drypetes,76.0,A
9.1,143.42,Diospyros,46.5,A
116.35,255.43,Garcinia,36.9,A
116.27,352.07,Dipteryx,10.3,A
509.18,173.29,Shorea,28.5,A
430.12,22.82,Beilschmiedia,,D
184.89,224.46,Garcinia,110.1,A
580.75,158.59,Faramea,234.8,A
37.26,224.33,Calophyllum,,D
339.75,390.04,Alseis,114.2,A
535.83,174.78,Beilschmiedia,156.8,A
455.96,183.99,Eugenia,14.1,A
358.24,386.73,Palaquium,17.4,A
94.13,207.1,Cordia,,D
211.24,36.53,Alseis,13.7,A
80.97,72.95,Nectandra,159.0,A
435.46,58.22,Hirtella,36.2,A
347.31,129.61,Inga,19.5,A
299.97,16.56,Calophyllum,32.6,A
338.2,397.87,Beilschmiedia,94.5,A
226.19,236.32,Ocotea,,D
138.39,345.17,Ocotea,18.1,A
106.78,297.6,Guarea,14.8,A
286.04,165.95,Beilschmiedia,10.5,A
164.82,290.14,Guarea,,D
430.69,30.56,Drypetes,155.6,A
109.04,228.76,Palaquium,19.1,A
365.97,73.32,Alseis,19.1,A
224.52,143.34,Guarea,13.3,A
18.83,266.43,Faramea,15.3,A
184.55,203.9,Drypetes,500.7,A
49.26,103.74,Eugenia,55.1,A
298.74,155.72,Inga,14.5,A
235.8,30.61,Hirtella,63.1,A
219.79,219.38,Jacaranda,,D
85.92,95.05,Alseis,125.1,A
76.12,256.7,Calophyllum,57.3,A
311.58,300.26,Aglaia,16.4,A
268.74,237.44,Beilschmiedia,11.7,A
196.01,247.73,Aglaia,26.0,A
131.42,266.83,Alseis,83.6,A
4.19,310.04,Faramea,11.9,A
334.01,371.67,Alseis,447.5,A
478.09,169.2,Calophyllum,178.0,A
189.52,309.57,Faramea,32.9,A
39.2,260.2,Macaranga,14.2,A
209.37,228.52,Garcinia,23.5,A
23.63,359.89,Calophyllum,15.7,A
530.77,117.95,Guarea,10.5,A
390.81,263.01,Dipteryx,,D
391.36,48.1,Jacaranda,19.1,A
226.24,37.64,Nectandra,34.1,A
199.95,288.87,Eugenia,36.1,A
235.8,55.28,Garcinia,141.5,A
380.14,306.06,Dipteryx,37.8,A
28.13,143.69,Dipteryx,438.7,A
373.4,398.42,Eugenia,17.6,A
584.77,124.03,Tetragastris,14.9,A
365.64,85.46,Alseis,18.3,A
103.69,121.18,Drypetes,10.1,A
299.5,270.15,Calophyllum,226.9,A
71.55,1.97,Garcinia,59.2,A
16.55,253.4,Eugenia,49.6,A
479.17,144.79,Macaranga,34.1,A
283.08,197.7,Eugenia,45.4,A
439.7,183.58,Garcinia,,D
176.12,141.95,Beilschmiedia,21.0,A
238.19,265.07,Calophyllum,96.5,A
468.84,18.23,Beilschmiedia,10.3,A
391.72,99.37,Aglaia,23.9,A
318.64,127.29,Beilschmiedia,14.2,A
321.81,312.75,Alseis,112.3,A
468.89,160.7,Drypetes,17.2,A
95.34,28.22,Rinorea,22.5,A
323.67,207.89,Inga,39.7,A
404.79,77.94,Beilschmiedia,23.5,A
224.47,39.72,Garcinia,29.9,A
300.1,63.11,Calophyllum,45.1,A
188.74,223.89,Drypetes,29.2,A
158.52,214.59,Drypetes,41.1,A
582.51,51.68,Aglaia,149.4,A
102.16,289.51,Drypetes,,D
205.58,379.77,Cordia,63.2,A
394.51,138.87,Swartzia,,D
550.79,43.09,Faramea,,D
248.31,281.98,Aglaia,29.0,A
305.61,48.03,Aglaia,157.5,A
440.79,95.1,Calophyllum,21.1,A
330.88,308.13,Aglaia,11.5,A
180.2,207.0,Quararibea,37.0,A
208.31,231.39,Calophyllum,47.2,A
240.4,335.82,Aglaia,18.3,A
32.44,150.0,Inga,31.0,A
62.43,105.86,Cordia,73.6,A
437.95,66.25,Beilschmiedia,217.8,A
321.17,38.74,Dipteryx,31.1,A
496.29,143.39,Shorea,15.2,A
227.99,282.43,Alseis,41.6,A
564.3,193.65,Rinorea,10.6,A
253.12,249.53,Cordia,49.3,A
159.36,390.34,Alseis,173.3,A
365.68,98.89,Swartzia,14.6,A
59.27,8.77,Calophyllum,32.8,A
154.88,330.95,Faramea,40.8,A
206.15,289.04,Aglaia,10.9,A
328.89,28.43,Drypetes,11.8,A
436.7,54.41,Beilschmiedia,69.6,A
96.39,133.46,Drypetes,,D
161.17,59.89,Dipteryx,34.7,A
108.0,259.96,Sloanea,21.1,A
65.14,188.14,Alseis,49.3,A
51.75,215.51,Cordia,80.4,A
216.68,384.72,Cordia,89.0,A
392.01,365.53,Alseis,58.9,A
419.51,40.99,Eugenia,28.8,A
310.85,181.78,Cordia,185.9,A
72.97,225.98,Eugenia,29.0,A
568.19,84.11,Knema,15.1,A
305.92,317.07,Dipteryx,30.0,A
148.46,199.22,Dipteryx,101.5,A
187.64,307.05,Drypetes,15.7,A
229.93,162.31,Alseis,303.7,A
144.73,93.85,Inga,15.5,A
139.78,93.82,Jacaranda,52.6,A
103.09,313.81,Garcinia,112.0,A
310.03,315.14,Calophyllum,151.3,A
303.86,20.93,Garcinia,295.6,A
154.98,123.08,Nectandra,16.1,A
112.24,151.9,Drypetes,13.1,A
201.92,96.43,Garcinia,26.5,A
232.95,366.91,Alseis,12.9,A
413.93,182.07,Jacaranda,,M
437.5,64.56,Beilschmiedia,13.6,A
206.8,172.5,Dipteryx,,D
244.31,170.43,Hirtella,150.3,A
286.36,169.67,Beilschmiedia,25.1,A
469.73,20.54,Beilschmiedia,91.7,A
538.67,72.91,Licania,196.0,A
149.18,85.84,Guarea,10.8,A
253.61,342.81,Dipteryx,16.8,A
151.3,320.5,Knema,11.1,A
428.67,54.2,Aglaia,50.1,A
93.92,127.04,Inga,13.6,A
148.06,227.29,Faramea,43.5,A
206.54,121.33,Guarea,24.8,A
535.08,176.63,Calophyllum,79.1,A
370.05,210.84,Garcinia,86.5,A
98.64,181.69,Knema,11.0,A
121.79,228.21,Palaquium,249.6,A
21.5,87.93,Swartzia,51.9,A
339.32,8.06,Guarea,20.4,A
307.73,114.09,Beilschmiedia,19.7,A
80.54,241.62,Drypetes,48.1,A
40.89,294.89,Aglaia,,D
388.51,259.48,Licania,17.0,A
323.72,314.22,Aglaia,31.3,A
502.42,128.5,Swartzia,24.0,A
156.44,221.38,Faramea,18.0,A
414.66,75.22,Calophyllum,25.2,A
320.93,390.61,Alseis,141.6,A
137.64,116.94,Quararibea,56.9,A
69.51,145.98,Drypetes,282.8,A
279.96,319.89,Aglaia,18.1,A
195.04,325.59,Hirtella,129.0,A
233.41,252.9,Quararibea,90.8,A
289.11,188.4,Trichilia,222.5,A
214.23,81.63,Quararibea,376.3,A
285.53,151.24,Dipteryx,110.3,A
412.79,173.35,Hirtella,15.5,A
568.16,26.19,Aglaia,10.8,A
375.87,85.01,Aglaia,19.1,A
473.79,183.12,Knema,140.2,A
161.63,214.5,Alseis,88.3,A
51.51,112.59,Hirtella,14.7,A
254.49,284.14,Garcinia,183.3,A
197.34,179.87,Quararibea,47.6,A
387.73,70.23,Garcinia,49.4,A
61.41,143.6,Drypetes,11.7,A
429.41,69.79,Alseis,38.0,A
458.94,190.16,Cordia,11.0,A
12.73,212.53,Hirtella,11.2,A
247.0,173.05,Dipteryx,243.0,A
73.94,109.55,Nectandra,34.4,A
220.27,339.0,Aglaia,14.5,A
321.5,119.55,Macaranga,18.2,A
415.26,149.97,Palaquium,560.4,A
550.67,90.09,Beilschmiedia,117.1,A
217.75,303.01,Faramea,21.7,A
359.21,19.44,Guarea,20.3,A
136.95,69.99,Inga,11.0,A
535.8,49.78,Alseis,32.4,A
589.95,153.04,Faramea,,D
20.1,325.64,Calophyllum,10.5,A
443.25,79.07,Eugenia,70.7,A
489.15,118.75,Eugenia,21.8,A
367.95,179.21,Cordia,23.1,A
96.32,341.78,Knema,11.9,A
251.98,16.77,Ocotea,,D
240.38,57.99,Protium,123.8,A
23.84,157.56,Inga,24.5,A
590.73,70.55,Alseis,125.1,A
149.69,138.56,Cordia,56.6,A
484.14,197.95,Dipteryx,,D
220.72,58.07,Cordia,11.5,A
126.46,232.72,Palaquium,16.1,A
376.89,212.67,Aglaia,35.5,A
31.37,202.75,Aglaia,47.1,A
238.85,263.66,Alseis,82.9,A
167.85,31.48,Alseis,158.0,A
274.88,38.83,Dipteryx,12.4,A
348.2,242.0,Dipteryx,50.9,A
174.74,32.94,Shorea,,D
183.9,62.56,Calophyllum,16.0,A
288.88,333.3,Calophyllum,,D
575.39,67.64,Aglaia,17.9,A
208.77,249.88,Guarea,111.7,A
546.61,43.61,Faramea,34.9,A
38.36,207.43,Aglaia,18.9,A
499.86,57.82,Licania,171.5,A
190.88,311.26,Aglaia,20.7,A
382.29,120.72,Cordia,32.9,A
309.39,362.41,Protium,20.2,A
545.66,88.72,Beilschmiedia,13.5,A
283.34,192.7,Cordia,18.8,A
336.61,248.64,Eugenia,83.4,A
363.67,232.11,Aglaia,43.0,A
99.61,294.66,Guarea,11.8,A
470.29,173.49,Beilschmiedia,,D
175.84,124.7,Palaquium,20.1,A
232.81,280.08,Beilschmiedia,215.9,A
52.99,198.07,Dipteryx,,D
429.76,38.7,Eugenia,41.2,A
461.94,56.72,Licania,18.3,A
82.13,257.7,Alseis,39.8,A
463.69,10.08,Beilschmiedia,,D
498.48,121.0,Guarea,11.2,A
268.85,228.95,Hirtella,153.2,A
119.26,394.87,Beilschmiedia,14.6,A
449.69,177.59,Eugenia,44.7,A
311.51,25.14,Aglaia,64.5,A
173.97,14.7,Alseis,16.2,A
301.39,167.24,Inga,41.2,A
378.08,311.15,Alseis,,D
200.98,218.5,Garcinia,85.4,A
192.4,342.67,Eugenia,24.5,A
317.87,212.62,Faramea,231.1,A
359.51,122.84,Macaranga,,D
555.28,88.17,Calophyllum,859.7,A
125.97,36.47,Cordia,17.8,A
242.72,323.78,Eugenia,12.8,A
267.62,166.71,Licania,48.7,A
550.76,103.53,Beilschmiedia,57.3,A
221.37,271.86,Faramea,377.1,A
146.77,154.91,Alseis,22.6,A
370.67,78.09,Aglaia,18.7,A
172.7,321.14,Drypetes,227.0,A
204.95,62.54,Hirtella,19.7,A
148.23,348.46,Jacaranda,161.4,A
128.85,362.25,Hirtella,10.4,A
326.16,376.7,Dipteryx,99.9,A
136.3,64.45,Inga,15.4,A
196.2,307.97,Drypetes,24.5,A
435.22,55.18,Dipteryx,147.0,A
285.19,44.17,Guarea,31.8,A
399.85,81.97,Aglaia,16.0,A
77.08,323.74,Aglaia,24.8,A
94.54,224.34,Faramea,39.6,A
228.5,343.21,Dipteryx,87.6,A
359.43,331.71,Alseis,10.1,A
383.29,365.27,Tetragastris,18.7,A
164.37,342.5,Cordia,13.1,A
205.2,364.7,Dipteryx,20.2,A
367.96,117.51,Cordia,,D
51.16,48.99,Erythroxylum,47.1,A
95.82,117.82,Alseis,18.4,A
592.54,169.93,Faramea,11.9,A
263.88,197.69,Garcinia,,D
228.92,219.97,Eugenia,12.6,A
63.96,226.36,Drypetes,249.6,A
577.29,79.75,Beilschmiedia,13.8,A
103.2,314.31,Knema,71.4,A
375.06,255.98,Licania,119.1,A
175.94,213.21,Garcinia,11.0,A
329.05,367.75,Guarea,92.1,A
319.11,82.66,Aglaia,56.4,A
272.92,23.27,Aglaia,52.3,A
527.7,134.52,Aglaia,84.5,A
374.73,334.7,Aglaia,52.3,A
30.7,222.31,Calophyllum,,D
405.82,7.21,Calophyllum,14.4,A
161.34,194.93,Calophyllum,367.5,A
155.53,147.24,Alseis,,D
583.35,76.02,Alseis,81.5,A
140.98,57.69,Alseis,29.5,A
327.31,213.11,Garcinia,48.8,A
7.22,203.56,Calophyllum,23.2,A
196.16,307.22,Dipteryx,116.1,A
315.71,161.16,Calophyllum,65.5,A
0.18,397.8,Alseis,20.4,A
247.11,270.7,Alseis,36.2,A
383.73,229.61,Calophyllum,25.0,A
151.05,377.62,Guarea,10.8,A
115.27,212.52,Eugenia,51.8,A
191.44,217.45,Calophyllum,729.9,A
8.02,93.3,Beilschmiedia,15.5,A
12.63,189.85,Guarea,37.3,A
459.26,20.7,Calophyllum,607.7,A
164.54,337.46,Beilschmiedia,52.7,A
76.9,173.27,Alseis,272.6,A
426.4,130.3,Beilschmiedia,21.9,A
227.03,81.78,Eugenia,11.5,A
391.99,313.8,Alseis,58.6,A
35.57,213.25,Garcinia,52.1,A
109.75,215.51,Eugenia,51.3,A
119.15,256.94,Brosimum,11.4,A
237.53,56.18,Knema,,D
227.26,381.57,Calophyllum,23.3,A
379.92,231.84,Aglaia,37.2,A
156.74,44.33,Ocotea,10.8,A
445.01,142.4,Hirtella,14.0,A
311.93,131.21,Swartzia,10.6,A
539.87,58.6,Alseis,18.1,A
384.33,224.38,Eugenia,77.9,A
329.92,157.94,Macaranga,,D
175.24,359.01,Swartzia,12.4,A
397.36,79.24,Macaranga,161.3,A
135.07,158.42,Cordia,63.2,A
308.39,25.39,Aglaia,14.7,A
45.75,214.52,Aglaia,25.5,A
171.99,143.25,Dipteryx,16.7,A
296.1,236.11,Hirtella,,D
164.44,329.6,Guarea,11.1,A
368.25,38.11,Drypetes,,M
134.1,71.56,Cordia,24.3,A
248.15,160.03,Calophyllum,13.2,A
117.4,389.97,Dipteryx,204.5,A
422.69,64.33,Alseis,88.4,A
291.97,0.84,Beilschmiedia,61.7,A
369.53,80.05,Alseis,,D
141.22,255.81,Brosimum,16.9,A
240.47,374.16,Alseis,289.4,A
440.08,68.31,Alseis,104.6,A
45.25,308.68,Faramea,10.1,A
359.98,393.48,Palaquium,18.1,A
387.04,110.03,Alseis,530.3,A
300.05,39.88,Eugenia,,D
207.2,109.72,Cordia,31.2,A
119.67,19.71,Cordia,10.5,A
10.92,245.25,Alseis,40.9,A
298.21,159.99,Beilschmiedia,91.2,A
397.72,324.88,Hirtella,12.5,A
376.43,203.66,Faramea,,D
407.09,107.99,Dipteryx,89.3,A
176.44,374.36,Jacaranda,,D
239.46,234.28,Dipteryx,13.5,A
152.4,128.69,Calophyllum,10.0,A
582.6,103.05,Alseis,10.7,A
379.27,236.7,Dipteryx,14.4,A
252.33,166.25,Rinorea,45.0,A
445.3,110.76,Hirtella,13.8,A
213.74,98.42,Aglaia,,D
8.61,131.8,Aglaia,10.2,A
154.63,134.99,Protium,,D
299.77,239.37,Faramea,379.9,A
569.03,94.47,Knema,70.9,A
269.44,243.14,Sloanea,11.6,A
104.19,233.11,Aglaia,30.5,A
81.7,181.57,Alseis,11.9,A
43.29,82.19,Cordia,65.3,A
156.29,43.54,Nectandra,16.8,A
144.62,385.08,Alseis,51.3,A
62.81,236.93,Guarea,,D
393.56,70.92,Garcinia,,D
303.13,144.6,Inga,19.7,A
359.46,58.0,Macaranga,153.8,A
164.23,152.73,Calophyllum,209.0,A
341.45,26.1,Jacaranda,,D
541.5,98.7,Beilschmiedia,46.7,A
244.45,79.73,Faramea,16.4,A
391.62,328.62,Alseis,85.4,A
396.4,120.64,Ficus,110.3,A
164.47,171.98,Gustavia,12.8,A
50.72,362.82,Guarea,26.9,A
519.31,81.04,Hirtella,133.4,A
289.54,20.57,Cordia,20.8,A
161.02,261.01,Alseis,24.3,A
451.29,50.33,Calophyllum,79.1,A
142.16,24.36,Hirtella,21.2,A
286.7,342.12,Aglaia,11.5,A
70.97,22.11,Dipteryx,53.7,A
164.25,207.06,Dipteryx,22.9,A
491.45,136.23,Beilschmiedia,,D
393.0,155.53,Faramea,36.3,A
176.87,225.23,Hirtella,14.6,A
221.87,94.77,Knema,,D
28.16,150.52,Drypetes,169.8,A
354.31,382.65,Cordia,52.4,A
305.02,362.11,Alseis,209.9,A
525.08,120.81,Calophyllum,357.9,A
11.95,386.03,Eugenia,12.1,A
48.02,9.84,Macaranga,44.5,A
73.14,58.15,Alseis,11.7,A
313.14,180.26,Faramea,176.4,A
150.5,35.04,Calophyllum,67.6,A
205.09,219.04,Drypetes,23.6,A
194.66,371.12,Aglaia,148.1,A
74.5,195.55,Nectandra,,D
531.15,189.36,Beilschmiedia,27.1,A
587.28,141.02,Dipteryx,15.5,A
253.17,285.79,Cordia,92.4,A
251.82,325.09,Beilschmiedia,31.1,A
240.41,334.42,Guarea,,D
536.69,142.42,Cordia,20.6,A
5.87,2.64,Licania,16.7,A
113.26,24.9,Alseis,31.6,A
153.72,253.62,Cordia,,D
280.48,154.77,Dipteryx,398.2,A
370.86,61.92,Xylopia,39.0,A
65.46,169.81,Protium,27.9,A
479.66,87.9,Drypetes,24.5,A
318.23,393.08,Cupania,27.2,A
575.49,76.89,Eugenia,26.7,A
437.96,147.14,Cordia,,M
315.11,153.08,Dipteryx,92.3,A
13.12,275.92,Eugenia,10.9,A
180.27,362.96,Alseis,523.8,A
557.39,93.14,Beilschmiedia,20.7,A
307.64,145.24,Cordia,43.8,A
71.9,104.57,Inga,52.0,A
285.36,367.3,Calophyllum,292.6,A
427.31,126.59,Beilschmiedia,11.9,A
493.62,40.31,Licania,104.8,A
32.54,299.59,Calophyllum,560.7,A
150.43,124.3,Jacaranda,20.5,A
529.38,94.29,Macaranga,23.1,A
474.28,35.22,Knema,,D
593.35,74.14,Aglaia,94.5,A
516.04,130.55,Cordia,24.3,A
293.44,157.09,Beilschmiedia,43.9,A
19.97,210.84,Guarea,19.1,A
123.77,170.26,Dipteryx,67.3,A
517.09,150.75,Guarea,46.3,A
220.62,285.09,Garcinia,24.8,A
167.14,76.59,Guarea,17.9,A
452.88,141.01,Hirtella,20.1,A
164.34,64.04,Hirtella,99.8,A
106.37,171.98,Guarea,23.5,A
252.83,209.88,Dipteryx,,D
586.31,73.09,Beilschmiedia,24.2,A
133.16,122.02,Garcinia,14.6,A
317.8,305.53,Aglaia,151.7,A
471.73,133.54,Cordia,72.2,A
41.14,270.81,Faramea,139.1,A
167.91,137.51,Nectandra,13.6,A
91.31,110.78,Calophyllum,12.7,A
52.71,394.29,Quararibea,185.2,A
372.18,242.01,Aglaia,,D
220.66,140.82,Ocotea,24.5,A
100.79,36.58,Eugenia,110.1,A
476.11,159.5,Beilschmiedia,,D
58.55,149.45,Alseis,36.2,A
336.46,239.46,Cecropia,63.7,A
40.01,147.19,Guarea,23.8,A
83.19,288.05,Dipteryx,169.2,A
182.32,275.26,Cordia,14.1,A
239.43,329.26,Beilschmiedia,29.8,A
47.68,57.38,Erythroxylum,269.9,A
59.73,88.2,Eugenia,91.5,A
97.65,268.6,Alseis,256.1,A
112.55,228.02,Faramea,11.5,A
17.34,372.83,Beilschmiedia,26.5,A
299.81,362.47,Alseis,13.0,A
286.93,178.95,Inga,132.5,A
535.97,176.53,Rinorea,,D
183.56,314.05,Drypetes,12.2,A
194.71,361.31,Cupania,,D
31.99,368.6,Beilschmiedia,103.9,A
162.67,290.47,Guarea,234.6,A
210.31,318.5,Garcinia,14.8,A
292.72,388.34,Calophyllum,56.7,A
323.39,121.66,Beilschmiedia,,D
103.24,37.71,Eugenia,20.5,A
242.71,169.14,Alseis,22.2,A
567.68,82.47,Beilschmiedia,137.0,A
378.61,11.26,Alseis,439.0,A
310.92,132.55,Hirtella,36.4,A
213.47,228.12,Aglaia,101.2,A
586.43,190.28,Guarea,19.7,A
349.35,176.78,Jacaranda,14.2,A
136.04,53.82,Macaranga,12.6,A
70.92,283.51,Aglaia,27.5,A
365.86,225.14,Alseis,28.6,A
340.05,244.79,Cecropia,267.1,A
329.1,325.17,Calophyllum,22.0,A
359.24,74.37,Aglaia,21.2,A
105.35,293.43,Garcinia,15.5,A
33.75,338.19,Aglaia,26.2,A
108.65,77.59,Aglaia,30.1,A
204.32,179.28,Knema,22.3,A
348.31,380.12,Palaquium,109.6,A
33.64,321.26,Jacaranda,78.5,A
100.87,158.32,Calophyllum,24.4,A
136.39,266.09,Brosimum,,D
421.54,38.04,Eugenia,89.6,A
61.6,218.6,Alseis,64.9,A
142.21,298.16,Diospyros,11.5,A
549.91,113.11,Beilschmiedia,270.0,A
118.86,283.7,Cordia,46.6,A
73.36,299.62,Aglaia,27.7,A
168.28,136.5,Licania,36.4,A
108.89,306.86,Calophyllum,10.9,A
219.73,317.56,Aglaia,56.9,A
71.45,18.83,Cordia,20.6,A
260.08,312.77,Cordia,24.2,A
57.17,322.77,Knema,176.3,A
288.27,295.11,Dipteryx,107.7,A
333.04,186.84,Cordia,26.3,A
215.56,331.11,Calophyllum,296.1,A
356.1,280.01,Shorea,46.5,A
184.54,205.93,Calophyllum,53.8,A
190.69,333.78,Nectandra,13.1,A
384.71,105.15,Alseis,18.9,A
358.11,372.06,Aglaia,77.7,A
40.3,313.33,Aglaia,31.0,A
214.83,328.83,Trichilia,17.2,A
408.31,67.12,Macaranga,64.2,A
60.7,250.62,Drypetes,10.2,A
173.25,339.39,Beilschmiedia,27.8,A
411.29,138.39,Beilschmiedia,85.4,A
220.51,260.99,Aglaia,10.8,A
493.02,107.12,Guarea,16.2,A
158.93,337.36,Hirtella,83.5,A
189.42,260.31,Faramea,12.1,A
514.3,105.8,Cordia,20.7,A
263.99,197.68,Garcinia,28.5,A
2.63,281.57,Jacaranda,26.5,A
364.78,193.8,Calophyllum,173.3,A
24.79,118.18,Alseis,24.6,A
363.89,314.75,Cordia,68.9,A
569.65,44.81,Dipteryx,,D
234.21,278.55,Beilschmiedia,11.0,A
60.48,262.72,Guarea,39.2,A
200.98,398.91,Cupania,10.9,A
214.67,320.55,Aglaia,36.2,A
185.3,144.6,Sloanea,12.6,A
118.73,179.98,Cordia,13.2,A
49.36,30.16,Calophyllum,17.6,A
417.88,29.32,Calophyllum,58.1,A
380.06,246.52,Guarea,19.8,A
154.63,235.27,Knema,65.0,A
544.28,122.5,Faramea,,M
504.32,113.31,Dipteryx,19.7,A
62.44,262.35,Eugenia,17.8,A
24.1,300.61,Faramea,12.0,A
342.84,354.57,Alseis,118.1,A
152.57,56.43,Inga,33.6,A
214.1,318.66,Drypetes,,M
338.94,343.94,Dipteryx,,D
176.3,256.8,Hirtella,13.0,A
289.0,0.81,Aglaia,50.6,A
373.63,308.92,Aglaia,25.6,A
239.79,84.29,Dipteryx,138.2,A
312.58,105.73,Jacaranda,82.0,A
327.77,108.28,Calophyllum,296.8,A
16.21,91.13,Beilschmiedia,33.1,A
100.4,99.01,Inga,15.9,A
346.69,258.97,Calophyllum,57.7,A
145.53,229.45,Dipteryx,188.3,A
206.44,251.1,Calophyllum,669.5,A
313.35,31.74,Aglaia,21.8,A
371.08,75.59,Alseis,11.1,A
156.5,137.59,Beilschmiedia,142.7,A
40.22,147.38,Inga,16.3,A
107.68,77.18,Hirtella,10.9,A
76.7,266.34,Drypetes,17.2,A
163.79,370.97,Alseis,60.5,A
379.93,244.82,Garcinia,114.4,A
558.6,95.27,Beilschmiedia,27.4,A
235.67,106.16,Jacaranda,17.9,A
149.97,368.77,Guarea,32.4,A
336.57,182.91,Macaranga,15.0,A
81.56,116.29,Protium,10.3,A
14.43,78.55,Cordia,190.3,A
567.0,171.62,Dipteryx,366.3,A
94.1,396.88,Beilschmiedia,13.2,A
62.24,130.4,Inga,,D
545.89,21.88,Guarea,52.6,A
224.4,72.88,Alseis,507.0,A
373.58,303.73,Calophyllum,56.8,A
239.77,289.85,Aglaia,15.4,A
580.68,103.51,Beilschmiedia,49.4,A
155.15,283.31,Jacaranda,10.0,A
410.35,180.27,Palaquium,27.0,A
223.9,299.35,Ocotea,116.9,A
166.11,18.9,Alseis,159.8,A
175.2,220.71,Aglaia,11.5,A
181.16,191.03,Drypetes,70.2,A
439.44,7.78,Beilschmiedia,20.6,A
255.59,186.17,Faramea,625.5,A
202.52,354.9,Aglaia,136.0,A
61.36,76.19,Alseis,16.7,A
353.08,323.62,Macaranga,25.8,A
203.28,102.2,Dipteryx,49.8,A
65.39,271.93,Dipteryx,158.3,A
500.51,50.42,Calophyllum,482.8,A
167.23,341.66,Beilschmiedia,11.9,A
231.44,38.47,Garcinia,11.6,A
44.08,62.13,Calophyllum,35.8,A
333.15,150.26,Dipteryx,26.9,A
194.45,218.06,Dipteryx,13.5,A
4.97,345.42,Dipteryx,,D
337.61,70.31,Ficus,102.4,A
84.39,289.9,Aglaia,34.9,A
148.24,137.79,Calophyllum,24.2,A
242.36,196.17,Calophyllum,13.1,A
207.09,315.35,Faramea,190.8,A
146.89,266.73,Alseis,28.8,A
219.59,164.71,Guarea,,D
404.26,125.37,Aglaia,17.5,A
217.77,163.19,Cordia,13.6,A
421.22,59.14,Aglaia,10.0,A
33.56,97.92,Drypetes,10.7,A
348.98,119.01,Ficus,,D
153.34,212.0,Drypetes,16.2,A
247.65,367.99,Alseis,63.2,A
397.11,362.32,Alseis,17.1,A
397.83,110.97,Aglaia,63.0,A
198.83,218.05,Cordia,10.1,A
427.67,152.82,Nectandra,11.1,A
342.07,215.38,Alseis,127.5,A
276.48,329.01,Alseis,71.5,A
53.3,255.08,Eugenia,43.0,A
359.48,249.28,Cecropia,143.2,A
115.01,185.81,Rinorea,41.0,A
245.63,59.7,Calophyllum,11.6,A
463.04,141.25,Drypetes,177.9,A
78.05,367.14,Hirtella,117.7,A
398.84,363.08,Tetragastris,78.2,A
269.56,360.18,Ocotea,32.4,A
198.61,210.88,Drypetes,59.8,A
389.83,56.05,Aglaia,34.3,A
290.21,41.09,Calophyllum,17.9,A
462.13,32.71,Calophyllum,24.2,A
312.04,114.28,Beilschmiedia,234.5,A
299.51,317.85,Aglaia,61.4,A
206.3,226.16,Garcinia,,D
185.41,110.18,Palaquium,53.5,A
152.14,128.78,Beilschmiedia,20.2,A
203.79,339.31,Eugenia,42.9,A
546.23,99.32,Beilschmiedia,46.6,A
129.28,314.51,Cordia,35.9,A
390.2,339.44,Aglaia,10.3,A
400.27,70.54,Beilschmiedia,10.6,A
525.17,97.91,Hirtella,20.1,A
106.33,221.11,Anacardium,15.7,A
428.17,60.34,Alseis,17.7,A
98.6,186.3,Aglaia,78.0,A
236.31,274.55,Beilschmiedia,15.4,A
56.44,133.79,Virola,16.2,A
273.69,39.11,Guarea,18.0,A
6.43,159.3,Jacaranda,24.4,A
8.08,266.6,Alseis,117.2,A
82.45,130.98,Dipteryx,89.1,A
122.89,80.54,Swartzia,17.9,A
410.44,122.59,Alseis,,D
85.51,78.96,Alseis,55.2,A
384.32,42.83,Knema,130.0,A
191.51,382.3,Ocotea,16.7,A
240.82,167.17,Alseis,29.9,A
439.15,165.1,Faramea,218.4,A
576.59,80.28,Beilschmiedia,,D
462.1,26.57,Eugenia,39.1,A
2.29,390.06,Beilschmiedia,18.4,A
44.57,176.03,Calophyllum,13.4,A
79.8,226.73,Quararibea,,M
222.13,230.75,Drypetes,,M
52.22,308.75,Alseis,12.6,A
145.97,254.44,Drypetes,84.3,A
311.99,190.59,Inga,20.5,A
391.56,50.71,Inga,14.4,A
105.01,48.63,Aglaia,,D
318.59,27.72,Calophyllum,54.5,A
221.9,99.38,Garcinia,256.7,A
334.74,283.87,Dipteryx,18.0,A
84.2,367.25,Aglaia,63.1,A
223.01,267.87,Aglaia,,D
194.13,241.64,Drypetes,15.1,A
146.71,159.1,Guarea,27.0,A
95.4,273.52,Alseis,,M
188.5,5.93,Alseis,33.1,A
437.08,60.04,Aglaia,22.0,A
92.02,234.64,Drypetes,300.8,A
552.1,96.54,Jacaranda,29.7,A
196.46,226.02,Aglaia,24.1,A
249.85,303.76,Aglaia,35.6,A
156.23,304.74,Hirtella,116.2,A
140.03,127.82,Calophyllum,85.9,A
261.25,226.26,Garcinia,,D
222.47,88.76,Shorea,16.9,A
205.9,348.1,Aglaia,,D
121.82,301.16,Guarea,40.1,A
86.6,65.26,Cordia,96.1,A
547.26,20.77,Ocotea,27.4,A
122.29,169.62,Cordia,13.7,A
76.0,375.05,Beilschmiedia,22.0,A
197.58,303.39,Protium,127.1,A
376.55,69.56,Guarea,11.3,A
43.18,167.91,Alseis,324.7,A
368.33,55.81,Alseis,,D
46.86,168.82,Dipteryx,127.7,A
72.52,340.51,Calophyllum,71.0,A
70.5,162.98,Cordia,14.6,A
219.81,159.32,Guarea,12.5,A
124.82,47.56,Calophyllum,32.5,A
339.4,290.87,Alseis,65.8,A
223.02,260.05,Faramea,43.2,A
183.47,319.96,Faramea,14.6,A
545.15,63.42,Faramea,37.9,A
575.94,58.57,Aglaia,36.0,A
335.64,245.89,Cecropia,13.7,A
190.92,226.5,Calophyllum,22.0,A
368.23,206.26,Alseis,77.7,A
189.12,2.73,Cordia,20.2,A
360.39,55.04,Ficus,12.2,A
246.95,47.34,Hirtella,90.2,A
317.73,94.82,Ocotea,123.6,A
92.68,246.66,Macaranga,22.9,A
496.81,90.8,Drypetes,10.6,A
436.69,52.06,Aglaia,66.7,A
30.44,275.82,Drypetes,89.1,A
116.34,218.78,Eugenia,93.0,A
405.96,41.08,Inga,15.3,A
421.64,18.85,Drypetes,28.4,A
159.04,213.16,Macaranga,44.9,A
318.71,233.21,Guarea,16.3,A
466.01,12.49,Knema,231.1,A
332.24,92.04,Dipteryx,20.7,A
215.73,235.03,Beilschmiedia,55.9,A
245.51,217.67,Faramea,,D
225.45,12.34,Anacardium,21.1,A
431.72,147.22,Beilschmiedia,16.4,A
513.5,25.73,Guarea,11.5,A
39.09,239.3,Drypetes,23.7,A
144.01,388.92,Quararibea,12.1,A
586.46,8.77,Faramea,158.0,A
165.92,277.44,Dipteryx,24.8,A
150.27,306.43,Faramea,,D
193.61,156.6,Calophyllum,122.8,A
35.78,313.17,Garcinia,117.0,A
26.9,319.81,Calophyllum,41.3,A
124.37,295.7,Knema,80.0,A
0.01,118.75,Aglaia,46.3,A
254.21,212.32,Swartzia,19.6,A
87.54,180.58,Cordia,20.9,A
135.52,280.0,Hirtella,,D
306.76,287.23,Aglaia,,D
492.97,111.25,Drypetes,196.7,A
394.69,18.72,Alseis,78.5,A
367.19,392.01,Palaquium,475.8,A
220.35,203.73,Aglaia,52.8,A
49.51,261.68,Nectandra,44.5,A
31.49,113.69,Alseis,14.3,A
553.1,96.65,Beilschmiedia,41.5,A
239.66,176.1,Alseis,,D
86.07,81.83,Nectandra,145.4,A
335.69,382.15,Alseis,241.0,A
228.43,311.28,Calophyllum,27.6,A
22.34,338.5,Drypetes,17.5,A
167.37,154.53,Palaquium,59.9,A
324.58,163.26,Inga,59.2,A
22.05,358.08,Cordia,11.9,A
377.65,251.9,Beilschmiedia,28.1,A
121.23,149.19,Beilschmiedia,15.8,A
425.04,120.26,Guarea,102.2,A
388.78,163.16,Faramea,677.6,A
517.4,30.29,Drypetes,457.3,A
19.52,148.63,Inga,11.0,A
276.96,272.44,Aglaia,48.3,A
242.96,22.52,Jacaranda,19.7,A
99.5,339.11,Aglaia,28.9,A
205.57,237.98,Beilschmiedia,201.9,A
103.9,132.2,Cordia,139.4,A
208.86,33.82,Alseis,237.2,A
210.72,149.68,Dipteryx,80.6,A
225.4,105.56,Garcinia,50.8,A
180.62,137.52,Aglaia,21.2,A
281.59,7.1,Beilschmiedia,31.7,A
238.91,177.45,Eugenia,28.9,A
42.84,258.13,Drypetes,67.7,A
217.0,285.23,Hirtella,123.2,A
181.4,213.08,Drypetes,19.0,A
369.19,250.66,Beilschmiedia,11.6,A
374.45,228.8,Garcinia,16.6,A
212.25,232.2,Cordia,12.0,A
320.07,115.81,Jacaranda,,M
383.56,233.56,Calophyllum,67.9,A
31.12,77.01,Calophyllum,105.7,A
283.43,8.69,Garcinia,17.4,A
174.72,306.05,Aglaia,35.1,A
168.37,105.49,Calophyllum,13.2,A
249.49,13.32,Alseis,11.3,A
74.43,83.58,Cordia,21.6,A
564.62,48.05,Aglaia,74.5,A
173.32,194.14,Ocotea,20.7,A
386.38,226.56,Jacaranda,11.6,A
69.18,264.54,Calophyllum,237.8,A
322.87,132.16,Ficus,10.5,A
203.28,103.87,Garcinia,42.7,A
311.92,303.56,Nectandra,47.8,A
291.49,193.67,Eugenia,36.2,A
375.78,80.78,Garcinia,24.1,A
225.56,292.02,Faramea,58.0,A
312.35,311.68,Protium,47.4,A
547.38,166.89,Beilschmiedia,213.1,A
138.96,145.84,Dipteryx,103.4,A
34.77,167.61,Aglaia,,D
333.71,349.2,Trichilia,14.6,A
20.33,281.84,Guarea,31.0,A
583.32,132.69,Faramea,18.7,A
336.08,378.52,Aglaia,24.0,A
407.02,26.07,Alseis,46.0,A
146.17,164.51,Hirtella,81.1,A
246.84,180.29,Knema,35.4,A
214.7,228.95,Garcinia,72.0,A
163.67,323.36,Aglaia,67.2,A
388.99,109.28,Calophyllum,,D
119.84,109.7,Calophyllum,14.8,A
304.67,122.23,Beilschmiedia,30.1,A
301.13,269.48,Jacaranda,174.8,A
101.89,100.48,Drypetes,68.9,A
97.16,233.88,Garcinia,27.9,A
502.91,19.06,Faramea,90.6,A
184.36,232.19,Drypetes,278.6,A
126.04,109.7,Garcinia,19.2,A
468.56,127.21,Rinorea,16.8,A
53.15,220.3,Eugenia,14.3,A
447.48,59.26,Beilschmiedia,21.1,A
45.85,364.76,Knema,419.9,A
37.67,353.92,Dipteryx,10.1,A
436.05,44.07,Calophyllum,36.4,A
68.81,300.38,Drypetes,24.7,A
208.87,227.03,Eugenia,12.0,A
123.38,36.74,Aglaia,26.5,A
20.08,232.39,Knema,47.4,A
566.16,81.21,Beilschmiedia,125.0,A
571.54,174.51,Tetragastris,13.2,A
289.25,273.75,Dipteryx,146.3,A
402.2,141.71,Guarea,,D
223.45,334.96,Hirtella,,D
107.77,191.57,Cordia,175.8,A
369.87,180.95,Cordia,84.3,A
521.78,107.33,Calophyllum,61.5,A
521.15,113.71,Aglaia,18.8,A
110.4,123.68,Alseis,23.4,A
159.27,195.21,Cordia,15.0,A
219.44,227.0,Drypetes,10.9,A
348.49,62.87,Guarea,,D
178.38,35.01,Alseis,45.8,A
192.68,91.17,Garcinia,29.5,A
341.84,280.36,Alseis,116.1,A
156.42,177.92,Quararibea,17.6,A
567.88,67.3,Beilschmiedia,64.7,A
337.87,237.21,Eugenia,32.5,A
17.07,258.27,Alseis,24.8,A
241.35,335.93,Beilschmiedia,103.4,A
265.81,167.75,Guarea,16.0,A
6.19,352.71,Beilschmiedia,10.2,A
100.96,291.83,Drypetes,70.0,A
351.93,235.01,Sloanea,13.8,A
313.29,304.18,Aglaia,51.3,A
329.28,313.63,Alseis,15.4,A
528.23,172.51,Beilschmiedia,46.0,A
88.13,351.53,Beilschmiedia,51.1,A
556.56,41.41,Jacaranda,20.8,A
514.9,125.57,Guarea,,D
334.07,359.33,Alseis,155.3,A
202.11,84.59,Dipteryx,18.1,A
32.66,151.08,Hirtella,30.7,A
91.94,343.71,Aglaia,17.7,A
5.61,239.08,Calophyllum,18.2,A
115.58,52.87,Aglaia,74.0,A
55.91,37.54,Licania,31.2,A
189.58,11.84,Alseis,12.5,A
94.73,50.97,Aglaia,15.3,A
62.63,130.44,Inga,17.3,A
236.24,173.28,Dipteryx,254.6,A
505.72,142.05,Drypetes,23.9,A
495.68,126.25,Drypetes,78.2,A
28.84,299.29,Faramea,,D
404.11,35.59,Inga,10.0,A
52.8,337.67,Rinorea,64.7,A
54.74,149.24,Drypetes,17.3,A
303.79,45.59,Aglaia,18.9,A
238.47,348.26,Eugenia,65.7,A
278.81,170.82,Trichilia,,D
20.91,28.0,Licania,215.6,A
111.01,215.41,Hirtella,10.1,A
225.57,26.19,Hirtella,13.0,A
6.62,306.0,Sloanea,17.5,A
204.53,291.82,Cordia,67.0,A
344.04,219.31,Cordia,15.1,A
391.3,279.19,Licania,192.1,A
157.07,307.85,Alseis,27.8,A
88.58,80.32,Cordia,,D
300.92,304.25,Calophyllum,169.6,A
13.79,41.41,Cordia,173.7,A
143.84,2.06,Jacaranda,30.9,A
153.09,295.84,Calophyllum,18.7,A
43.67,167.27,Aglaia,15.9,A
310.19,222.39,Inga,11.6,A
507.37,70.95,Licania,12.7,A
303.19,95.5,Calophyllum,68.5,A
144.64,189.9,Calophyllum,192.2,A
100.94,308.45,Guarea,39.4,A
235.78,281.42,Alseis,147.5,A
57.54,273.46,Eugenia,12.1,A
288.71,236.77,Calophyllum,83.7,A
590.41,7.92,Guarea,18.2,A
120.19,217.5,Eugenia,17.6,A
22.0,137.85,Garcinia,57.8,A
528.89,51.23,Calophyllum,,M
212.62,307.36,Faramea,16.3,A
525.77,28.65,Xylopia,52.5,A
124.98,305.62,Calophyllum,11.3,A
470.62,93.27,Cordia,75.9,A
385.59,245.02,Beilschmiedia,15.4,A
189.63,14.18,Ocotea,14.2,A
560.52,168.23,Hirtella,30.9,A
392.18,133.5,Hirtella,119.9,A
222.9,259.96,Dipteryx,22.1,A
61.72,294.77,Knema,152.4,A
102.31,104.25,Inga,27.0,A
114.45,382.82,Dipteryx,12.3,A
383.96,234.06,Beilschmiedia,69.0,A
386.94,306.73,Alseis,192.2,A
13.16,314.11,Dipteryx,34.9,A
252.49,304.3,Dipteryx,70.4,A
39.26,240.8,Eugenia,19.4,A
313.74,90.75,Ficus,22.5,A
316.39,236.26,Hirtella,22.0,A
486.05,78.19,Dipteryx,10.9,A
209.91,14.98,Faramea,112.0,A
252.82,323.05,Dipteryx,87.6,A
528.43,158.22,Aglaia,36.2,A
295.95,269.52,Cordia,85.4,A
221.4,19.71,Faramea,73.2,A
277.24,175.1,Licania,12.0,A
463.91,166.8,Beilschmiedia,53.0,A
575.32,109.67,Shorea,33.0,A
95.41,393.31,Beilschmiedia,37.6,A
146.36,15.71,Cordia,143.7,A
367.6,316.6,Licania,80.1,A
288.64,349.84,Aglaia,12.1,A
209.94,253.82,Dipteryx,52.2,A
458.49,25.06,Beilschmiedia,12.2,A
321.79,387.08,Trichilia,33.8,A
7.87,394.15,Cordia,69.0,A
121.61,121.59,Alseis,19.9,A
108.38,399.37,Beilschmiedia,186.4,A
453.38,57.21,Macaranga,208.9,A
415.66,17.96,Beilschmiedia,13.7,A
5.26,171.96,Inga,15.5,A
371.28,377.19,Palaquium,26.4,A
200.17,307.72,Faramea,129.6,A
48.86,131.63,Virola,11.3,A
236.96,316.79,Beilschmiedia,,D
457.28,76.37,Drypetes,21.6,A
318.54,147.02,Trichilia,421.1,A
11.13,246.69,Knema,621.2,A
231.25,208.1,Drypetes,30.9,A
154.29,297.65,Alseis,22.4,A
318.23,4.54,Garcinia,18.6,A
200.48,254.09,Drypetes,347.1,A
199.02,254.97,Beilschmiedia,31.1,A
445.4,83.19,Alseis,19.1,A
208.38,386.13,Cordia,43.0,A
437.65,63.84,Macaranga,11.9,A
268.87,324.29,Aglaia,45.0,A
370.83,300.3,Licania,13.7,A
580.34,169.89,Guarea,106.1,A
328.39,204.85,Faramea,48.5,A
478.31,124.81,Eugenia,111.3,A
110.11,215.16,Calophyllum,20.4,A
134.12,13.67,Alseis,81.5,A
140.8,90.2,Calophyllum,146.4,A
358.78,370.51,Aglaia,,D
7.63,111.07,Alseis,240.9,A
369.09,315.86,Cordia,122.9,A
578.88,87.61,Beilschmiedia,62.2,A
359.43,82.06,Jacaranda,24.5,A
425.17,132.7,Cordia,171.9,A
460.82,115.85,Licania,41.2,A
591.32,54.53,Guarea,20.0,A
156.81,14.42,Nectandra,74.5,A
218.19,110.87,Hirtella,17.7,A
303.47,275.24,Dipteryx,,M
174.67,93.14,Jacaranda,104.8,A
348.56,345.95,Eugenia,,D
6.78,124.23,Aglaia,43.2,A
190.4,223.53,Drypetes,24.8,A
313.8,197.72,Faramea,18.9,A
487.26,148.14,Beilschmiedia,68.9,A
383.55,197.91,Guarea,10.7,A
98.75,339.45,Cordia,12.3,A
73.72,339.16,Calophyllum,23.0,A
185.35,333.03,Beilschmiedia,24.9,A
417.65,125.22,Alseis,18.2,A
178.72,136.34,Dipteryx,12.5,A
457.84,165.37,Beilschmiedia,45.6,A
510.39,98.61,Calophyllum,11.8,A
390.74,6.41,Alseis,373.9,A
273.28,293.24,Cordia,37.6,A
118.51,326.52,Garcinia,76.4,A
294.54,181.38,Faramea,23.0,A
435.54,181.61,Cordia,18.2,A
405.18,105.7,Protium,16.5,A
385.75,118.38,Aglaia,16.0,A
481.9,82.05,Beilschmiedia,32.9,A
520.67,29.96,Faramea,168.8,A
534.59,165.85,Beilschmiedia,10.9,A
116.6,220.75,Macaranga,21.7,A
376.71,351.78,Aglaia,78.6,A
291.99,350.67,Aglaia,106.4,A
5.77,292.27,Drypetes,30.6,A
198.94,306.76,Dipteryx,19.7,A
112.88,349.59,Calophyllum,17.3,A
169.43,129.18,Jacaranda,17.9,A
285.21,5.51,Dipteryx,34.8,A
575.15,77.7,Eugenia,31.3,A
410.91,125.07,Aglaia,12.9,A
191.01,193.76,Garcinia,43.0,A
179.38,366.99,Rinorea,36.1,A
518.15,30.12,Drypetes,,D
33.86,160.0,Cordia,19.4,A
483.87,51.93,Dipteryx,69.9,A
379.77,325.89,Aglaia,13.8,A
218.2,43.06,Ocotea,,D
362.7,249.5,Aglaia,106.7,A
141.77,98.57,Calophyllum,218.3,A
545.72,130.23,Guarea,23.4,A
332.33,86.44,Cecropia,11.8,A
178.98,46.8,Protium,71.5,A
374.56,323.72,Aglaia,14.6,A
344.9,150.79,Cordia,37.2,A
46.45,399.96,Cordia,155.5,A
95.77,122.52,Alseis,46.2,A
372.76,40.14,Jacaranda,18.9,A
176.45,364.68,Rinorea,,D
448.62,49.63,Beilschmiedia,257.5,A
358.45,346.57,Jacaranda,127.5,A
408.04,122.11,Ocotea,11.3,A
62.89,332.24,Nectandra,26.9,A
439.04,198.53,Garcinia,22.2,A
34.71,236.85,Ocotea,234.9,A
208.27,343.05,Hirtella,33.1,A
500.79,11.59,Eugenia,47.7,A
363.4,69.26,Aglaia,26.9,A
221.13,355.41,Luehea,94.3,A
206.51,3.88,Anacardium,36.6,A
66.57,297.65,Aglaia,,D
284.31,338.15,Alseis,12.9,A
196.46,98.8,Licania,20.0,A
36.17,47.12,Calophyllum,24.7,A
111.64,28.39,Xylopia,14.8,A
322.31,224.83,Ocotea,19.0,A
411.87,82.85,Beilschmiedia,230.8,A
206.29,34.53,Sloanea,67.3,A
29.58,95.64,Hirtella,,D
435.19,58.21,Aglaia,85.1,A
5.76,184.8,Anacardium,16.1,A
149.55,247.41,Sloanea,24.1,A
104.85,122.98,Drypetes,83.6,A
220.83,195.43,Drypetes,,M
178.03,324.32,Aglaia,40.7,A
206.19,226.23,Garcinia,95.5,A
32.52,172.66,Macaranga,13.3,A
39.81,152.7,Drypetes,205.7,A
305.97,172.41,Ocotea,19.3,A
362.48,206.86,Macaranga,37.4,A
60.17,253.82,Calophyllum,91.9,A
155.53,13.73,Guarea,27.4,A
130.76,212.63,Cordia,13.7,A
335.95,123.4,Beilschmiedia,25.3,A
564.83,73.29,Hirtella,55.1,A
142.86,107.99,Dipteryx,12.4,A
405.27,11.46,Nectandra,31.2,A
545.08,164.51,Rinorea,121.0,A
206.7,232.18,Cordia,109.5,A
170.02,137.76,Palaquium,,D
404.06,23.41,Hirtella,28.8,A
77.92,115.03,Drypetes,15.2,A
421.3,39.82,Inga,21.2,A
41.88,370.62,Beilschmiedia,56.5,A
251.15,30.79,Faramea,23.8,A
373.3,161.6,Macaranga,13.7,A
57.09,273.79,Hirtella,65.8,A
255.02,216.3,Dipteryx,66.2,A
291.94,10.07,Beilschmiedia,147.5,A
207.23,166.05,Licania,212.7,A
595.17,50.22,Dipteryx,27.3,A
72.35,87.86,Alseis,267.7,A
288.77,25.7,Aglaia,45.2,A
510.82,78.78,Drypetes,20.4,A
29.06,27.17,Nectandra,15.1,A
422.19,46.14,Swartzia,,D
385.57,266.47,Licania,76.5,A
237.13,275.55,Alseis,26.0,A
392.21,274.08,Calophyllum,71.7,A
117.56,238.49,Palaquium,116.7,A
445.9,57.19,Inga,44.7,A
177.72,315.2,Drypetes,11.3,A
374.83,232.21,Alseis,108.2,A
223.81,29.46,Dipteryx,35.8,A
513.32,96.78,Beilschmiedia,16.6,A
11.38,151.26,Aglaia,112.6,A
77.7,373.0,Beilschmiedia,57.9,A
189.74,223.81,Drypetes,,D
356.84,4.88,Dipteryx,80.5,A
83.83,368.36,Aglaia,,D
414.01,70.33,Inga,21.2,A
175.51,157.29,Calophyllum,12.9,A
57.73,292.31,Aglaia,78.8,A
197.82,199.12,Aglaia,24.3,A
134.12,193.61,Cordia,84.3,A
529.24,50.88,Calophyllum,,M
370.07,241.82,Beilschmiedia,78.8,A
292.95,260.08,Cordia,32.9,A
593.9,77.15,Eugenia,,D
435.06,67.89,Beilschmiedia,27.4,A
226.48,256.41,Calophyllum,10.6,A
57.92,397.36,Cordia,12.4,A
346.07,269.39,Cecropia,23.4,A
132.94,75.19,Xylopia,13.3,A
54.79,307.98,Aglaia,31.4,A
44.88,218.28,Drypetes,10.2,A
207.89,104.15,Garcinia,84.9,A
272.04,22.17,Aglaia,11.2,A
126.86,103.14,Shorea,46.9,A
17.06,157.67,Shorea,33.0,A
469.79,6.52,Beilschmiedia,36.8,A
335.79,173.73,Nectandra,35.5,A
181.11,174.08,Licania,14.4,A
160.05,374.91,Cordia,39.1,A
304.53,367.25,Dipteryx,32.9,A
30.55,37.7,Cordia,18.1,A
307.54,310.03,Alseis,260.5,A
201.04,195.36,Sloanea,24.1,A
397.99,103.59,Dipteryx,27.3,A
96.28,29.78,Dipteryx,325.9,A
5.75,119.97,Calophyllum,33.0,A
367.52,203.19,Dipteryx,10.6,A
341.47,76.14,Dipteryx,11.4,A
200.15,136.67,Cordia,21.0,A
213.44,338.68,Garcinia,126.6,A
269.36,304.38,Aglaia,21.2,A
260.55,227.51,Garcinia,196.6,A
3.66,311.91,Faramea,323.8,A
107.56,38.27,Eugenia,24.0,A
140.4,259.5,Drypetes,29.3,A
133.29,3.79,Calophyllum,40.1,A
581.51,75.44,Alseis,282.2,A
221.86,74.09,Hirtella,27.7,A
243.17,20.05,Alseis,358.9,A
320.76,185.76,Macaranga,24.2,A
78.94,311.18,Beilschmiedia,23.9,A
195.01,334.91,Hirtella,,D
63.47,333.17,Garcinia,24.3,A
8.41,124.39,Garcinia,,D
21.22,127.51,Alseis,17.0,A
333.66,330.02,Hirtella,17.2,A
448.82,95.1,Alseis,,D
348.52,352.4,Dipteryx,128.2,A
352.85,12.52,Cordia,21.0,A
542.6,129.36,Licania,10.4,A
388.75,241.05,Garcinia,35.5,A
144.33,367.6,Aglaia,18.5,A
44.83,312.46,Knema,20.3,A
203.69,341.68,Drypetes,11.4,A
249.22,23.91,Alseis,35.7,A
87.39,307.93,Beilschmiedia,32.2,A
403.54,89.05,Garcinia,11.2,A
303.43,174.31,Beilschmiedia,28.2,A
82.65,190.96,Cordia,22.9,A
517.01,182.69,Alseis,10.2,A
524.86,147.11,Calophyllum,593.6,A
347.1,143.87,Dipteryx,14.7,A
96.69,115.32,Palaquium,28.5,A
203.36,219.22,Garcinia,28.8,A
12.78,268.86,Guarea,14.1,A
553.29,132.17,Dipteryx,142.2,A
48.73,281.96,Knema,63.4,A
146.3,95.55,Inga,10.3,A
519.81,15.84,Licania,22.2,A
170.07,298.41,Aglaia,49.6,A
201.42,165.5,Xylopia,18.3,A
181.6,241.95,Cordia,10.7,A
528.75,50.41,Calophyllum,42.9,A
55.03,334.31,Rinorea,41.4,A
322.52,247.77,Faramea,12.3,A
108.13,274.47,Macaranga,12.4,A
158.27,285.74,Quararibea,595.7,A
42.06,238.41,Drypetes,24.7,A
42.22,52.01,Erythroxylum,94.6,A
564.48,164.84,Calophyllum,510.4,A
463.34,130.68,Guarea,355.4,A
483.43,35.25,Licania,206.4,A
88.12,395.09,Beilschmiedia,30.0,A
149.95,257.01,Dipteryx,353.8,A
126.93,34.19,Shorea,,D
350.61,237.98,Sloanea,10.8,A
49.5,299.85,Aglaia,80.6,A
332.78,105.86,Aglaia,20.8,A
98.04,117.18,Hirtella,10.0,A
7.22,106.86,Drypetes,17.5,A
292.04,152.13,Inga,67.6,A
347.97,106.42,Cecropia,11.3,A
39.54,244.6,Calophyllum,29.3,A
380.68,156.03,Ocotea,111.3,A
119.07,191.91,Faramea,,D
56.64,218.75,Alseis,18.4,A
127.42,203.9,Cordia,20.8,A
516.12,118.24,Aglaia,14.4,A
80.44,109.63,Palaquium,250.1,A
97.48,385.55,Garcinia,19.5,A
504.14,24.99,Knema,329.3,A
192.53,201.38,Garcinia,268.9,A
381.08,131.75,Guarea,15.6,A
487.84,87.02,Beilschmiedia,45.0,A
65.64,238.62,Drypetes,47.1,A
1.84,214.65,Calophyllum,15.3,A
374.62,69.98,Calophyllum,23.4,A
151.74,20.85,Alseis,163.2,A
182.2,369.89,Rinorea,22.2,A
440.86,62.14,Beilschmiedia,16.8,A
174.41,276.22,Drypetes,22.2,A
355.28,367.68,Tetragastris,,M
175.67,279.96,Guarea,31.4,A
290.74,321.03,Guarea,33.0,A
48.09,326.84,Cordia,59.0,A
341.19,73.44,Macaranga,25.1,A
364.84,223.2,Alseis,156.0,A
127.97,62.63,Protium,216.0,A
392.92,12.58,Alseis,138.8,A
179.43,60.98,Nectandra,10.4,A
305.94,60.67,Calophyllum,74.3,A
552.52,164.13,Beilschmiedia,29.8,A
247.28,306.24,Calophyllum,78.1,A
392.4,18.88,Jacaranda,,D
31.41,199.09,Aglaia,130.5,A
42.04,244.63,Eugenia,26.7,A
558.49,104.01,Faramea,282.3,A
468.72,179.19,Drypetes,15.4,A
5.77,152.91,Aglaia,10.7,A
390.27,111.93,Calophyllum,11.6,A
482.01,88.35,Licania,29.8,A
39.13,331.29,Hirtella,30.0,A
447.44,71.86,Eugenia,13.2,A
162.93,144.76,Hirtella,24.4,A
153.98,89.86,Inga,12.3,A
551.31,81.32,Faramea,143.0,A
431.45,129.19,Cordia,19.1,A
405.95,51.63,Alseis,15.7,A
83.44,91.0,Inga,32.1,A
207.93,330.29,Cordia,20.0,A
466.12,66.79,Drypetes,10.9,A
110.9,89.16,Alseis,16.5,A
364.01,166.4,Guarea,11.6,A
386.4,255.68,Macaranga,30.5,A
282.12,32.63,Calophyllum,10.9,A
64.17,166.41,Hirtella,129.2,A
153.44,337.21,Cordia,88.0,A
125.07,180.64,Guarea,74.3,A
101.51,214.73,Eugenia,18.4,A
6.67,81.83,Beilschmiedia,20.8,A
35.44,195.67,Drypetes,,D
313.51,92.34,Alseis,50.0,A
58.05,118.5,Protium,16.3,A
489.84,168.21,Hura,13.8,A
355.91,377.5,Alseis,11.5,A
166.35,298.18,Aglaia,67.7,A
414.89,41.03,Inga,36.4,A
114.74,199.82,Calophyllum,12.2,A
300.19,90.58,Aglaia,25.1,A
26.92,229.12,Garcinia,34.0,A
197.38,253.77,Aglaia,,D
413.66,111.83,Aglaia,117.0,A
549.53,103.76,Beilschmiedia,122.6,A
586.88,151.28,Hirtella,,D
188.0,337.8,Eugenia,63.7,A
120.87,225.1,Palaquium,30.4,A
120.54,175.59,Cordia,38.2,A
180.65,101.04,Cordia,15.9,A
390.16,84.58,Cordia,28.5,A
457.53,175.92,Drypetes,,M
100.87,6.64,Calophyllum,16.6,A
43.14,166.38,Calophyllum,13.0,A
144.51,84.75,Calophyllum,14.9,A
308.85,392.8,Ocotea,,M
223.43,166.28,Alseis,11.6,A
568.97,77.52,Beilschmiedia,18.1,A
486.62,46.15,Licania,191.9,A
180.12,344.39,Cordia,10.1,A
194.25,312.95,Trichilia,55.9,A
205.5,336.03,Drypetes,16.1,A
96.95,97.5,Ocotea,26.3,A
16.22,376.51,Beilschmiedia,15.6,A
137.61,126.68,Protium,47.7,A
468.05,48.68,Eugenia,79.1,A
8.79,107.36,Sloanea,24.0,A
322.0,320.84,Aglaia,,D
381.06,81.83,Swartzia,68.9,A
343.25,193.23,Dipteryx,175.4,A
248.63,109.6,Beilschmiedia,11.4,A
212.31,85.33,Nectandra,50.6,A
286.24,246.73,Calophyllum,12.9,A
262.16,252.23,Beilschmiedia,17.8,A
250.98,207.24,Calophyllum,31.6,A
276.24,246.09,Beilschmiedia,11.6,A
534.28,187.58,Alseis,10.9,A
271.27,299.17,Hirtella,36.6,A
330.99,252.0,Dipteryx,34.2,A
331.73,249.27,Eugenia,11.7,A
592.41,54.04,Licania,920.8,A
415.79,120.48,Beilschmiedia,56.9,A
393.08,49.21,Calophyllum,12.6,A
464.89,24.17,Eugenia,10.6,A
281.86,352.99,Aglaia,,D
206.52,267.65,Aglaia,104.5,A
245.29,322.15,Beilschmiedia,64.4,A
210.83,367.81,Nectandra,93.9,A
313.39,292.82,Aglaia,32.8,A
280.55,363.23,Jacaranda,14.7,A
521.43,191.59,Ocotea,11.0,A
471.92,32.42,Eugenia,47.9,A
393.47,103.65,Aglaia,57.7,A
7.06,269.84,Knema,12.9,A
199.73,309.39,Hirtella,12.9,A
78.43,393.29,Garcinia,16.4,A
147.26,255.18,Alseis,121.2,A
20.38,125.85,Calophyllum,23.0,A
45.28,139.34,Calophyllum,25.8,A
123.71,46.85,Protium,30.8,A
206.38,186.49,Shorea,20.0,A
3.1,108.6,Garcinia,22.6,A
401.47,83.43,Beilschmiedia,10.7,A
347.27,253.12,Cecropia,53.9,A
476.65,104.27,Cordia,11.6,A
384.74,53.03,Jacaranda,12.6,A
351.58,335.18,Eugenia,13.4,A
311.76,175.23,Inga,113.6,A
166.46,319.56,Faramea,11.6,A
333.88,253.84,Eugenia,,D
177.7,25.28,Alseis,17.9,A
54.79,202.2,Aglaia,,D
295.24,291.33,Jacaranda,13.7,A
166.1,167.36,Calophyllum,166.4,A
35.31,69.94,Macaranga,33.8,A
310.93,34.25,Aglaia,,D
304.25,183.4,Hirtella,104.4,A
339.3,265.23,Eugenia,21.8,A
32.92,241.24,Hirtella,18.2,A
21.98,153.8,Inga,,D
64.33,271.97,Drypetes,81.3,A
599.41,106.2,Faramea,10.6,A
546.93,21.95,Faramea,36.3,A
80.14,366.82,Beilschmiedia,79.1,A
543.46,3.25,Licania,,D
221.79,69.19,Dipteryx,14.5,A
38.52,113.22,Dipteryx,,D
576.98,173.57,Faramea,,D
100.15,278.79,Calophyllum,16.1,A
209.11,196.91,Drypetes,11.6,A
171.45,125.66,Calophyllum,898.1,A
175.61,197.55,Drypetes,16.1,A
316.26,131.05,Inga,16.3,A
184.76,148.1,Aglaia,66.8,A
544.47,165.79,Beilschmiedia,65.7,A
96.82,246.24,Garcinia,19.4,A
277.0,282.12,Aglaia,42.2,A
64.31,222.59,Alseis,,D
343.0,388.72,Guarea,18.5,A
395.66,21.15,Calophyllum,19.4,A
27.19,123.72,Drypetes,,D
52.72,152.69,Dipteryx,23.4,A
155.93,151.95,Protium,24.4,A
221.49,186.94,Dipteryx,54.2,A
576.74,138.6,Tetragastris,15.4,A
38.6,243.92,Garcinia,15.8,A
225.65,366.52,Cordia,124.4,A
10.61,364.7,Dipteryx,10.5,A
251.8,273.61,Aglaia,21.1,A
84.58,83.89,Jacaranda,89.8,A
106.57,303.53,Knema,12.8,A
424.28,83.78,Guarea,52.9,A
136.28,165.05,Jacaranda,29.7,A
424.95,136.97,Calophyllum,25.9,A
157.23,102.9,Inga,22.7,A
554.42,83.97,Beilschmiedia,,D
119.68,269.31,Garcinia,,D
100.49,335.97,Knema,104.2,A
247.05,173.75,Rinorea,15.2,A
122.92,77.09,Cordia,121.6,A
166.85,101.02,Inga,14.8,A
235.53,259.99,Garcinia,88.8,A
456.43,138.89,Hirtella,12.2,A
99.2,138.85,Hirtella,132.2,A
314.77,238.49,Calophyllum,38.1,A
323.76,112.27,Beilschmiedia,13.3,A
313.71,75.36,Cordia,16.0,A
446.8,52.31,Beilschmiedia,237.1,A
305.61,213.9,Cordia,25.6,A
493.48,21.75,Drypetes,54.0,A
33.96,218.32,Garcinia,133.5,A
10.99,125.04,Dipteryx,344.2,A
148.97,233.97,Shorea,17.5,A
79.58,141.95,Palaquium,57.8,A
111.12,390.24,Hirtella,20.5,A
327.37,310.44,Aglaia,25.6,A
32.3,196.69,Dipteryx,24.4,A
93.25,13.21,Calophyllum,13.2,A
96.86,280.41,Garcinia,,M
592.84,94.43,Alseis,18.8,A
125.3,213.84,Dipteryx,17.5,A
222.19,169.0,Alseis,104.0,A
269.2,269.49,Calophyllum,12.0,A
527.94,188.95,Beilschmiedia,216.3,A
537.85,73.73,Calophyllum,28.4,A
148.07,263.32,Brosimum,626.9,A
381.33,44.64,Drypetes,15.8,A
531.68,19.32,Cordia,32.8,A
496.01,35.57,Calophyllum,23.7,A
415.54,83.86,Beilschmiedia,158.7,A
24.67,166.27,Hirtella,21.7,A
71.36,108.29,Inga,,D
584.36,81.37,Eugenia,17.5,A
498.79,68.46,Calophyllum,404.7,A
24.01,283.76,Calophyllum,90.1,A
211.69,347.54,Protium,149.7,A
68.98,288.22,Swartzia,111.3,A
119.73,298.6,Sloanea,11.4,A
99.9,341.44,Aglaia,113.9,A
116.26,319.06,Cordia,178.4,A
389.93,28.03,Drypetes,196.2,A
313.2,86.57,Aglaia,19.6,A
99.59,317.52,Knema,24.7,A
72.59,270.44,Guarea,,D
20.72,302.32,Macaranga,38.7,A
479.15,119.91,Eugenia,131.0,A
212.57,108.46,Aglaia,20.2,A
547.54,159.43,Beilschmiedia,80.6,A
502.18,8.23,Knema,16.4,A
510.83,147.8,Aglaia,45.0,A
309.31,166.09,Trichilia,,D
95.41,379.61,Garcinia,12.4,A
93.93,97.02,Xylopia,15.7,A
159.88,17.7,Alseis,303.4,A
98.39,24.47,Eugenia,,D
153.71,190.0,Faramea,86.7,A
383.58,87.99,Aglaia,40.2,A
527.28,141.59,Aglaia,49.4,A
433.77,135.68,Dipteryx,74.3,A
482.74,85.02,Beilschmiedia,11.6,A
307.58,167.59,Beilschmiedia,,D
248.71,152.44,Nectandra,13.9,A
365.08,71.65,Aglaia,44.7,A
64.87,126.61,Sloanea,11.3,A
31.88,179.76,Macaranga,11.3,A
490.24,0.64,Drypetes,10.9,A
207.21,367.53,Calophyllum,18.0,A
135.85,380.18,Aglaia,16.0,A
316.47,295.81,Alseis,,D
112.99,184.72,Macaranga,22.5,A
430.63,51.91,Alseis,61.0,A
221.54,94.49,Knema,30.0,A
355.14,158.92,Nectandra,79.8,A
175.57,360.02,Alseis,102.0,A
527.82,134.22,Aglaia,24.2,A
400.65,106.39,Aglaia,67.8,A
41.9,281.63,Guarea,25.4,A
431.14,17.61,Beilschmiedia,50.7,A
580.81,180.35,Hirtella,18.7,A
91.27,137.63,Knema,11.3,A
147.56,261.59,Jacaranda,12.8,A
226.96,343.34,Diospyros,102.6,A
247.85,271.86,Beilschmiedia,21.2,A
166.99,360.07,Dipteryx,,D
230.91,4.44,Nectandra,14.0,A
364.14,120.21,Ocotea,57.1,A
47.49,122.54,Virola,158.0,A
214.51,128.76,Aglaia,33.9,A
166.86,277.47,Knema,19.9,A
303.24,312.58,Sloanea,28.1,A
444.07,49.09,Jacaranda,11.4,A
374.98,63.5,Dipteryx,24.9,A
53.32,171.16,Aglaia,40.9,A
243.36,123.63,Beilschmiedia,50.2,A
222.39,253.49,Aglaia,83.6,A
181.01,346.69,Dipteryx,351.1,A
119.36,328.22,Dipteryx,,D
58.38,219.84,Drypetes,36.1,A
557.29,98.56,Beilschmiedia,67.9,A
550.18,85.89,Beilschmiedia,18.5,A
454.53,68.85,Calophyllum,170.2,A
88.07,359.83,Cordia,11.1,A
7.32,134.01,Garcinia,16.1,A
132.92,256.97,Ocotea,,D
132.79,182.24,Macaranga,16.8,A
300.82,6.96,Hirtella,11.6,A
45.19,191.43,Macaranga,17.6,A
91.86,105.82,Alseis,24.2,A
247.63,75.6,Cordia,,D
203.29,248.57,Drypetes,68.4,A
395.02,56.84,Drypetes,336.3,A
395.81,115.13,Macaranga,52.2,A
200.38,145.99,Aglaia,13.2,A
225.97,236.14,Ocotea,10.3,A
100.28,71.67,Drypetes,15.7,A
56.46,129.27,Guarea,35.6,A
27.05,227.99,Aglaia,16.5,A
334.7,146.63,Inga,90.6,A
553.06,166.69,Beilschmiedia,14.8,A
169.79,199.99,Drypetes,76.0,A
461.99,28.96,Dipteryx,73.8,A
60.9,203.97,Aglaia,21.1,A
167.08,138.34,Hirtella,,D
82.35,350.42,Diospyros,,M
154.8,239.03,Aglaia,37.1,A
318.82,83.62,Calophyllum,25.0,A
25.46,162.45,Hirtella,83.2,A
68.39,32.77,Cordia,13.7,A
328.06,14.17,Garcinia,42.0,A
155.98,365.46,Alseis,,D
567.32,96.31,Aglaia,33.0,A
420.2,94.14,Calophyllum,,D
9.21,19.04,Licania,15.5,A
161.75,203.28,Palaquium,10.4,A
354.55,78.51,Garcinia,96.8,A
192.69,310.49,Faramea,21.1,A
184.08,317.64,Sloanea,,D
59.26,389.87,Calophyllum,515.5,A
585.47,86.21,Guarea,23.8,A
118.75,158.9,Calophyllum,11.7,A
408.14,36.86,Inga,13.1,A
91.47,149.43,Nectandra,27.9,A
285.25,164.32,Sloanea,11.9,A
101.54,262.88,Knema,10.7,A
359.29,376.6,Aglaia,51.1,A
205.47,246.18,Aglaia,46.8,A
384.63,376.44,Licania,13.8,A
217.61,254.79,Beilschmiedia,21.4,A
312.43,201.93,Cordia,19.4,A
398.72,70.55,Aglaia,29.8,A
557.92,111.4,Beilschmiedia,14.1,A
474.85,76.6,Calophyllum,16.7,A
65.78,61.45,Aglaia,110.2,A
318.29,31.59,Aglaia,17.5,A
466.15,156.68,Beilschmiedia,67.5,A
78.17,114.55,Calophyllum,,D
234.44,106.75,Ocotea,60.2,A
78.85,176.81,Alseis,,D
531.34,149.31,Aglaia,10.9,A
91.94,57.11,Aglaia,140.4,A
65.82,321.29,Garcinia,,D
109.35,205.01,Rinorea,12.4,A
427.71,69.17,Aglaia,,D
141.63,216.98,Faramea,,D
56.43,332.39,Dipteryx,11.0,A
547.25,29.33,Licania,75.4,A
553.48,174.95,Dipteryx,10.5,A
277.29,359.02,Aglaia,146.5,A
94.54,110.06,Drypetes,37.2,A
493.54,104.27,Cordia,,D
85.96,188.86,Alseis,75.3,A
31.83,303.31,Aglaia,11.2,A
391.87,344.83,Aglaia,89.0,A
112.78,222.47,Palaquium,21.8,A
583.53,147.03,Faramea,,D
175.11,211.16,Cordia,,D
67.14,294.8,Drypetes,131.9,A
109.59,38.67,Aglaia,75.4,A
241.5,128.72,Dipteryx,76.8,A
72.56,290.51,Aglaia,35.8,A
538.45,53.18,Alseis,214.8,A
108.43,87.18,Alseis,94.3,A
425.34,110.48,Aglaia,77.9,A
118.06,180.63,Aglaia,18.9,A
323.93,193.67,Macaranga,11.7,A
224.58,325.71,Trichilia,,D
35.91,103.53,Drypetes,36.3,A
67.48,237.93,Calophyllum,11.0,A
320.32,101.69,Jacaranda,12.2,A
42.56,128.68,Virola,157.8,A
163.2,319.22,Faramea,22.1,A
247.81,271.48,Dipteryx,77.2,A
255.69,344.33,Luehea,34.6,A
18.31,381.58,Beilschmiedia,193.4,A
196.87,350.41,Guarea,29.9,A
565.86,95.78,Faramea,21.2,A
266.15,155.27,Faramea,38.5,A
13.16,207.8,Cordia,15.1,A
221.6,274.33,Quararibea,39.7,A
268.9,194.26,Licania,27.9,A
328.93,117.29,Cecropia,68.5,A
571.88,74.93,Alseis,14.4,A
423.0,177.98,Aglaia,22.8,A
471.39,121.03,Drypetes,72.1,A
87.56,84.8,Alseis,10.5,A
562.92,23.49,Licania,,D
197.49,294.32,Aglaia,46.3,A
498.05,13.95,Eugenia,22.2,A
162.24,221.5,Aglaia,,D
277.76,5.91,Beilschmiedia,70.6,A
221.97,233.57,Eugenia,19.6,A
411.58,84.42,Beilschmiedia,66.6,A
385.99,335.81,Aglaia,23.3,A
459.44,2.38,Dipteryx,351.3,A
153.35,351.81,Eugenia,104.0,A
57.15,301.97,Dipteryx,11.9,A
77.61,174.2,Alseis,73.3,A
60.18,9.09,Licania,11.0,A
97.73,321.92,Garcinia,,D
278.56,3.22,Beilschmiedia,140.3,A
19.82,77.82,Calophyllum,178.8,A
345.13,153.79,Guarea,,D
480.96,31.21,Licania,16.5,A
75.9,383.48,Knema,33.3,A
237.66,168.19,Rinorea,,D
48.43,220.02,Cordia,13.9,A
362.37,141.66,Eugenia,14.7,A
390.51,20.74,Calophyllum,528.7,A
160.27,79.89,Calophyllum,134.6,A
270.88,46.29,Faramea,221.5,A
437.2,40.08,Aglaia,16.4,A
139.63,83.32,Calophyllum,60.5,A
180.08,217.43,Calophyllum,65.3,A
145.2,259.39,Quararibea,112.6,A
529.1,75.91,Licania,53.9,A
280.3,288.0,Aglaia,14.0,A
190.56,235.73,Sloanea,17.4,A
220.41,342.2,Cordia,184.4,A
569.54,80.23,Alseis,33.5,A
251.4,337.13,Sloanea,,D
171.18,61.12,Cordia,12.0,A
349.95,393.87,Sloanea,,M
371.59,64.89,Calophyllum,271.1,A
189.24,188.07,Aglaia,85.1,A
97.16,129.12,Dipteryx,69.6,A
158.75,2.97,Hirtella,11.0,A
253.64,231.75,Cordia,22.9,A
427.77,26.17,Beilschmiedia,161.0,A
195.33,193.58,Aglaia,24.2,A
155.97,109.57,Inga,13.9,A
241.21,71.9,Xylopia,15.3,A
46.59,260.88,Garcinia,167.7,A
73.57,52.82,Aglaia,27.3,A
32.15,231.18,Eugenia,70.1,A
106.29,125.75,Nectandra,14.8,A
146.78,113.9,Inga,33.0,A
363.17,314.06,Calophyllum,57.1,A
415.54,158.09,Palaquium,19.7,A
296.49,191.06,Trichilia,10.4,A
242.81,170.28,Alseis,78.2,A
153.76,226.88,Aglaia,57.0,A
188.81,316.8,Faramea,40.4,A
86.04,165.09,Hirtella,16.9,A
173.21,157.73,Beilschmiedia,18.6,A
577.52,85.26,Beilschmiedia,45.5,A
327.6,129.66,Inga,14.6,A
69.61,148.3,Inga,13.0,A
398.31,333.63,Aglaia,44.5,A
199.29,260.26,Alseis,,D
119.9,171.21,Gustavia,68.9,A
27.88,280.5,Calophyllum,63.5,A
332.66,125.55,Beilschmiedia,51.5,A
575.86,110.0,Licania,141.2,A
64.34,360.18,Sloanea,10.5,A
570.56,97.05,Beilschmiedia,38.8,A
310.85,108.77,Beilschmiedia,77.3,A
111.38,356.44,Quararibea,20.3,A
486.8,38.34,Faramea,65.2,A
411.72,186.88,Eugenia,10.9,A
310.16,349.89,Dipteryx,60.0,A
491.79,17.36,Jacaranda,16.5,A
212.15,133.34,Cordia,13.6,A
304.32,224.48,Faramea,10.8,A
67.29,98.59,Cordia,21.4,A
135.88,146.02,Beilschmiedia,20.4,A
467.3,163.82,Dipteryx,23.4,A
213.65,46.13,Shorea,42.1,A
463.4,54.37,Macaranga,229.3,A
160.76,9.15,Alseis,121.3,A
576.05,175.23,Faramea,217.1,A
139.55,171.32,Nectandra,,D
363.21,246.12,Aglaia,77.3,A
189.51,188.3,Cordia,10.1,A
380.28,316.07,Tetragastris,136.2,A
396.67,76.42,Beilschmiedia,27.0,A
33.09,386.88,Beilschmiedia,14.4,A
353.13,147.12,Dipteryx,141.6,A
262.68,205.26,Calophyllum,340.8,A
328.52,15.1,Garcinia,14.4,A
427.26,67.42,Drypetes,40.5,A
343.56,394.53,Aglaia,124.1,A
94.55,74.96,Protium,42.1,A
14.75,111.92,Alseis,167.6,A
261.66,289.75,Aglaia,18.3,A
592.54,111.86,Tetragastris,49.4,A
459.14,184.02,Eugenia,11.9,A
162.04,392.74,Alseis,230.6,A
293.07,295.86,Protium,10.9,A
82.0,302.07,Aglaia,73.5,A
493.08,185.6,Calophyllum,74.1,A
55.99,281.21,Cordia,44.1,A
90.87,197.77,Rinorea,119.9,A
169.67,356.19,Swartzia,23.7,A
171.0,170.05,Quararibea,42.5,A
97.99,123.69,Drypetes,149.1,A
470.76,168.09,Beilschmiedia,11.3,A
208.92,360.14,Jacaranda,12.6,A
314.07,162.6,Ocotea,227.3,A
408.56,66.68,Cordia,21.7,A
262.53,258.13,Aglaia,10.1,A
176.26,355.93,Knema,30.3,A
310.34,317.16,Aglaia,81.8,A
477.28,168.19,Beilschmiedia,56.2,A
28.55,138.22,Nectandra,71.0,A
155.16,47.9,Inga,10.8,A
451.36,76.86,Eugenia,81.3,A
329.35,225.95,Dipteryx,164.7,A
245.56,316.62,Beilschmiedia,41.6,A
395.73,191.37,Cordia,25.9,A
389.17,95.65,Hirtella,19.4,A
125.87,331.69,Cordia,181.2,A
149.6,272.24,Alseis,27.4,A
354.45,146.03,Jacaranda,12.2,A
423.36,52.73,Inga,,D
219.2,98.63,Dipteryx,41.1,A
276.39,18.31,Anacardium,21.0,A
512.9,54.91,Faramea,17.6,A
230.83,173.52,Alseis,61.7,A
380.39,180.41,Guarea,40.5,A
31.63,294.28,Drypetes,99.2,A
105.88,143.92,Hirtella,35.4,A
45.46,120.46,Calophyllum,,D
264.25,202.0,Calophyllum,168.7,A
239.7,219.21,Licania,84.2,A
200.14,117.01,Alseis,24.4,A
414.52,195.62,Guarea,,D
179.34,199.51,Drypetes,15.8,A
49.29,186.96,Jacaranda,26.7,A
11.27,261.18,Eugenia,132.8,A
252.52,301.72,Dipteryx,31.1,A
127.14,104.22,Cordia,117.4,A
459.43,170.4,Beilschmiedia,,M
526.54,42.63,Faramea,47.6,A
366.96,398.22,Eugenia,12.9,A
244.12,133.89,Beilschmiedia,16.9,A
546.49,54.69,Alseis,327.0,A
376.9,78.77,Alseis,,D
528.84,31.72,Guarea,117.6,A
80.45,368.54,Beilschmiedia,30.4,A
543.66,151.98,Rinorea,149.7,A
311.38,68.14,Jacaranda,54.8,A
441.37,189.81,Aglaia,14.6,A
393.62,208.99,Cordia,26.7,A
17.63,273.58,Drypetes,,D
380.75,339.37,Licania,10.9,A
428.87,65.78,Drypetes,23.3,A
116.78,357.25,Aglaia,126.8,A
291.77,355.8,Aglaia,16.8,A
506.65,147.94,Hirtella,18.5,A
437.56,144.95,Beilschmiedia,,D
212.1,90.07,Ocotea,16.7,A
132.39,96.12,Inga,16.4,A
48.49,179.11,Dipteryx,131.9,A
207.74,329.98,Nectandra,32.2,A
530.92,84.58,Jacaranda,41.0,A
300.54,134.39,Protium,10.5,A
71.93,68.6,Aglaia,108.1,A
16.61,114.55,Alseis,182.8,A
396.65,136.82,Ocotea,10.9,A
151.21,267.97,Dipteryx,109.6,A
234.97,268.97,Jacaranda,12.9,A
61.56,229.58,Alseis,21.5,A
49.64,31.49,Garcinia,12.5,A
397.53,358.3,Alseis,89.4,A
303.96,35.47,Eugenia,38.1,A
260.52,172.35,Ocotea,93.8,A
431.3,24.44,Guarea,,D
494.22,109.03,Drypetes,19.8,A
203.81,335.36,Jacaranda,205.3,A
82.61,154.82,Alseis,29.0,A
159.02,272.36,Guarea,,D
41.3,232.29,Eugenia,21.8,A
461.8,165.81,Beilschmiedia,32.2,A
327.27,237.46,Faramea,261.5,A
147.16,172.34,Faramea,121.8,A
271.49,231.97,Beilschmiedia,,D
577.35,142.13,Tetragastris,,D
171.48,294.26,Cordia,15.0,A
362.08,54.57,Dipteryx,104.9,A
102.88,260.89,Knema,19.2,A
232.63,130.69,Licania,10.7,A
125.72,115.97,Cordia,18.5,A
342.0,263.45,Cecropia,13.0,A
372.44,68.8,Aglaia,13.4,A
96.3,126.33,Calophyllum,43.6,A
425.12,131.42,Beilschmiedia,,D
350.13,338.79,Eugenia,,D
587.84,30.4,Faramea,347.0,A
392.93,200.43,Jacaranda,12.3,A
118.65,34.44,Ocotea,21.7,A
387.26,135.49,Macaranga,270.2,A
397.68,303.95,Aglaia,13.6,A
91.18,248.0,Cordia,34.7,A
90.48,331.85,Garcinia,12.1,A
300.07,203.08,Trichilia,17.8,A
244.87,292.27,Aglaia,46.1,A
153.14,207.04,Palaquium,34.6,A
341.33,137.56,Alseis,57.9,A
54.37,301.22,Aglaia,18.1,A
68.54,301.12,Aglaia,12.1,A
90.01,271.69,Alseis,95.6,A
348.31,230.44,Ocotea,13.8,A
34.55,139.21,Virola,17.5,A
45.6,310.68,Dipteryx,196.2,A
8.06,90.82,Beilschmiedia,20.9,A
249.17,246.87,Guarea,10.6,A
484.2,79.79,Dipteryx,116.6,A
15.91,181.85,Dipteryx,119.6,A
135.99,199.03,Jacaranda,15.3,A
264.84,191.95,Calophyllum,15.5,A
292.54,180.53,Cordia,32.0,A
126.36,91.09,Garcinia,21.2,A
133.79,131.41,Beilschmiedia,22.2,A
502.67,66.93,Calophyllum,160.8,A
4.12,331.71,Drypetes,,D
480.87,66.15,Jacaranda,128.5,A
78.01,212.89,Knema,12.0,A
187.3,308.01,Calophyllum,38.2,A
46.48,304.36,Nectandra,13.2,A
95.96,383.84,Beilschmiedia,38.2,A
306.82,318.22,Alseis,289.5,A
407.22,102.38,Alseis,64.8,A
156.83,176.25,Guarea,22.9,A
130.31,307.35,Ocotea,16.2,A
91.53,367.17,Hirtella,29.6,A
118.98,103.15,Garcinia,48.2,A
96.97,23.08,Knema,33.5,A
18.99,273.44,Faramea,357.3,A
43.83,105.21,Eugenia,10.8,A
400.26,135.22,Dipteryx,73.2,A
193.76,370.79,Trichilia,11.7,A
553.39,18.43,Guarea,10.1,A
272.31,48.35,Knema,27.6,A
191.58,265.42,Alseis,11.8,A
150.3,223.93,Alseis,405.7,A
275.96,326.68,Macaranga,10.6,A
23.67,284.55,Drypetes,11.6,A
347.22,302.41,Aglaia,36.3,A
370.51,352.13,Dipteryx,81.8,A
128.3,389.39,Aglaia,112.8,A
201.63,185.08,Sloanea,26.5,A
367.09,314.69,Aglaia,38.1,A
203.75,243.98,Aglaia,,D
256.08,240.47,Guarea,29.6,A
458.49,59.89,Protium,,D
344.97,63.92,Aglaia,44.8,A
184.11,81.13,Hirtella,10.7,A
369.55,53.62,Calophyllum,251.5,A
359.6,221.37,Alseis,12.7,A
332.77,338.45,Dipteryx,68.4,A
186.69,333.1,Faramea,,D
243.42,313.68,Dipteryx,28.8,A
221.85,223.27,Shorea,59.8,A
132.92,43.36,Calophyllum,21.2,A
271.56,334.9,Protium,17.0,A
485.0,96.18,Drypetes,25.2,A
238.9,120.59,Knema,22.7,A
330.98,95.55,Cecropia,11.4,A
335.2,374.17,Alseis,15.3,A
78.93,207.55,Nectandra,42.4,A
230.71,375.29,Nectandra,14.4,A
109.25,271.21,Sloanea,14.7,A
373.06,299.76,Nectandra,26.8,A
493.1,45.29,Licania,72.8,A
55.25,212.57,Aglaia,48.6,A
167.27,263.98,Guarea,11.4,A
80.36,210.51,Calophyllum,45.0,A
258.48,158.32,Hirtella,28.3,A
99.28,188.4,Aglaia,11.9,A
149.66,233.31,Faramea,558.8,A
246.07,116.42,Jacaranda,12.7,A
398.12,69.21,Aglaia,,D
390.28,31.07,Drypetes,70.5,A
391.93,46.5,Inga,23.2,A
93.17,340.95,Cordia,10.8,A
163.86,168.64,Quararibea,112.2,A
158.48,4.04,Calophyllum,34.0,A
59.73,144.48,Hirtella,115.9,A
333.82,117.67,Dipteryx,125.4,A
269.58,256.84,Beilschmiedia,10.0,A
152.39,41.13,Cordia,29.9,A
202.27,255.36,Beilschmiedia,12.9,A
20.62,382.63,Dipteryx,16.9,A
23.82,90.27,Macaranga,,D
284.15,175.9,Inga,74.8,A
374.39,338.62,Alseis,65.9,A
347.16,78.05,Aglaia,27.8,A
105.05,5.98,Protium,66.2,A
124.29,399.62,Cordia,12.2,A
374.16,357.08,Tetragastris,35.5,A
313.77,183.68,Faramea,92.0,A
158.54,269.1,Faramea,200.4,A
132.24,390.67,Aglaia,24.1,A
50.58,194.36,Aglaia,11.9,A
496.48,59.1,Jacaranda,12.1,A
181.75,361.17,Aglaia,39.6,A
377.24,288.11,Aglaia,142.6,A
377.8,252.76,Beilschmiedia,136.8,A
123.51,235.06,Swartzia,292.6,A
591.42,162.56,Faramea,14.0,A
253.22,276.55,Garcinia,91.2,A
43.69,81.0,Drypetes,10.3,A
144.29,23.36,Hirtella,23.6,A
480.08,139.01,Beilschmiedia,,D
331.96,127.98,Inga,18.0,A
101.16,331.6,Cordia,33.6,A
390.82,342.04,Tetragastris,59.6,A
308.41,33.32,Garcinia,26.9,A
72.45,231.72,Eugenia,14.3,A
469.0,94.24,Licania,467.5,A
331.06,249.77,Eugenia,,D
193.01,271.43,Alseis,11.9,A
85.27,148.1,Hirtella,30.3,A
384.98,110.63,Calophyllum,14.2,A
51.57,143.11,Drypetes,16.0,A
358.97,230.7,Garcinia,12.6,A
192.48,45.33,Calophyllum,58.0,A
300.94,162.38,Inga,32.2,A
221.67,46.23,Jacaranda,69.9,A
40.45,143.43,Nectandra,24.2,A
444.38,27.64,Macaranga,39.2,A
218.3,91.13,Dipteryx,179.0,A
133.45,231.02,Guarea,172.7,A
474.14,84.97,Licania,22.7,A
347.4,332.85,Trichilia,51.8,A
385.06,50.81,Inga,12.2,A
18.69,286.08,Cordia,21.0,A
321.38,194.21,Calophyllum,16.1,A
481.31,179.24,Drypetes,12.0,A
54.98,281.74,Calophyllum,45.5,A
202.72,105.08,Hirtella,13.3,A
482.59,142.84,Beilschmiedia,23.4,A
438.75,173.46,Guarea,28.2,A
167.86,206.55,Palaquium,,M
80.4,117.7,Inga,52.5,A
54.5,352.09,Aglaia,17.9,A
532.85,146.6,Beilschmiedia,207.4,A
147.16,194.7,Faramea,27.2,A
557.22,152.85,Faramea,51.5,A
560.23,86.36,Beilschmiedia,12.9,A
102.98,29.55,Shorea,67.2,A
249.13,20.35,Alseis,241.5,A
267.16,17.85,Faramea,12.4,A
190.91,353.68,Rinorea,10.1,A
424.31,15.91,Beilschmiedia,30.9,A
143.39,38.1,Dipteryx,62.9,A
97.82,146.79,Dipteryx,,D
368.33,332.72,Dipteryx,,D
296.45,235.8,Hirtella,32.2,A
563.09,136.39,Calophyllum,,D
354.2,392.03,Eugenia,13.5,A
356.91,144.49,Eugenia,26.7,A
389.26,217.33,Eugenia,34.1,A
363.72,151.19,Eugenia,30.1,A
343.02,244.84,Faramea,,D
317.31,110.88,Beilschmiedia,86.4,A
267.0,267.41,Aglaia,18.2,A
295.88,286.85,Guarea,17.4,A
391.91,32.57,Drypetes,315.3,A
572.26,94.57,Beilschmiedia,15.5,A
404.83,90.68,Dipteryx,16.4,A
162.08,189.29,Palaquium,12.8,A
357.36,111.23,Swartzia,52.2,A
349.69,110.56,Cecropia,28.1,A
375.74,30.39,Drypetes,12.9,A
240.45,300.48,Eugenia,21.5,A
212.75,300.38,Jacaranda,10.7,A
111.3,234.16,Cordia,57.3,A
98.41,36.52,Rinorea,24.6,A
6.24,7.4,Licania,,D
527.34,91.41,Faramea,31.6,A
66.36,61.94,Inga,20.8,A
388.75,345.36,Licania,14.2,A
183.31,295.36,Faramea,33.2,A
189.7,89.95,Cordia,72.0,A
204.77,80.42,Jacaranda,,D
382.53,96.53,Alseis,10.6,A
343.5,81.5,Ocotea,,D
106.13,263.5,Dipteryx,116.8,A
172.11,131.15,Palaquium,,D
89.24,72.01,Dipteryx,355.3,A
173.48,336.54,Faramea,,D
135.94,334.41,Aglaia,89.2,A
219.65,276.56,Beilschmiedia,201.9,A
238.05,289.13,Alseis,48.2,A
241.57,280.7,Aglaia,37.9,A
430.02,197.54,Alseis,11.7,A
86.43,217.63,Drypetes,12.8,A
15.15,98.09,Alseis,34.8,A
261.17,18.86,Dipteryx,81.7,A
77.48,188.22,Macaranga,10.7,A
411.26,45.91,Dipteryx,25.9,A
459.83,54.05,Calophyllum,11.8,A
106.84,109.04,Alseis,33.5,A
408.0,72.81,Jacaranda,178.0,A
166.6,311.84,Alseis,33.4,A
223.06,102.89,Garcinia,25.1,A
286.26,394.96,Dipteryx,149.9,A
63.25,218.12,Knema,232.7,A
361.5,152.32,Calophyllum,38.5,A
125.33,284.39,Brosimum,47.4,A
504.15,162.18,Knema,28.8,A
185.77,34.1,Calophyllum,245.6,A
336.69,83.97,Calophyllum,12.2,A
205.02,252.95,Aglaia,,D
62.48,59.91,Aglaia,11.1,A
274.36,267.07,Calophyllum,55.7,A
310.49,339.2,Dipteryx,41.1,A
116.81,232.18,Nectandra,,D
165.16,134.73,Aglaia,64.4,A
566.88,147.26,Tetragastris,94.4,A
424.09,36.33,Eugenia,,D
339.35,96.45,Cecropia,15.1,A
91.68,371.51,Garcinia,,D
364.34,34.97,Alseis,10.3,A
299.46,354.69,Cordia,172.3,A
552.94,37.14,Faramea,19.3,A
255.82,207.56,Nectandra,86.9,A
365.96,296.37,Calophyllum,12.6,A
235.7,363.61,Alseis,316.9,A
450.99,187.22,Calophyllum,209.0,A
572.97,136.82,Hirtella,61.7,A
254.09,297.42,Nectandra,75.8,A
8.08,260.81,Alseis,10.5,A
219.1,35.92,Xylopia,77.3,A
225.82,346.02,Knema,30.3,A
80.75,171.52,Calophyllum,,D
13.3,190.88,Cordia,153.1,A
377.49,157.74,Faramea,52.1,A
402.51,84.88,Ficus,21.2,A
354.63,389.2,Beilschmiedia,10.4,A
11.98,84.49,Beilschmiedia,100.7,A
466.07,177.75,Beilschmiedia,20.5,A
80.51,358.8,Beilschmiedia,11.2,A
186.14,324.05,Calophyllum,18.1,A
6.65,201.61,Aglaia,141.9,A
93.27,201.17,Rinorea,23.0,A
105.54,325.45,Guarea,59.8,A
4.4,130.08,Calophyllum,245.1,A
161.04,85.9,Calophyllum,79.3,A
376.53,96.22,Garcinia,32.6,A
342.37,147.75,Cordia,21.8,A
211.71,102.27,Garcinia,235.5,A
23.02,145.0,Cordia,102.5,A
315.41,129.72,Alseis,157.4,A
366.02,116.24,Dipteryx,87.1,A
358.0,70.42,Garcinia,31.5,A
59.78,309.88,Aglaia,10.7,A
252.02,213.22,Faramea,46.2,A
439.25,62.73,Beilschmiedia,90.9,A
408.17,49.57,Drypetes,,D
165.92,338.53,Eugenia,22.4,A
85.79,244.86,Quararibea,12.5,A
92.15,102.19,Drypetes,48.8,A
364.68,20.25,Alseis,460.7,A
252.66,251.97,Beilschmiedia,,D
282.14,210.6,Eugenia,18.0,A
216.56,240.49,Macaranga,12.0,A
163.6,132.14,Palaquium,24.2,A
112.16,207.87,Calophyllum,14.3,A
114.43,264.67,Drypetes,31.6,A
262.98,49.25,Calophyllum,18.7,A
419.96,40.82,Inga,13.0,A
379.47,313.23,Aglaia,25.7,A
405.16,86.97,Drypetes,14.6,A
342.58,44.67,Knema,42.4,A
339.85,42.13,Calophyllum,42.2,A
137.91,347.87,Quararibea,10.8,A
336.16,107.46,Knema,23.4,A
353.76,83.24,Macaranga,102.8,A
227.6,387.37,Calophyllum,,D
473.43,178.75,Dipteryx,70.5,A
303.78,149.17,Inga,14.8,A
55.46,298.68,Aglaia,138.9,A
61.23,158.13,Macaranga,,D
342.74,25.02,Swartzia,,D
13.51,65.34,Dipteryx,10.9,A
566.75,59.37,Calophyllum,14.6,A
441.01,132.44,Nectandra,113.0,A
205.66,223.67,Drypetes,39.0,A
128.06,102.83,Dipteryx,70.3,A
286.48,351.67,Aglaia,72.3,A
186.02,35.69,Protium,19.6,A
425.93,152.79,Beilschmiedia,,D
33.61,13.78,Garcinia,304.9,A
97.95,277.11,Cordia,12.0,A
9.98,307.73,Drypetes,11.5,A
93.35,209.15,Quararibea,,D
171.85,33.21,Knema,96.4,A
51.63,68.81,Aglaia,44.1,A
11.67,120.01,Alseis,64.5,A
268.22,252.89,Beilschmiedia,,D
330.29,227.81,Faramea,83.0,A
214.4,43.81,Anacardium,19.0,A
443.42,50.42,Beilschmiedia,11.4,A
288.04,152.37,Calophyllum,40.4,A
366.46,205.98,Alseis,49.8,A
569.3,64.23,Aglaia,12.4,A
190.69,31.66,Nectandra,14.3,A
251.21,184.56,Calophyllum,34.7,A
312.86,123.39,Aglaia,71.2,A
84.35,290.65,Rinorea,11.9,A
302.1,92.97,Aglaia,100.7,A
335.41,395.62,Beilschmiedia,28.4,A
52.86,280.33,Nectandra,12.7,A
21.69,243.46,Cordia,22.7,A
558.73,189.16,Rinorea,79.6,A
456.22,174.81,Swartzia,58.5,A
359.92,60.16,Garcinia,13.9,A
65.05,133.28,Guarea,26.4,A
208.57,102.65,Garcinia,24.9,A
409.17,69.68,Calophyllum,28.5,A
394.54,270.64,Aglaia,150.8,A
111.82,199.46,Nectandra,69.8,A
182.34,232.82,Drypetes,44.8,A
97.54,149.5,Calophyllum,85.5,A
198.16,291.82,Guarea,142.8,A
286.83,168.43,Calophyllum,207.3,A
146.13,149.42,Licania,15.3,A
31.01,124.9,Inga,121.6,A
47.26,345.67,Calophyllum,459.5,A
149.94,246.3,Drypetes,25.6,A
219.1,164.08,Guarea,18.6,A
226.24,9.31,Calophyllum,738.5,A
354.63,266.38,Cordia,16.1,A
335.2,92.63,Dipteryx,10.5,A
79.58,74.46,Macaranga,12.0,A
589.81,86.23,Alseis,,D
138.05,95.43,Inga,16.9,A
3.48,145.63,Garcinia,12.3,A
380.49,183.16,Faramea,186.3,A
114.35,7.98,Alseis,24.5,A
110.31,89.81,Inga,22.5,A
16.93,88.68,Drypetes,55.5,A
374.65,318.01,Aglaia,15.4,A
385.25,44.02,Guarea,61.4,A
252.11,277.42,Aglaia,20.0,A
147.95,323.99,Quararibea,229.5,A
116.51,244.27,Palaquium,42.2,A
581.99,115.6,Faramea,15.0,A
537.51,89.95,Aglaia,,D
167.89,206.74,Palaquium,46.5,A
213.71,44.19,Cordia,17.6,A
86.97,115.27,Palaquium,22.5,A
153.4,38.68,Calophyllum,17.9,A
164.58,127.37,Beilschmiedia,66.1,A
260.44,152.71,Knema,,D
76.24,104.82,Calophyllum,17.7,A
507.03,6.17,Drypetes,411.6,A
38.04,64.23,Erythroxylum,34.0,A
13.11,126.63,Garcinia,57.0,A
193.82,164.58,Palaquium,,M
174.94,136.54,Palaquium,324.6,A
81.71,214.93,Dipteryx,40.0,A
180.13,347.01,Eugenia,37.7,A
349.66,341.59,Licania,23.9,A
14.0,99.2,Calophyllum,420.3,A
320.02,126.82,Dipteryx,11.4,A
376.13,39.14,Guarea,26.0,A
7.55,50.97,Cordia,12.1,A
106.69,297.18,Beilschmiedia,16.7,A
16.93,268.59,Macaranga,49.1,A
374.19,252.07,Aglaia,11.2,A
230.92,20.56,Dipteryx,19.7,A
339.62,283.71,Alseis,14.6,A
172.44,142.56,Calophyllum,39.9,A
212.94,305.32,Aglaia,40.4,A
24.89,130.11,Dipteryx,48.3,A
27.73,297.71,Faramea,124.0,A
194.34,60.22,Shorea,13.6,A
335.83,382.41,Alseis,162.4,A
237.38,31.42,Calophyllum,206.5,A
308.68,103.07,Cordia,,M
179.29,158.38,Aglaia,21.0,A
415.05,132.07,Beilschmiedia,,D
445.79,4.09,Beilschmiedia,15.9,A
336.03,399.99,Jacaranda,19.7,A
91.5,291.94,Cordia,78.9,A
201.86,244.36,Protium,18.4,A
416.2,108.91,Aglaia,25.1,A
481.78,190.54,Calophyllum,55.9,A
425.99,194.69,Palaquium,208.0,A
557.86,93.05,Beilschmiedia,99.0,A
395.62,97.64,Garcinia,120.5,A
259.88,284.42,Aglaia,111.6,A
88.86,171.96,Alseis,13.3,A
66.44,92.97,Inga,28.6,A
52.46,326.08,Garcinia,29.3,A
180.06,310.66,Eugenia,14.6,A
129.55,99.13,Inga,210.3,A
389.3,72.97,Alseis,241.6,A
357.99,308.29,Hirtella,12.9,A
409.3,90.22,Beilschmiedia,39.3,A
176.52,321.05,Eugenia,12.6,A
453.16,39.58,Eugenia,44.9,A
511.2,162.03,Calophyllum,21.4,A
356.05,192.78,Guarea,46.2,A
380.68,111.67,Aglaia,33.2,A
522.05,141.93,Aglaia,11.6,A
144.86,267.15,Garcinia,15.2,A
199.09,360.75,Rinorea,11.5,A
287.86,230.33,Faramea,,D
242.76,199.5,Dipteryx,129.3,A
29.74,315.94,Calophyllum,111.6,A
53.31,253.44,Eugenia,11.2,A
69.44,59.69,Alseis,12.8,A
568.64,135.79,Tetragastris,39.3,A
579.61,91.16,Beilschmiedia,61.7,A
530.29,101.22,Calophyllum,15.4,A
284.15,385.36,Cordia,174.8,A
47.02,50.66,Calophyllum,27.7,A
103.28,269.54,Dipteryx,,D
260.82,307.26,Dipteryx,70.2,A
38.63,60.62,Erythroxylum,,D
155.68,228.88,Hirtella,27.4,A
298.38,16.9,Aglaia,41.7,A
379.6,213.47,Alseis,45.0,A
81.09,171.47,Calophyllum,628.3,A
587.41,74.11,Beilschmiedia,10.0,A
117.14,5.81,Protium,11.5,A
498.68,46.13,Drypetes,32.6,A
384.8,232.35,Eugenia,34.6,A
358.54,385.73,Hirtella,161.2,A
241.29,178.84,Dipteryx,145.5,A
247.12,344.62,Calophyllum,17.5,A
17.76,291.43,Faramea,21.8,A
431.06,145.65,Dipteryx,,D
324.57,138.85,Jacaranda,41.2,A
226.42,324.04,Trichilia,29.6,A
320.87,191.44,Dipteryx,17.0,A
151.64,296.81,Knema,22.6,A
100.74,101.59,Shorea,22.6,A
74.17,308.68,Drypetes,10.1,A
234.95,123.42,Alseis,38.3,A
247.82,76.12,Cordia,29.7,A
423.23,43.14,Aglaia,,D
344.45,251.22,Cecropia,20.4,A
129.94,11.36,Alseis,,M
390.4,224.02,Eugenia,29.6,A
346.21,28.18,Hirtella,115.7,A
100.84,280.17,Alseis,25.8,A
157.95,364.66,Alseis,17.5,A
380.86,314.1,Aglaia,52.3,A
116.12,223.14,Guarea,41.9,A
163.21,135.54,Aglaia,66.9,A
339.43,92.42,Dipteryx,134.6,A
234.11,389.97,Jacaranda,26.7,A
133.47,125.8,Cordia,96.2,A
231.75,67.02,Garcinia,74.4,A
234.37,283.85,Eugenia,141.0,A
49.51,248.12,Calophyllum,30.2,A
17.36,376.18,Dipteryx,94.4,A
181.04,180.64,Quararibea,76.9,A
181.31,6.86,Alseis,24.7,A
111.09,25.49,Protium,22.3,A
424.52,135.31,Beilschmiedia,33.6,A
58.01,188.46,Aglaia,39.6,A
508.05,96.69,Drypetes,14.9,A
568.2,180.86,Faramea,52.9,A
205.71,294.82,Aglaia,17.5,A
442.46,186.87,Eugenia,63.5,A
287.15,4.96,Beilschmiedia,23.1,A
190.85,391.98,Dipteryx,24.0,A
138.8,304.37,Knema,16.8,A
503.46,56.34,Drypetes,12.4,A
351.52,280.09,Macaranga,128.6,A
514.83,176.56,Beilschmiedia,11.7,A
91.93,155.57,Drypetes,89.7,A
78.73,297.47,Aglaia,17.6,A
225.85,309.94,Aglaia,18.8,A
371.91,233.81,Cecropia,34.4,A
287.01,181.87,Faramea,,D
435.81,136.2,Beilschmiedia,37.9,A
13.72,269.12,Faramea,14.0,A
46.62,119.08,Guarea,33.9,A
365.22,201.65,Calophyllum,,D
52.11,261.74,Hirtella,27.5,A
440.9,156.98,Calophyllum,227.1,A
169.04,146.69,Aglaia,33.9,A
64.22,208.71,Calophyllum,108.1,A
248.03,203.78,Garcinia,28.9,A
86.76,135.65,Dipteryx,176.0,A
118.27,34.6,Cordia,91.7,A
179.64,143.49,Aglaia,137.8,A
211.45,308.99,Diospyros,32.6,A
95.08,320.5,Garcinia,13.3,A
562.01,184.25,Faramea,640.9,A
26.17,310.41,Faramea,143.9,A
116.81,100.37,Inga,16.6,A
324.58,347.34,Calophyllum,38.5,A
243.51,342.11,Aglaia,,M
198.93,188.48,Hirtella,55.5,A
273.42,216.27,Dipteryx,70.7,A
559.24,150.15,Hirtella,13.7,A
392.26,150.55,Faramea,29.9,A
49.07,73.04,Erythroxylum,12.9,A
88.13,300.86,Drypetes,151.1,A
225.58,354.47,Aglaia,12.3,A
46.59,333.69,Aglaia,28.0,A
83.54,238.2,Eugenia,11.9,A
64.03,272.37,Eugenia,10.8,A
591.45,58.21,Cordia,135.6,A
542.46,183.75,Hirtella,10.9,A
98.7,24.66,Eugenia,18.4,A
70.99,265.81,Drypetes,43.0,A
91.46,133.88,Calophyllum,651.4,A
357.61,77.92,Aglaia,86.1,A
204.64,50.99,Alseis,61.9,A
171.56,298.7,Alseis,19.3,A
401.57,115.45,Hirtella,67.9,A
240.24,287.47,Cordia,16.2,A
105.91,285.36,Jacaranda,25.0,A
385.17,66.82,Guarea,22.9,A
0.57,116.6,Hirtella,164.7,A
97.42,41.05,Eugenia,66.3,A
38.53,374.86,Jacaranda,15.2,A
178.96,134.31,Aglaia,22.4,A
98.05,396.79,Beilschmiedia,39.5,A
314.45,132.22,Nectandra,11.0,A
54.38,264.19,Guarea,18.8,A
409.12,195.8,Eugenia,71.2,A
471.49,129.02,Hirtella,12.3,A
337.49,196.57,Faramea,128.7,A
393.39,76.2,Aglaia,16.5,A
67.81,122.15,Inga,30.2,A
326.46,249.91,Cecropia,27.0,A
33.43,206.85,Dipteryx,15.0,A
176.65,3.68,Sloanea,111.2,A
132.83,389.3,Diospyros,62.9,A
35.24,289.21,Drypetes,18.2,A
104.02,30.67,Eugenia,94.8,A
4.52,270.39,Drypetes,35.4,A
139.22,276.82,Brosimum,,D
323.62,115.67,Aglaia,66.8,A
430.74,62.81,Aglaia,94.2,A
544.98,78.09,Calophyllum,328.4,A
319.08,37.55,Aglaia,33.1,A
253.14,251.91,Guarea,10.5,A
493.98,122.64,Eugenia,15.2,A
160.59,268.1,Faramea,10.7,A
599.56,13.85,Licania,42.1,A
245.49,106.48,Cordia,31.4,A
343.09,361.05,Tetragastris,15.6,A
180.7,311.64,Eugenia,,D
101.78,147.32,Nectandra,55.5,A
523.94,53.01,Calophyllum,,D
11.79,172.89,Macaranga,15.6,A
540.15,157.13,Beilschmiedia,42.2,A
540.07,48.84,Calophyllum,10.5,A
210.24,393.57,Dipteryx,10.5,A
79.74,94.26,Inga,42.6,A
339.86,264.04,Eugenia,12.0,A
54.09,312.61,Drypetes,79.0,A
407.64,25.38,Calophyllum,181.5,A
113.08,98.72,Alseis,53.0,A
568.23,165.21,Beilschmiedia,155.6,A
121.43,51.32,Cordia,36.4,A
441.25,115.46,Dipteryx,17.4,A
98.63,213.36,Quararibea,49.5,A
187.07,215.29,Palaquium,11.0,A
144.38,385.71,Alseis,,D
505.52,186.84,Drypetes,11.4,A
191.29,321.84,Drypetes,59.0,A
165.27,144.4,Beilschmiedia,54.0,A
242.71,288.24,Garcinia,14.2,A
323.22,212.23,Inga,18.6,A
134.97,136.98,Beilschmiedia,25.3,A
40.35,185.32,Aglaia,78.7,A
204.86,137.05,Cordia,48.9,A
355.25,82.41,Aglaia,50.9,A
429.14,123.82,Beilschmiedia,58.7,A
245.01,330.22,Beilschmiedia,191.1,A
263.19,338.64,Beilschmiedia,42.4,A
138.88,224.73,Calophyllum,12.0,A
315.14,90.67,Calophyllum,11.5,A
338.4,73.79,Jacaranda,14.1,A
395.01,291.91,Cordia,102.8,A
557.19,140.91,Tetragastris,,D
571.57,140.2,Calophyllum,74.3,A
358.26,215.78,Guarea,15.3,A
386.6,235.45,Beilschmiedia,155.5,A
124.83,226.95,Dipteryx,63.6,A
33.79,133.02,Garcinia,70.5,A
15.55,186.2,Dipteryx,64.9,A
197.55,291.88,Aglaia,14.9,A
50.31,366.94,Cordia,11.7,A
359.87,261.2,Cordia,59.9,A
81.47,224.96,Garcinia,32.0,A
121.23,241.92,Dipteryx,176.3,A
360.99,32.04,Alseis,36.5,A
90.55,38.35,Rinorea,56.2,A
295.63,357.44,Alseis,,D
308.36,34.05,Macaranga,100.4,A
374.9,60.94,Inga,38.0,A
536.95,16.96,Calophyllum,,M
191.74,206.56,Aglaia,,M
356.44,395.18,Palaquium,225.4,A
38.61,60.87,Erythroxylum,115.1,A
335.05,97.3,Ocotea,26.7,A
57.99,303.38,Aglaia,23.7,A
361.76,77.85,Macaranga,211.4,A
109.56,73.13,Dipteryx,411.8,A
180.58,258.95,Cordia,40.0,A
77.09,76.68,Jacaranda,14.5,A
93.23,379.16,Beilschmiedia,168.8,A
380.62,384.68,Hirtella,12.6,A
194.88,247.78,Aglaia,15.5,A
574.68,78.59,Alseis,54.8,A
265.58,31.77,Cordia,,D
196.0,319.48,Aglaia,47.8,A
243.83,187.23,Licania,385.3,A
44.81,212.76,Cordia,37.0,A
231.21,223.48,Eugenia,13.6,A
347.72,152.52,Faramea,12.6,A
170.24,264.17,Faramea,,D
597.95,79.03,Dipteryx,168.4,A
35.99,139.55,Inga,33.1,A
464.68,38.08,Eugenia,93.7,A
239.73,25.36,Alseis,,D
530.51,58.22,Knema,,D
364.27,17.49,Calophyllum,83.9,A
36.29,60.21,Drypetes,15.3,A
242.61,8.62,Hirtella,86.9,A
385.83,361.46,Tetragastris,36.9,A
217.51,399.39,Guarea,14.3,A
141.82,111.24,Dipteryx,10.1,A
453.03,81.13,Calophyllum,532.3,A
139.03,358.62,Knema,218.4,A
445.76,46.2,Calophyllum,10.4,A
35.68,152.8,Virola,42.3,A
467.31,173.33,Xylopia,15.6,A
268.26,188.32,Faramea,11.7,A
27.79,200.1,Anacardium,133.5,A
323.69,115.05,Beilschmiedia,16.3,A
96.1,91.61,Drypetes,44.2,A
123.69,285.58,Brosimum,15.2,A
198.02,292.64,Jacaranda,27.4,A
227.82,351.44,Shorea,113.5,A
214.02,257.4,Beilschmiedia,12.0,A
516.58,137.15,Aglaia,13.8,A
533.63,21.77,Licania,32.1,A
241.44,297.36,Dipteryx,11.2,A
557.0,161.75,Beilschmiedia,11.7,A
519.25,147.21,Calophyllum,31.8,A
88.85,174.57,Dipteryx,72.0,A
177.76,223.3,Aglaia,134.8,A
35.45,236.55,Eugenia,25.3,A
191.65,187.97,Drypetes,20.0,A
349.22,39.37,Calophyllum,210.5,A
234.92,370.37,Alseis,442.2,A
10.28,187.7,Alseis,,D
481.7,116.08,Guarea,16.2,A
545.79,54.15,Calophyllum,13.1,A
137.12,135.97,Ocotea,11.0,A
326.07,123.58,Trichilia,99.7,A
202.63,295.33,Faramea,15.9,A
356.99,223.8,Calophyllum,32.9,A
63.74,119.29,Cordia,52.6,A
84.58,162.19,Quararibea,11.1,A
513.43,196.8,Guarea,36.4,A
101.84,333.83,Guarea,146.6,A
99.49,35.46,Aglaia,15.0,A
524.79,101.23,Aglaia,10.1,A
353.33,135.12,Nectandra,14.0,A
427.2,18.37,Beilschmiedia,26.5,A
140.42,136.89,Alseis,422.8,A
97.79,274.34,Alseis,22.7,A
260.12,194.47,Dipteryx,125.5,A
407.72,68.41,Cordia,14.7,A
107.23,334.2,Aglaia,71.1,A
57.38,340.83,Aglaia,14.4,A
126.26,8.42,Alseis,18.9,A
170.44,300.23,Alseis,55.1,A
507.15,151.28,Dipteryx,16.5,A
276.13,154.16,Beilschmiedia,248.9,A
35.04,205.77,Nectandra,112.8,A
503.13,149.57,Shorea,44.2,A
297.61,198.01,Jacaranda,17.9,A
176.08,310.23,Aglaia,69.4,A
376.83,212.14,Aglaia,,D
39.31,231.2,Eugenia,41.8,A
174.37,201.36,Palaquium,24.5,A
221.9,379.16,Alseis,34.4,A
127.75,301.95,Knema,11.0,A
299.58,205.71,Garcinia,120.4,A
455.19,42.17,Ocotea,12.9,A
169.45,136.63,Beilschmiedia,105.4,A
24.75,374.58,Beilschmiedia,,D
250.24,190.59,Faramea,14.3,A
99.26,38.0,Aglaia,23.7,A
352.67,20.1,Calophyllum,,D
368.31,246.47,Beilschmiedia,27.1,A
232.44,10.7,Nectandra,183.6,A
85.84,315.49,Knema,47.1,A
335.22,266.8,Eugenia,11.0,A
73.54,146.48,Dipteryx,86.2,A
586.69,19.18,Macaranga,63.6,A
202.8,121.21,Alseis,41.2,A
81.63,210.93,Nectandra,14.1,A
381.34,61.39,Alseis,124.6,A
264.28,335.47,Aglaia,63.9,A
172.64,38.62,Cordia,22.0,A
85.08,159.28,Alseis,605.4,A
589.28,78.5,Eugenia,75.0,A
76.19,219.07,Cordia,14.3,A
347.42,133.87,Eugenia,25.8,A
145.07,206.8,Sloanea,12.4,A
323.12,122.03,Inga,12.2,A
166.05,302.65,Faramea,505.2,A
95.63,310.92,Beilschmiedia,,D
57.08,214.53,Cordia,16.7,A
220.77,301.06,Aglaia,106.1,A
192.39,235.88,Drypetes,224.0,A
71.49,64.81,Alseis,109.3,A
186.2,280.77,Dipteryx,26.3,A
108.4,363.39,Calophyllum,14.1,A
549.72,45.78,Alseis,39.9,A
389.06,131.35,Faramea,77.4,A
211.44,90.18,Licania,144.3,A
396.38,103.85,Alseis,59.2,A
305.0,126.34,Swartzia,19.7,A
68.1,333.27,Rinorea,11.2,A
240.99,80.48,Garcinia,13.9,A
16.09,286.77,Faramea,153.9,A
223.35,133.13,Cordia,13.6,A
55.59,151.82,Sloanea,,M
190.57,158.75,Aglaia,22.5,A
371.79,63.85,Drypetes,125.8,A
307.24,206.25,Inga,56.6,A
309.17,90.67,Knema,78.0,A
176.56,256.95,Cordia,115.3,A
375.48,199.34,Hirtella,24.3,A
220.22,171.9,Cordia,19.7,A
214.63,80.86,Garcinia,29.8,A
367.12,364.67,Aglaia,142.2,A
17.22,288.15,Swartzia,,D
131.14,94.0,Inga,13.5,A
166.58,233.93,Aglaia,72.0,A
540.41,170.25,Beilschmiedia,18.3,A
329.72,141.28,Alseis,59.1,A
231.85,106.47,Quararibea,76.9,A
161.02,292.69,Knema,,D
344.18,206.06,Dipteryx,161.3,A
587.88,81.05,Eugenia,41.8,A
113.01,391.21,Cordia,14.5,A
145.79,273.07,Calophyllum,60.0,A
89.85,113.83,Dipteryx,32.7,A
233.33,339.23,Cordia,26.7,A
317.74,206.32,Hirtella,111.2,A
347.06,282.62,Alseis,13.2,A
185.55,292.5,Ocotea,40.2,A
180.4,225.74,Drypetes,60.4,A
222.39,212.38,Swartzia,30.4,A
66.78,322.85,Garcinia,325.9,A
233.96,283.85,Shorea,,M
448.64,58.99,Beilschmiedia,22.8,A
41.88,171.2,Aglaia,36.4,A
472.81,90.74,Drypetes,15.4,A
387.87,356.34,Knema,11.2,A
369.77,79.33,Aglaia,94.3,A
472.83,163.81,Cordia,13.1,A
310.45,18.5,Garcinia,18.0,A
11.57,166.59,Inga,17.4,A
145.52,383.54,Alseis,,D
77.93,113.91,Inga,132.1,A
92.31,106.01,Inga,85.9,A
142.08,72.26,Inga,51.8,A
42.14,94.06,Eugenia,15.9,A
8.27,377.86,Eugenia,90.0,A
335.94,368.51,Alseis,11.9,A
98.11,112.28,Jacaranda,67.2,A
362.97,263.82,Jacaranda,,D
216.62,246.48,Dipteryx,35.4,A
331.16,167.25,Trichilia,56.3,A
590.81,191.02,Faramea,99.5,A
93.38,310.76,Sloanea,113.5,A
503.35,156.08,Calophyllum,17.2,A
256.2,172.23,Faramea,11.7,A
181.39,327.39,Knema,,D
412.12,65.65,Aglaia,28.5,A
99.96,269.07,Cordia,,M
361.26,76.58,Aglaia,18.0,A
224.57,154.72,Dipteryx,425.9,A
185.26,309.08,Faramea,185.1,A
40.19,196.11,Jacaranda,48.7,A
223.67,177.88,Rinorea,123.0,A
211.06,232.27,Calophyllum,15.6,A
338.2,266.96,Calophyllum,19.4,A
163.22,8.34,Alseis,,D
374.91,130.89,Ficus,16.4,A
131.46,271.17,Brosimum,16.4,A
410.15,180.74,Palaquium,,D
112.02,229.82,Eugenia,59.4,A
17.72,337.79,Alseis,14.3,A
392.4,335.59,Aglaia,27.3,A
73.06,32.61,Guarea,16.9,A
485.05,172.17,Drypetes,11.0,A
306.22,26.78,Aglaia,19.1,A
141.7,66.01,Anacardium,14.9,A
584.85,128.5,Dipteryx,30.6,A
183.1,292.85,Alseis,13.3,A
199.68,183.17,Dipteryx,42.8,A
36.95,48.4,Dipteryx,,D
84.98,287.81,Knema,28.3,A
376.7,119.26,Guarea,,D
66.74,61.04,Alseis,12.2,A
272.91,19.47,Hirtella,18.3,A
274.38,282.34,Aglaia,,D
146.69,285.11,Calophyllum,21.5,A
156.03,218.3,Aglaia,67.6,A
356.53,278.62,Cordia,41.9,A
146.84,125.26,Guarea,26.9,A
51.57,287.83,Knema,10.4,A
99.09,115.1,Inga,14.9,A
336.37,397.23,Beilschmiedia,16.8,A
306.3,271.85,Calophyllum,34.2,A
495.47,13.32,Calophyllum,511.7,A
576.37,17.8,Guarea,21.1,A
193.72,182.19,Aglaia,99.2,A
134.94,226.6,Nectandra,30.7,A
525.44,62.26,Dipteryx,140.5,A
88.54,328.6,Drypetes,31.2,A
372.48,210.93,Alseis,130.9,A
532.21,172.0,Sloanea,86.7,A
87.16,114.48,Palaquium,205.2,A
216.05,159.86,Aglaia,,M
278.32,196.81,Cordia,31.8,A
414.64,122.2,Alseis,10.4,A
161.63,264.8,Rinorea,29.8,A
273.17,212.92,Calophyllum,63.8,A
313.86,107.74,Beilschmiedia,10.9,A
80.13,143.98,Xylopia,783.5,A
559.07,152.91,Rinorea,33.9,A
181.23,304.38,Aglaia,,D
239.31,279.7,Beilschmiedia,96.5,A
544.89,192.64,Eugenia,12.8,A
60.11,215.65,Alseis,73.7,A
117.62,283.46,Garcinia,111.1,A
345.74,278.44,Alseis,200.9,A
287.65,10.46,Beilschmiedia,96.8,A
240.66,166.09,Alseis,32.5,A
370.0,232.79,Alseis,24.0,A
129.41,360.91,Cordia,115.6,A
208.83,324.38,Aglaia,108.9,A
195.83,108.58,Calophyllum,331.5,A
374.37,241.25,Beilschmiedia,12.5,A
116.98,286.43,Calophyllum,856.6,A
530.2,13.43,Licania,128.8,A
383.52,190.62,Macaranga,81.0,A
154.22,255.79,Alseis,144.6,A
324.63,101.68,Aglaia,17.9,A
156.21,109.26,Inga,,D
16.51,55.02,Calophyllum,47.0,A
61.66,282.77,Aglaia,125.1,A
114.65,56.75,Dipteryx,11.6,A
83.7,157.58,Alseis,12.3,A
157.98,99.15,Inga,87.5,A
534.72,64.62,Calophyllum,117.3,A
374.8,190.88,Cordia,64.9,A
251.41,307.97,Jacaranda,10.8,A
143.14,320.96,Jacaranda,19.3,A
270.46,48.19,Dipteryx,23.5,A
43.09,11.03,Licania,116.1,A
303.27,12.96,Aglaia,12.8,A
338.79,135.45,Hirtella,,D
412.12,187.75,Hirtella,19.9,A
54.93,242.67,Drypetes,25.5,A
87.69,301.94,Beilschmiedia,62.9,A
354.7,98.32,Dipteryx,26.0,A
282.1,16.49,Aglaia,56.0,A
167.37,112.81,Cordia,16.2,A
63.91,338.87,Aglaia,30.2,A
537.73,94.26,Guarea,16.3,A
343.5,101.48,Cecropia,242.7,A
372.28,205.92,Dipteryx,18.7,A
179.62,342.14,Beilschmiedia,44.7,A
489.09,182.34,Cordia,66.3,A
217.91,42.98,Ocotea,10.5,A
514.93,20.38,Guarea,22.7,A
108.7,232.52,Aglaia,14.0,A
472.75,130.3,Eugenia,71.5,A
547.34,105.31,Aglaia,32.0,A
31.45,263.16,Eugenia,55.3,A
37.08,368.6,Beilschmiedia,13.8,A
125.05,204.91,Cordia,19.8,A
104.18,278.87,Garcinia,15.4,A
343.59,255.02,Guarea,11.7,A
107.97,281.47,Knema,552.1,A
245.81,280.49,Beilschmiedia,136.5,A
148.82,153.64,Alseis,140.4,A
64.42,314.82,Aglaia,69.0,A
186.81,150.79,Aglaia,66.8,A
491.84,133.35,Beilschmiedia,69.2,A
201.04,246.88,Beilschmiedia,245.6,A
460.48,163.16,Beilschmiedia,15.4,A
91.49,220.58,Aglaia,72.7,A
68.61,228.4,Drypetes,18.4,A
37.4,394.0,Beilschmiedia,20.4,A
28.55,319.73,Drypetes,18.4,A
302.57,37.4,Eugenia,27.1,A
227.22,225.46,Nectandra,13.4,A
514.71,160.96,Aglaia,12.7,A
216.28,177.72,Drypetes,14.2,A
64.92,174.13,Knema,16.6,A
107.85,159.12,Calophyllum,11.9,A
245.72,214.94,Garcinia,267.7,A
452.23,94.11,Licania,12.1,A
186.25,60.78,Knema,62.0,A
160.41,156.8,Alseis,68.8,A
359.56,330.97,Hirtella,185.0,A
308.55,191.08,Garcinia,13.9,A
108.91,106.77,Drypetes,15.2,A
496.84,96.18,Beilschmiedia,12.0,A
32.57,252.91,Hirtella,119.0,A
135.35,146.67,Beilschmiedia,80.6,A
327.8,124.8,Dipteryx,44.3,A
192.77,289.81,Cordia,27.1,A
46.22,185.9,Aglaia,15.2,A
111.25,126.87,Drypetes,19.0,A
365.61,56.48,Drypetes,51.9,A
7.2,246.91,Alseis,62.9,A
188.95,295.9,Drypetes,17.7,A
150.25,250.03,Alseis,20.8,A
357.12,147.71,Eugenia,121.5,A
226.83,253.39,Aglaia,12.2,A
574.39,77.89,Beilschmiedia,12.7,A
64.1,226.79,Knema,10.4,A
509.3,73.03,Drypetes,18.4,A
282.1,201.45,Garcinia,10.9,A
415.99,131.57,Calophyllum,25.2,A
208.52,293.14,Ocotea,32.5,A
587.29,73.98,Eugenia,40.6,A
419.79,163.49,Cordia,13.8,A
322.01,201.14,Cordia,,D
316.28,293.77,Alseis,29.3,A
71.0,307.02,Aglaia,147.4,A
332.68,273.1,Hirtella,,D
52.39,18.96,Licania,20.2,A
178.5,106.44,Aglaia,18.5,A
411.5,19.56,Beilschmiedia,11.5,A
20.84,131.66,Aglaia,17.4,A
239.21,274.11,Beilschmiedia,84.6,A
362.26,229.53,Garcinia,11.3,A
548.12,185.03,Cordia,49.7,A
430.54,133.15,Beilschmiedia,24.4,A
229.05,91.77,Dipteryx,26.0,A
448.36,150.78,Jacaranda,25.2,A
412.26,147.32,Beilschmiedia,100.9,A
118.47,192.19,Cordia,126.6,A
417.59,41.96,Drypetes,25.0,A
171.93,372.81,Alseis,24.8,A
6.83,259.58,Faramea,57.9,A
212.05,25.61,Cordia,131.6,A
194.56,361.44,Cupania,18.5,A
103.14,114.79,Drypetes,49.0,A
410.28,177.18,Palaquium,20.3,A
428.67,135.06,Beilschmiedia,19.8,A
335.53,91.05,Jacaranda,14.7,A
152.05,246.12,Alseis,452.8,A
149.58,325.95,Drypetes,40.7,A
471.22,36.9,Calophyllum,140.6,A
551.89,86.32,Tetragastris,11.6,A
203.49,317.13,Aglaia,15.2,A
399.26,28.16,Inga,28.4,A
174.41,13.78,Anacardium,20.5,A
94.68,205.69,Rinorea,,D
428.1,198.01,Aglaia,12.5,A
194.82,3.1,Alseis,273.5,A
136.14,282.43,Drypetes,236.5,A
153.52,160.38,Alseis,303.0,A
559.94,105.31,Beilschmiedia,11.0,A
367.41,37.99,Inga,25.1,A
314.68,193.19,Faramea,78.7,A
326.25,266.82,Eugenia,13.2,A
206.16,266.13,Aglaia,132.8,A
62.45,278.67,Drypetes,82.0,A
311.85,153.26,Inga,36.4,A
285.56,305.47,Aglaia,12.5,A
158.63,346.81,Aglaia,39.0,A
308.14,374.61,Alseis,42.6,A
281.81,305.88,Aglaia,12.1,A
313.31,386.08,Cupania,18.3,A
234.98,302.64,Aglaia,12.5,A
187.69,46.24,Cordia,16.6,A
273.29,350.28,Aglaia,,D
58.74,295.4,Faramea,82.1,A
75.96,102.62,Sloanea,13.7,A
444.31,194.51,Garcinia,25.1,A
304.11,84.68,Aglaia,,M
529.22,112.19,Hirtella,10.7,A
375.36,249.62,Beilschmiedia,11.1,A
128.33,184.55,Macaranga,49.9,A
116.83,44.39,Aglaia,22.3,A
92.69,205.8,Rinorea,91.7,A
174.89,315.82,Dipteryx,10.0,A
514.99,99.04,Drypetes,12.9,A
418.25,187.87,Alseis,19.5,A
326.64,49.26,Drypetes,128.4,A
474.1,2.36,Hirtella,60.1,A
239.67,165.6,Alseis,12.8,A
225.85,324.62,Trichilia,13.3,A
376.56,260.53,Garcinia,,D
87.27,312.42,Beilschmiedia,56.1,A
142.3,159.89,Alseis,33.9,A
200.09,365.25,Calophyllum,10.5,A
188.61,327.71,Beilschmiedia,216.4,A
514.04,96.75,Licania,310.7,A
121.47,358.15,Diospyros,11.1,A
459.72,41.73,Eugenia,17.2,A
274.85,316.59,Calophyllum,,D
188.74,338.53,Eugenia,51.1,A
110.4,318.71,Knema,16.7,A
213.9,104.56,Garcinia,58.1,A
235.27,12.31,Hirtella,20.1,A
342.59,259.91,Licania,12.0,A
321.52,303.7,Cordia,21.4,A
113.23,153.43,Nectandra,24.3,A
1.31,133.1,Garcinia,12.8,A
221.51,200.13,Jacaranda,14.6,A
540.43,59.48,Alseis,439.8,A
122.29,277.43,Knema,23.1,A
160.61,319.86,Cordia,39.8,A
343.12,249.1,Eugenia,15.1,A
411.94,15.6,Garcinia,14.9,A
406.7,58.19,Aglaia,12.9,A
522.76,50.26,Faramea,26.8,A
194.38,107.59,Macaranga,30.8,A
13.05,138.57,Garcinia,11.1,A
149.56,386.01,Aglaia,42.4,A
168.55,346.78,Eugenia,45.9,A
80.64,307.25,Drypetes,11.4,A
290.9,363.76,Alseis,,D
351.67,141.95,Eugenia,51.8,A
313.81,16.42,Aglaia,32.3,A
213.47,103.86,Cordia,,M
292.55,164.35,Ficus,13.9,A
461.23,190.26,Eugenia,16.4,A
399.62,314.7,Alseis,28.6,A
587.0,45.58,Alseis,354.2,A
218.36,272.46,Hirtella,29.4,A
125.27,145.28,Shorea,12.4,A
330.09,133.56,Aglaia,19.3,A
196.5,128.77,Alseis,13.2,A
36.62,157.23,Alseis,57.7,A
111.88,200.42,Eugenia,26.4,A
424.07,43.23,Eugenia,125.5,A
330.29,201.73,Calophyllum,12.5,A
505.56,33.3,Drypetes,233.5,A
62.75,250.27,Garcinia,53.4,A
360.71,336.19,Alseis,15.2,A
116.8,351.17,Knema,131.9,A
175.28,217.14,Drypetes,21.2,A
181.44,111.2,Cordia,,D
199.44,349.31,Guarea,75.1,A
188.23,239.84,Aglaia,10.3,A
345.17,143.3,Alseis,51.7,A
358.82,57.01,Aglaia,14.4,A
355.44,129.57,Macaranga,43.0,A
268.32,206.44,Eugenia,46.1,A
435.54,190.43,Garcinia,44.2,A
416.88,143.72,Beilschmiedia,13.8,A
294.64,232.22,Cordia,101.9,A
145.77,266.71,Knema,143.2,A
370.53,117.9,Alseis,,D
102.93,302.95,Cordia,17.6,A
226.89,298.13,Aglaia,59.9,A
28.55,280.25,Drypetes,15.4,A
481.96,92.99,Drypetes,22.8,A
112.2,203.18,Hirtella,20.9,A
495.41,76.28,Beilschmiedia,51.3,A
423.54,182.89,Alseis,98.7,A
4.48,286.97,Dipteryx,71.9,A
93.01,368.59,Cordia,105.4,A
181.39,48.91,Jacaranda,12.6,A
90.07,276.0,Shorea,126.7,A
191.74,337.93,Eugenia,,D
501.88,37.77,Licania,36.7,A
388.21,202.18,Aglaia,27.3,A
176.35,336.25,Beilschmiedia,11.7,A
293.95,291.41,Protium,24.3,A
242.72,174.39,Cordia,140.8,A
290.78,361.26,Hirtella,36.6,A
387.07,303.74,Calophyllum,27.4,A
40.68,334.29,Drypetes,,D
228.64,88.95,Eugenia,13.7,A
50.1,41.21,Guarea,10.4,A
198.19,202.64,Sloanea,16.3,A
313.17,12.44,Garcinia,279.1,A
103.04,287.04,Knema,18.3,A
307.73,160.77,Macaranga,11.2,A
40.27,222.41,Sloanea,21.7,A
523.8,187.03,Beilschmiedia,199.1,A
118.62,124.38,Alseis,42.4,A
508.5,96.78,Drypetes,,D
132.91,135.52,Beilschmiedia,161.0,A
15.99,154.18,Inga,206.4,A
381.7,282.58,Licania,772.3,A
297.53,290.34,Aglaia,33.7,A
133.13,102.39,Dipteryx,268.2,A
206.09,106.71,Aglaia,70.8,A
388.02,158.31,Palaquium,43.1,A
224.65,316.63,Aglaia,,D
183.16,211.45,Garcinia,164.7,A
117.39,31.39,Alseis,13.7,A
46.18,370.73,Calophyllum,56.5,A
51.4,244.33,Calophyllum,83.3,A
81.75,81.52,Alseis,16.0,A
481.6,147.13,Knema,162.3,A
365.22,306.17,Aglaia,11.3,A
226.5,360.13,Eugenia,38.4,A
340.94,262.57,Shorea,51.8,A
185.23,197.25,Garcinia,16.9,A
128.66,332.38,Dipteryx,164.0,A
218.85,174.36,Cordia,34.2,A
233.6,154.57,Cordia,83.3,A
356.53,262.66,Ocotea,20.9,A
50.56,133.08,Virola,13.5,A
539.17,129.07,Aglaia,15.6,A
425.02,137.64,Beilschmiedia,,D
175.14,150.98,Aglaia,,D
416.19,93.54,Calophyllum,83.1,A
430.86,45.24,Beilschmiedia,105.6,A
36.49,361.14,Beilschmiedia,,D
219.43,297.92,Garcinia,17.1,A
342.06,394.11,Palaquium,30.5,A
132.14,189.34,Quararibea,,D
399.43,158.07,Cordia,33.0,A
262.9,294.3,Aglaia,11.1,A
236.74,127.43,Dipteryx,22.7,A
89.51,229.53,Anacardium,58.3,A
292.92,157.7,Beilschmiedia,12.8,A
230.86,220.85,Eugenia,10.5,A
565.5,78.88,Beilschmiedia,,D
317.47,196.77,Hirtella,16.1,A
79.46,365.86,Beilschmiedia,22.8,A
549.74,170.62,Guarea,,D
98.26,247.56,Calophyllum,,D
93.11,367.08,Beilschmiedia,127.9,A
204.77,119.82,Alseis,42.5,A
410.65,174.46,Hirtella,44.2,A
332.54,246.2,Hirtella,52.1,A
44.92,182.77,Aglaia,57.8,A
210.54,258.01,Aglaia,,D
1.62,204.55,Dipteryx,16.6,A
22.22,82.42,Alseis,56.7,A
151.87,148.29,Quararibea,,D
561.36,52.82,Faramea,23.4,A
277.86,34.33,Faramea,134.4,A
283.97,383.43,Dipteryx,358.7,A
203.86,295.54,Dipteryx,12.7,A
14.0,321.33,Cordia,10.6,A
267.52,351.47,Aglaia,48.1,A
422.45,61.35,Aglaia,28.8,A
190.85,102.88,Calophyllum,12.7,A
589.25,173.45,Faramea,167.5,A
159.52,190.99,Faramea,27.0,A
238.28,137.95,Knema,198.9,A
491.59,136.73,Beilschmiedia,188.0,A
43.93,89.03,Drypetes,49.5,A
593.34,129.21,Knema,65.7,A
339.58,396.47,Dipteryx,19.2,A
339.33,277.75,Alseis,19.6,A
75.16,313.16,Guarea,20.8,A
4.44,345.59,Dipteryx,304.8,A
115.13,120.59,Garcinia,41.3,A
351.83,203.28,Faramea,124.6,A
470.07,146.24,Drypetes,214.1,A
237.27,203.46,Calophyllum,,D
238.37,261.81,Alseis,204.9,A
203.78,141.63,Cordia,28.0,A
487.94,106.08,Drypetes,24.6,A
583.66,140.31,Tetragastris,65.4,A
206.99,218.58,Quararibea,88.2,A
441.82,173.48,Sloanea,20.5,A
440.73,177.35,Cordia,16.8,A
52.18,131.1,Anacardium,50.1,A
219.97,158.94,Guarea,,D
152.91,337.24,Guarea,18.5,A
424.28,18.84,Beilschmiedia,63.8,A
418.61,77.64,Calophyllum,44.2,A
224.72,307.4,Calophyllum,495.8,A
271.93,252.06,Beilschmiedia,54.2,A
351.72,333.95,Knema,94.7,A
327.53,20.26,Calophyllum,17.1,A
16.64,152.68,Inga,16.4,A
261.44,24.28,Faramea,,D
277.89,282.56,Aglaia,39.8,A
414.01,96.51,Ficus,16.9,A
448.99,94.36,Alseis,10.8,A
519.81,171.76,Jacaranda,15.5,A
68.11,291.86,Calophyllum,105.6,A
345.34,376.93,Tetragastris,25.6,A
334.17,377.02,Guarea,36.1,A
125.94,36.79,Cordia,,D
46.62,129.73,Alseis,70.7,A
188.5,220.94,Quararibea,379.9,A
157.03,31.19,Macaranga,14.2,A
348.92,258.34,Cecropia,88.9,A
23.05,154.61,Garcinia,90.8,A
553.27,172.72,Calophyllum,,D
31.28,218.49,Aglaia,16.0,A
107.34,260.22,Brosimum,13.6,A
359.21,73.76,Aglaia,10.0,A
100.7,294.39,Beilschmiedia,34.8,A
128.3,318.74,Aglaia,17.4,A
83.97,387.44,Garcinia,130.4,A
303.72,328.76,Calophyllum,12.0,A
367.91,91.75,Alseis,25.0,A
253.96,207.83,Cordia,65.1,A
580.21,43.28,Cordia,92.5,A
317.99,108.13,Beilschmiedia,,M
308.48,159.01,Ocotea,29.9,A
384.98,34.53,Inga,10.3,A
236.13,284.19,Cordia,31.8,A
46.66,135.02,Virola,14.6,A
586.75,176.98,Rinorea,99.3,A
486.76,82.75,Beilschmiedia,33.7,A
282.71,339.15,Alseis,72.7,A
230.69,179.35,Hirtella,94.9,A
24.47,47.38,Cordia,49.4,A
212.27,260.01,Aglaia,57.6,A
152.04,95.91,Inga,20.9,A
287.85,219.8,Garcinia,17.3,A
244.11,370.51,Alseis,15.1,A
245.89,168.49,Calophyllum,60.3,A
559.95,176.39,Rinorea,36.7,A
468.69,68.74,Eugenia,10.2,A
316.77,135.98,Jacaranda,12.9,A
152.34,259.08,Alseis,69.7,A
194.13,285.49,Eugenia,50.1,A
311.37,291.94,Aglaia,17.4,A
548.76,81.84,Guarea,103.1,A
239.39,171.1,Dipteryx,44.1,A
141.46,254.25,Alseis,22.7,A
166.88,92.83,Cordia,34.4,A
423.42,36.18,Eugenia,10.6,A
391.51,374.05,Alseis,17.2,A
261.0,3.43,Dipteryx,,D
576.52,169.89,Tetragastris,14.4,A
8.66,103.89,Alseis,452.0,A
178.53,262.68,Cordia,145.8,A
560.29,118.83,Calophyllum,,D
304.36,276.27,Nectandra,17.7,A
120.2,392.45,Diospyros,11.7,A
358.27,283.69,Calophyllum,33.8,A
549.07,103.56,Drypetes,22.6,A
378.97,51.92,Alseis,144.4,A
35.06,137.24,Aglaia,14.5,A
40.93,378.22,Guarea,,D
447.67,61.37,Dipteryx,338.4,A
546.27,45.86,Alseis,170.9,A
360.44,342.34,Aglaia,10.9,A
109.33,63.96,Shorea,26.8,A
9.16,171.02,Inga,21.7,A
17.61,89.55,Beilschmiedia,11.8,A
53.76,257.71,Eugenia,10.1,A
424.6,181.95,Alseis,,M
486.39,91.01,Beilschmiedia,272.6,A
365.37,46.9,Macaranga,18.9,A
338.44,383.59,Alseis,11.4,A
279.45,384.7,Cupania,149.3,A
72.9,122.43,Palaquium,34.5,A
198.15,49.02,Dipteryx,155.7,A
199.29,262.22,Alseis,517.5,A
39.31,161.16,Alseis,40.9,A
24.43,126.79,Cordia,43.3,A
79.1,255.12,Garcinia,169.9,A
92.23,317.87,Garcinia,,D
35.68,144.47,Cordia,27.3,A
169.3,197.09,Palaquium,17.4,A
322.55,380.49,Cupania,21.0,A
310.17,200.21,Shorea,56.9,A
142.57,130.06,Beilschmiedia,126.2,A
23.45,136.6,Calophyllum,17.7,A
423.41,182.65,Alseis,,D
99.25,376.88,Garcinia,14.1,A
315.09,42.25,Cordia,13.5,A
405.74,76.69,Aglaia,35.3,A
471.37,15.1,Beilschmiedia,207.1,A
79.91,176.91,Alseis,46.7,A
410.34,161.89,Palaquium,99.5,A
288.44,291.06,Dipteryx,19.9,A
154.19,222.21,Aglaia,111.1,A
99.3,382.17,Beilschmiedia,20.8,A
36.15,326.5,Knema,32.3,A
267.54,27.62,Knema,10.9,A
52.71,372.4,Beilschmiedia,31.2,A
192.9,278.79,Jacaranda,40.0,A
204.27,50.09,Alseis,17.4,A
355.37,96.75,Knema,11.1,A
155.43,144.09,Palaquium,19.7,A
119.37,345.6,Jacaranda,14.4,A
135.35,131.94,Beilschmiedia,19.5,A
9.97,222.0,Cordia,53.3,A
307.19,225.06,Faramea,122.4,A
304.5,339.43,Calophyllum,568.3,A
95.41,126.93,Alseis,15.8,A
521.98,161.47,Aglaia,21.0,A
149.3,355.3,Eugenia,34.4,A
257.88,316.84,Trichilia,36.7,A
53.8,148.43,Macaranga,11.3,A
388.76,127.78,Guarea,23.2,A
227.01,300.57,Aglaia,,D
357.95,19.42,Calophyllum,,D
489.61,136.61,Hura,258.7,A
301.27,156.02,Inga,89.2,A
528.07,175.77,Alseis,57.8,A
72.73,361.98,Swartzia,43.4,A
282.83,20.63,Nectandra,38.1,A
242.87,110.6,Guarea,,D
159.76,336.67,Drypetes,487.2,A
512.54,62.09,Calophyllum,,D
346.37,146.18,Cordia,,D
53.58,207.28,Drypetes,76.5,A
544.12,69.71,Knema,38.8,A
307.06,12.58,Cordia,23.6,A
344.0,386.27,Beilschmiedia,10.2,A
228.2,174.49,Rinorea,14.4,A
127.37,110.32,Sloanea,25.5,A
310.87,40.56,Aglaia,32.5,A
353.75,220.7,Alseis,34.5,A
444.16,61.44,Beilschmiedia,233.3,A
249.2,284.07,Alseis,,D
188.33,92.11,Guarea,20.5,A
145.77,255.82,Alseis,16.2,A
420.55,175.61,Eugenia,45.4,A
36.6,291.16,Drypetes,13.5,A
247.35,278.88,Alseis,33.7,A
49.0,171.26,Alseis,56.5,A
229.71,399.86,Cordia,15.0,A
147.45,43.87,Cordia,19.0,A
380.52,44.75,Guarea,162.0,A
203.53,190.94,Aglaia,13.4,A
438.51,148.59,Macaranga,15.9,A
242.8,263.3,Beilschmiedia,12.1,A
215.76,286.01,Sloanea,21.3,A
224.42,155.94,Calophyllum,30.4,A
209.99,331.32,Garcinia,12.2,A
569.37,42.27,Calophyllum,225.6,A
7.35,132.4,Aglaia,19.0,A
378.99,32.3,Calophyllum,801.7,A
229.41,255.05,Aglaia,16.9,A
491.06,101.88,Beilschmiedia,59.0,A
255.55,197.54,Garcinia,24.0,A
47.74,381.68,Diospyros,12.7,A
21.71,181.75,Aglaia,13.1,A
429.61,38.41,Dipteryx,232.6,A
58.01,149.51,Virola,,D
218.5,299.51,Faramea,18.3,A
220.87,96.6,Aglaia,,D
202.31,343.2,Drypetes,46.3,A
414.6,167.89,Palaquium,231.3,A
99.26,60.99,Guarea,21.4,A
533.97,188.76,Eugenia,15.8,A
225.06,129.11,Guarea,10.7,A
79.52,213.84,Sloanea,,D
423.48,128.51,Aglaia,10.5,A
115.86,31.38,Aglaia,,D
195.6,347.39,Faramea,18.8,A
169.67,232.8,Drypetes,41.1,A
407.19,118.18,Aglaia,127.3,A
333.09,110.05,Cecropia,21.8,A
163.91,254.86,Quararibea,20.9,A
234.01,204.37,Licania,199.8,A
47.87,139.63,Calophyllum,84.4,A
400.74,43.98,Alseis,10.0,A
191.89,115.66,Alseis,45.6,A
411.6,52.81,Inga,24.6,A
220.11,214.9,Dipteryx,231.2,A
353.08,118.65,Protium,14.4,A
23.09,146.03,Drypetes,12.4,A
191.02,17.25,Shorea,141.9,A
326.54,96.87,Calophyllum,662.2,A
231.49,319.47,Guarea,29.0,A
269.77,222.4,Dipteryx,22.8,A
263.59,312.15,Aglaia,10.4,A
233.04,295.25,Jacaranda,14.7,A
164.37,214.82,Palaquium,27.8,A
191.78,281.39,Alseis,,M
108.61,330.58,Guarea,11.5,A
337.17,195.38,Cordia,16.6,A
98.76,211.27,Dipteryx,34.8,A
287.07,33.42,Guarea,20.6,A
500.59,136.45,Beilschmiedia,46.3,A
522.22,158.35,Aglaia,43.6,A
558.08,100.95,Calophyllum,208.1,A
403.47,79.81,Beilschmiedia,34.6,A
209.16,243.4,Dipteryx,25.6,A
243.09,285.86,Dipteryx,50.1,A
423.26,91.16,Garcinia,25.2,A
282.82,376.78,Cordia,53.6,A
165.59,141.21,Beilschmiedia,193.4,A
7.28,200.47,Alseis,17.0,A
428.8,185.07,Aglaia,23.2,A
184.96,252.24,Aglaia,98.4,A
160.62,274.64,Alseis,38.8,A
360.8,71.01,Drypetes,192.7,A
13.35,210.34,Alseis,25.9,A
312.78,306.98,Alseis,15.4,A
227.32,326.96,Aglaia,20.5,A
295.71,36.11,Eugenia,74.7,A
226.55,284.2,Beilschmiedia,36.1,A
1.04,273.71,Faramea,16.6,A
13.42,360.07,Alseis,20.7,A
189.23,95.67,Protium,238.1,A
200.02,150.48,Dipteryx,13.1,A
231.18,34.27,Nectandra,10.1,A
300.4,264.99,Cordia,12.7,A
208.3,348.05,Hirtella,35.1,A
9.65,309.37,Drypetes,128.2,A
113.79,142.08,Drypetes,36.6,A
449.36,41.73,Beilschmiedia,90.1,A
447.31,188.86,Garcinia,15.3,A
541.34,199.12,Beilschmiedia,21.1,A
372.61,211.09,Alseis,,D
326.32,253.75,Protium,14.6,A
394.25,327.26,Alseis,32.2,A
92.44,242.71,Cordia,13.7,A
26.54,390.58,Alseis,38.8,A
127.02,314.68,Quararibea,18.8,A
477.4,39.99,Eugenia,,D
175.9,338.8,Beilschmiedia,63.3,A
596.92,82.89,Eugenia,40.2,A
294.64,261.61,Ocotea,20.1,A
304.62,139.28,Calophyllum,10.2,A
300.15,14.51,Aglaia,12.9,A
361.15,217.85,Eugenia,12.2,A
132.98,96.82,Drypetes,11.0,A
443.4,65.9,Beilschmiedia,,D
373.54,352.57,Macaranga,26.0,A
183.37,275.61,Guarea,39.6,A
53.15,158.56,Drypetes,43.5,A
378.1,132.23,Knema,21.8,A
101.66,240.38,Calophyllum,18.9,A
166.68,199.88,Palaquium,487.2,A
166.46,205.49,Drypetes,110.9,A
277.43,351.8,Aglaia,10.0,A
369.79,54.91,Aglaia,18.8,A
165.3,43.53,Protium,11.9,A
94.99,71.24,Xylopia,479.2,A
130.2,175.49,Calophyllum,39.3,A
41.8,49.65,Erythroxylum,60.9,A
465.61,171.56,Cordia,19.0,A
70.68,91.91,Jacaranda,12.5,A
393.18,49.3,Calophyllum,,D
250.6,168.92,Trichilia,13.3,A
149.77,273.83,Cordia,28.4,A
119.82,232.95,Aglaia,12.1,A
205.79,104.86,Cordia,18.1,A
97.92,161.54,Jacaranda,39.8,A
347.71,80.87,Drypetes,18.6,A
516.39,177.49,Dipteryx,256.4,A
106.52,177.06,Swartzia,21.4,A
250.09,30.83,Alseis,58.1,A
110.99,41.65,Aglaia,12.6,A
358.35,196.79,Jacaranda,11.3,A
241.45,113.87,Hirtella,19.0,A
1.57,245.99,Alseis,46.6,A
338.86,15.14,Garcinia,29.9,A
303.34,150.8,Inga,21.1,A
51.99,116.45,Cordia,,D
197.14,223.12,Aglaia,,D
559.78,120.61,Faramea,57.2,A
76.55,196.74,Sloanea,203.5,A
266.43,14.13,Faramea,32.5,A
119.52,269.4,Garcinia,35.1,A
387.74,54.51,Protium,11.3,A
588.45,150.3,Faramea,,D
388.71,102.12,Alseis,439.8,A
6.24,110.88,Aglaia,74.2,A
281.92,395.57,Dipteryx,47.4,A
108.57,255.88,Guarea,35.8,A
48.63,222.25,Garcinia,10.3,A
65.85,303.1,Aglaia,50.4,A
217.23,75.23,Faramea,37.4,A
370.73,374.95,Guarea,18.6,A
10.89,208.26,Alseis,13.7,A
170.81,276.52,Faramea,,D
189.76,349.25,Calophyllum,301.5,A
199.43,273.08,Jacaranda,,D
392.84,245.59,Ocotea,12.8,A
236.24,176.9,Alseis,47.5,A
138.04,57.57,Alseis,225.1,A
65.66,349.29,Calophyllum,23.0,A
99.35,114.29,Alseis,121.6,A
532.2,163.72,Beilschmiedia,53.7,A
168.63,266.82,Rinorea,10.4,A
9.17,83.58,Beilschmiedia,123.9,A
2.86,205.51,Knema,17.3,A
128.75,253.67,Anacardium,14.6,A
319.04,120.36,Beilschmiedia,26.5,A
311.56,280.6,Sloanea,24.6,A
25.71,309.46,Drypetes,130.2,A
283.92,356.4,Macaranga,16.2,A
48.62,217.87,Alseis,12.6,A
143.68,167.41,Gustavia,49.1,A
191.36,308.82,Aglaia,66.2,A
138.52,191.49,Cordia,121.4,A
378.7,242.31,Aglaia,45.4,A
402.0,17.56,Jacaranda,16.0,A
249.66,268.32,Beilschmiedia,28.2,A
33.0,60.64,Dipteryx,15.9,A
176.41,265.08,Knema,105.2,A
343.96,380.35,Macaranga,42.5,A
74.43,357.26,Knema,144.3,A
326.99,102.15,Cecropia,18.0,A
26.83,107.51,Alseis,255.8,A
24.1,201.53,Nectandra,14.8,A
407.12,75.58,Aglaia,,D
96.45,279.75,Alseis,195.6,A
147.96,333.57,Aglaia,63.5,A
241.71,157.46,Alseis,12.7,A
183.58,223.05,Drypetes,138.6,A
545.22,141.61,Knema,23.6,A
392.91,74.94,Inga,,D
347.91,81.94,Aglaia,90.5,A
346.66,96.56,Aglaia,39.8,A
211.62,62.1,Dipteryx,25.2,A
385.83,15.13,Alseis,10.8,A
93.27,247.15,Garcinia,11.2,A
577.75,198.41,Hirtella,27.7,A
356.15,303.84,Dipteryx,12.6,A
523.25,194.13,Faramea,144.3,A
552.59,84.41,Beilschmiedia,196.7,A
224.94,325.8,Trichilia,123.1,A
159.19,358.97,Cordia,22.2,A
47.54,264.86,Macaranga,16.1,A
32.77,211.19,Aglaia,95.9,A
220.74,239.13,Dipteryx,159.5,A
287.41,150.27,Beilschmiedia,11.8,A
145.0,262.66,Alseis,78.6,A
266.69,299.07,Garcinia,10.3,A
78.36,15.31,Licania,11.8,A
476.9,107.24,Drypetes,14.8,A
311.49,62.93,Dipteryx,20.3,A
511.17,85.55,Beilschmiedia,15.5,A
60.49,141.8,Drypetes,35.4,A
196.23,122.42,Hirtella,10.8,A
303.09,105.02,Alseis,538.6,A
75.46,160.74,Cordia,10.7,A
581.07,93.44,Alseis,22.7,A
159.78,112.41,Inga,25.9,A
224.95,51.34,Alseis,43.9,A
323.85,130.5,Trichilia,,M
70.47,184.72,Jacaranda,15.1,A
232.36,297.07,Cordia,14.6,A
389.53,188.5,Protium,14.2,A
272.15,211.66,Eugenia,35.0,A
382.91,367.73,Cordia,10.6,A
135.17,28.96,Dipteryx,45.4,A
71.1,114.88,Inga,10.2,A
61.62,234.58,Drypetes,14.2,A
226.61,120.62,Guarea,13.6,A
344.6,390.87,Beilschmiedia,50.4,A
214.56,374.97,Cordia,14.9,A
134.18,250.56,Brosimum,17.5,A
53.58,277.67,Drypetes,81.7,A
27.14,136.87,Dipteryx,26.2,A
223.35,279.2,Drypetes,15.5,A
367.6,392.07,Ocotea,47.3,A
196.84,255.41,Faramea,163.7,A
132.39,246.55,Guarea,,D
372.34,75.3,Garcinia,16.3,A
213.38,315.03,Garcinia,152.2,A
372.65,204.02,Cordia,101.5,A
13.03,212.1,Hirtella,,D
207.6,263.5,Dipteryx,11.4,A
434.65,198.14,Garcinia,46.8,A
32.13,62.44,Erythroxylum,209.1,A
402.35,14.82,Drypetes,309.1,A
33.27,105.93,Alseis,27.8,A
375.8,359.52,Tetragastris,,D
485.92,138.87,Calophyllum,21.6,A
500.01,127.16,Aglaia,128.8,A
67.02,157.0,Aglaia,59.2,A
126.7,148.97,Sloanea,58.9,A
345.74,101.03,Garcinia,10.1,A
60.92,141.79,Knema,21.9,A
408.81,72.78,Garcinia,28.9,A
156.17,299.0,Drypetes,,D
240.79,357.36,Alseis,16.0,A
437.58,115.08,Jacaranda,12.8,A
241.71,142.17,Hirtella,28.4,A
318.22,100.74,Jacaranda,10.2,A
163.13,260.42,Shorea,132.5,A
581.29,138.14,Jacaranda,154.3,A
27.15,359.02,Sloanea,15.9,A
372.16,237.83,Beilschmiedia,18.3,A
47.89,375.66,Beilschmiedia,108.2,A
126.82,276.85,Cordia,24.4,A
29.27,212.33,Faramea,418.6,A
358.05,372.29,Aglaia,,M
85.21,305.86,Beilschmiedia,80.9,A
222.64,285.68,Dipteryx,102.1,A
353.05,237.05,Cecropia,17.4,A
528.72,60.85,Jacaranda,34.4,A
437.18,69.47,Inga,23.0,A
138.97,236.0,Faramea,169.3,A
352.79,297.63,Nectandra,176.7,A
316.88,365.59,Cordia,66.2,A
198.82,33.49,Dipteryx,128.8,A
189.11,140.91,Aglaia,88.4,A
457.34,47.34,Beilschmiedia,34.5,A
470.74,158.34,Drypetes,16.7,A
189.61,263.03,Faramea,88.8,A
44.68,82.24,Calophyllum,21.3,A
148.8,137.93,Beilschmiedia,228.6,A
229.29,120.11,Licania,33.0,A
393.56,90.01,Garcinia,15.7,A
228.9,266.88,Beilschmiedia,35.5,A
172.49,193.57,Quararibea,188.9,A
369.85,154.25,Shorea,45.1,A
80.08,95.82,Inga,18.7,A
323.79,20.22,Calophyllum,25.2,A
148.93,125.56,Dipteryx,25.7,A
246.48,267.46,Aglaia,24.2,A
154.83,307.19,Calophyllum,19.4,A
351.16,355.29,Aglaia,38.7,A
176.54,350.47,Cordia,20.3,A
302.47,371.32,Cupania,25.1,A
91.29,99.95,Drypetes,69.2,A
188.6,239.43,Hirtella,16.3,A
482.47,18.25,Calophyllum,42.5,A
171.52,91.01,Calophyllum,10.3,A
137.67,371.99,Guarea,186.6,A
283.2,180.41,Trichilia,19.2,A
121.57,130.39,Drypetes,20.0,A
356.07,74.69,Drypetes,32.7,A
41.49,192.46,Dipteryx,163.6,A
315.85,109.25,Aglaia,77.0,A
136.41,388.64,Aglaia,33.8,A
340.28,34.1,Alseis,38.0,A
54.91,314.2,Aglaia,45.0,A
164.54,158.51,Protium,13.8,A
67.77,319.11,Aglaia,14.1,A
13.07,83.98,Drypetes,40.8,A
378.67,339.64,Cordia,14.8,A
256.45,363.46,Calophyllum,787.3,A
63.17,218.31,Alseis,24.5,A
533.59,34.35,Licania,896.9,A
11.33,133.13,Aglaia,10.4,A
481.17,168.8,Drypetes,17.3,A
234.56,285.78,Eugenia,13.3,A
483.47,23.65,Licania,55.8,A
127.72,92.04,Inga,18.6,A
115.16,195.07,Cordia,154.9,A
337.43,114.98,Cecropia,10.6,A
459.82,76.33,Calophyllum,90.8,A
192.4,88.58,Jacaranda,21.3,A
259.45,208.16,Garcinia,161.4,A
217.16,372.65,Calophyllum,,D
442.62,12.83,Beilschmiedia,14.8,A
465.34,107.89,Drypetes,56.5,A
363.34,80.31,Alseis,11.7,A
249.68,174.96,Alseis,23.3,A
107.97,194.79,Calophyllum,79.4,A
309.28,101.3,Beilschmiedia,11.8,A
316.14,211.5,Faramea,103.5,A
43.3,120.95,Drypetes,401.2,A
257.36,173.48,Faramea,28.8,A
198.26,61.22,Cordia,75.3,A
101.73,243.61,Guarea,13.5,A
70.03,203.53,Dipteryx,333.7,A
351.61,15.77,Calophyllum,11.8,A
150.95,140.06,Beilschmiedia,22.9,A
339.15,106.66,Drypetes,21.5,A
66.95,171.19,Aglaia,28.7,A
82.35,46.0,Protium,119.8,A
42.32,128.14,Virola,11.2,A
563.33,42.83,Licania,470.7,A
436.07,82.07,Alseis,537.8,A
308.81,230.44,Dipteryx,20.4,A
492.58,45.93,Licania,,D
15.26,342.48,Faramea,11.9,A
337.23,389.11,Dipteryx,27.6,A
70.76,172.91,Protium,24.4,A
111.92,54.81,Aglaia,10.1,A
206.88,286.54,Faramea,35.6,A
90.44,310.52,Beilschmiedia,26.2,A
164.79,328.91,Knema,50.9,A
254.14,248.15,Nectandra,82.5,A
189.66,206.57,Hirtella,14.8,A
377.94,102.53,Cordia,106.4,A
312.69,86.22,Aglaia,21.5,A
160.73,136.11,Swartzia,33.5,A
21.14,9.03,Swartzia,12.5,A
313.11,222.39,Faramea,22.7,A
32.29,313.88,Guarea,,D
422.82,2.9,Guarea,11.7,A
195.9,241.25,Cordia,52.9,A
75.87,166.24,Guarea,41.2,A
145.69,330.33,Faramea,46.2,A
547.36,62.55,Faramea,14.5,A
589.82,92.37,Alseis,69.1,A
237.36,248.31,Hirtella,31.0,A
391.17,224.4,Eugenia,151.1,A
566.56,125.2,Aglaia,16.2,A
165.0,333.42,Beilschmiedia,,D
354.82,217.3,Alseis,14.2,A
545.86,95.93,Guarea,81.3,A
168.05,146.9,Calophyllum,96.6,A
47.09,366.83,Beilschmiedia,16.5,A
120.66,265.74,Sloanea,26.9,A
297.11,21.79,Aglaia,39.0,A
174.49,369.41,Rinorea,35.1,A
32.98,77.67,Beilschmiedia,13.5,A
186.93,123.82,Licania,41.1,A
126.27,369.72,Jacaranda,50.9,A
43.19,121.81,Drypetes,17.1,A
97.61,146.64,Dipteryx,126.0,A
366.59,62.45,Drypetes,21.0,A
401.67,149.59,Palaquium,25.5,A
29.5,275.1,Guarea,15.8,A
89.7,376.57,Garcinia,52.1,A
208.78,15.93,Calophyllum,23.1,A
197.28,34.72,Nectandra,43.0,A
579.39,191.48,Faramea,667.5,A
71.95,153.04,Alseis,14.0,A
56.23,334.55,Guarea,21.3,A
24.25,233.35,Cordia,92.5,A
222.71,243.43,Drypetes,17.4,A
287.23,301.82,Aglaia,11.4,A
181.87,339.77,Aglaia,15.3,A
225.71,327.55,Eugenia,131.8,A
449.32,34.08,Macaranga,16.3,A
305.07,349.53,Aglaia,13.0,A
288.6,33.36,Aglaia,10.3,A
561.25,181.64,Guarea,76.2,A
236.31,271.35,Beilschmiedia,49.2,A
136.56,369.48,Calophyllum,38.1,A
258.79,238.61,Beilschmiedia,16.1,A
208.23,188.57,Aglaia,27.7,A
22.23,280.05,Faramea,22.1,A
353.13,15.12,Calophyllum,95.5,A
314.2,44.69,Swartzia,30.9,A
9.06,330.7,Dipteryx,39.5,A
24.96,41.73,Erythroxylum,22.8,A
80.84,223.14,Nectandra,17.8,A
242.31,281.45,Jacaranda,164.2,A
446.95,24.06,Calophyllum,25.2,A
358.35,272.37,Cordia,,D
348.57,85.87,Aglaia,13.1,A
91.87,331.02,Dipteryx,11.9,A
477.84,54.56,Faramea,10.6,A
13.61,248.4,Hirtella,12.7,A
126.89,284.31,Shorea,58.1,A
244.8,112.65,Beilschmiedia,46.3,A
396.73,264.84,Calophyllum,32.0,A
12.37,361.52,Beilschmiedia,54.7,A
361.88,50.21,Aglaia,16.1,A
553.33,106.55,Guarea,12.1,A
578.16,95.32,Beilschmiedia,11.2,A
54.01,234.02,Drypetes,261.9,A
207.65,311.43,Jacaranda,22.6,A
119.91,46.07,Rinorea,54.8,A
324.3,236.6,Faramea,18.1,A
57.47,37.58,Garcinia,,D
148.76,256.96,Alseis,291.1,A
587.34,70.91,Xylopia,,D
54.62,342.69,Garcinia,45.3,A
226.9,75.53,Eugenia,11.5,A
491.93,116.97,Calophyllum,104.7,A
567.53,157.74,Tetragastris,13.2,A
114.8,336.37,Shorea,24.3,A
125.94,58.99,Alseis,145.1,A
245.94,66.63,Garcinia,141.9,A
156.75,79.8,Inga,50.2,A
224.31,242.0,Aglaia,51.4,A
302.19,129.61,Knema,13.0,A
324.25,253.94,Calophyllum,12.7,A
128.9,135.71,Calophyllum,156.9,A
372.51,249.53,Cordia,44.9,A
46.31,133.26,Alseis,,D
123.15,149.32,Gustavia,62.6,A
63.75,61.23,Calophyllum,57.8,A
175.75,31.55,Nectandra,12.3,A
380.59,255.83,Guarea,223.8,A
47.0,214.3,Alseis,185.1,A
18.76,190.02,Cordia,12.8,A
22.26,246.47,Faramea,12.8,A
134.43,143.27,Macaranga,10.4,A
479.35,107.78,Drypetes,77.1,A
51.7,256.64,Drypetes,37.9,A
378.51,324.02,Aglaia,,M
386.54,171.36,Palaquium,28.9,A
191.06,0.14,Alseis,18.4,A
169.26,269.18,Cordia,43.8,A
306.76,172.59,Inga,21.5,A
330.53,398.24,Ocotea,10.4,A
218.26,196.76,Drypetes,31.9,A
156.91,313.83,Faramea,14.4,A
290.42,193.03,Licania,971.5,A
415.47,83.71,Beilschmiedia,14.8,A
159.22,127.48,Aglaia,96.0,A
111.75,23.49,Alseis,13.4,A
227.97,258.12,Aglaia,35.8,A
237.17,326.8,Dipteryx,40.8,A
90.98,123.75,Palaquium,13.4,A
180.03,329.6,Beilschmiedia,64.4,A
391.16,155.3,Faramea,27.5,A
360.22,317.82,Licania,13.9,A
200.41,251.12,Guarea,32.1,A
121.73,39.38,Calophyllum,93.9,A
501.47,14.4,Drypetes,13.9,A
6.53,117.0,Calophyllum,,M
203.49,307.09,Jacaranda,30.7,A
147.25,381.67,Alseis,34.3,A
193.46,179.94,Licania,20.5,A
12.21,80.6,Beilschmiedia,13.4,A
297.66,41.07,Eugenia,51.7,A
535.01,64.43,Faramea,678.0,A
478.23,96.26,Drypetes,,D
393.21,220.59,Eugenia,79.1,A
116.12,263.35,Knema,19.5,A
52.92,143.45,Drypetes,12.2,A
463.38,34.41,Hirtella,23.2,A
413.84,55.13,Garcinia,,D
311.3,140.74,Inga,34.9,A
534.57,71.08,Calophyllum,321.8,A
322.38,4.83,Aglaia,23.1,A
582.34,172.74,Guarea,14.8,A
98.49,141.8,Cordia,14.3,A
242.95,170.36,Cordia,13.6,A
534.08,34.84,Faramea,45.3,A
383.05,382.45,Knema,19.3,A
540.33,198.22,Faramea,16.4,A
289.14,162.37,Guarea,28.6,A
112.53,209.3,Rinorea,123.7,A
124.3,128.36,Beilschmiedia,15.0,A
79.2,256.23,Calophyllum,23.0,A
315.34,150.28,Guarea,65.1,A
308.27,26.94,Aglaia,29.4,A
345.43,336.51,Cordia,21.0,A
357.32,177.8,Faramea,16.4,A
535.67,75.9,Licania,527.2,A
550.49,58.71,Dipteryx,26.7,A
220.56,328.31,Drypetes,,D
75.62,98.8,Cordia,14.3,A
328.01,255.78,Eugenia,15.3,A
299.82,374.81,Alseis,26.2,A
183.81,333.65,Drypetes,22.7,A
484.41,15.26,Eugenia,15.3,A
342.15,390.86,Alseis,,D
62.52,216.57,Alseis,12.8,A
51.99,152.52,Knema,133.7,A
338.61,394.0,Beilschmiedia,,D
170.77,298.22,Alseis,18.8,A
15.09,251.46,Drypetes,24.2,A
336.41,395.2,Beilschmiedia,39.5,A
88.66,107.82,Drypetes,,D
7.29,253.08,Alseis,34.1,A
291.42,163.02,Inga,203.4,A
479.97,194.41,Jacaranda,21.6,A
172.44,76.0,Dipteryx,10.7,A
114.06,50.27,Nectandra,53.4,A
397.83,87.73,Calophyllum,41.7,A
451.98,124.75,Shorea,31.8,A
569.29,169.82,Dipteryx,12.6,A
562.32,97.34,Beilschmiedia,47.4,A
598.2,194.08,Guarea,22.6,A
421.69,101.81,Aglaia,20.0,A
486.94,72.17,Calophyllum,154.3,A
164.33,190.96,Alseis,10.6,A
208.04,217.42,Cordia,28.7,A
184.15,181.05,Macaranga,12.3,A
219.31,245.03,Quararibea,12.2,A
546.54,178.91,Rinorea,,D
163.75,189.43,Cordia,,D
574.38,94.64,Alseis,157.6,A
65.11,153.39,Guarea,13.2,A
172.89,275.13,Cordia,161.9,A
95.54,150.07,Macaranga,65.9,A
71.41,45.05,Protium,10.3,A
242.08,325.48,Beilschmiedia,76.3,A
417.11,64.66,Cordia,20.1,A
364.16,139.35,Hirtella,,D
198.89,255.56,Cordia,32.9,A
319.68,45.37,Cordia,58.4,A
68.6,63.71,Alseis,20.0,A
236.46,171.11,Alseis,13.6,A
87.76,184.49,Jacaranda,37.8,A
338.66,114.83,Beilschmiedia,,D
569.49,2.98,Licania,129.7,A
192.07,281.04,Faramea,32.0,A
163.12,391.23,Jacaranda,25.7,A
520.78,31.86,Drypetes,,M
61.19,375.16,Guarea,11.5,A
42.75,317.66,Faramea,172.5,A
4.32,108.76,Guarea,26.0,A
175.25,175.73,Calophyllum,99.3,A
257.54,166.55,Dipteryx,12.3,A
471.68,47.36,Faramea,10.3,A
318.32,119.25,Aglaia,11.5,A
246.96,115.05,Hirtella,23.6,A
324.77,19.8,Xylopia,10.5,A
289.84,5.42,Aglaia,49.4,A
154.74,203.94,Drypetes,24.3,A
539.82,177.78,Beilschmiedia,24.3,A
387.83,7.38,Alseis,12.4,A
426.06,36.78,Calophyllum,14.9,A
38.93,264.79,Nectandra,30.2,A
326.58,313.53,Aglaia,99.3,A
535.66,77.64,Licania,61.6,A
148.74,165.55,Quararibea,53.4,A
434.87,133.4,Beilschmiedia,36.3,A
244.58,318.93,Aglaia,13.2,A
376.32,30.26,Drypetes,,D
420.6,195.46,Jacaranda,36.9,A
259.78,342.63,Luehea,50.0,A
84.84,186.68,Guarea,112.2,A
271.39,30.24,Faramea,14.5,A
351.86,142.72,Macaranga,91.2,A
371.22,93.25,Alseis,11.4,A
224.54,323.12,Aglaia,103.1,A
447.09,100.79,Cordia,102.8,A
309.28,184.49,Jacaranda,149.6,A
97.67,266.02,Alseis,172.7,A
358.13,141.56,Calophyllum,34.0,A
50.72,100.86,Inga,11.0,A
244.6,327.49,Beilschmiedia,,D
328.03,181.21,Trichilia,10.9,A
268.32,238.2,Dipteryx,52.0,A
189.05,139.75,Aglaia,12.9,A
181.18,3.56,Calophyllum,367.6,A
203.19,342.88,Eugenia,26.0,A
245.11,43.81,Anacardium,65.3,A
48.14,264.7,Drypetes,18.0,A
185.05,114.62,Alseis,30.2,A
357.73,65.35,Aglaia,10.1,A
544.69,56.12,Alseis,37.0,A
336.02,146.46,Trichilia,89.2,A
215.11,44.1,Alseis,72.6,A
403.41,95.07,Aglaia,93.0,A
240.02,363.39,Alseis,55.0,A
32.14,234.91,Calophyllum,152.6,A
27.31,289.92,Dipteryx,23.5,A
25.25,42.43,Guarea,,D
47.96,206.52,Guarea,,D
102.66,252.33,Palaquium,16.3,A
122.25,116.56,Inga,32.4,A
199.55,87.53,Alseis,38.4,A
81.41,19.16,Calophyllum,13.0,A
283.35,270.9,Aglaia,10.0,A
288.73,233.55,Swartzia,425.3,A
138.81,96.05,Hirtella,48.6,A
91.04,240.43,Knema,11.1,A
450.17,120.84,Calophyllum,13.4,A
53.36,110.4,Dipteryx,118.6,A
482.25,137.29,Beilschmiedia,10.9,A
334.18,79.36,Calophyllum,253.9,A
35.55,70.53,Hirtella,42.5,A
598.23,30.34,Licania,829.4,A
174.29,335.67,Trichilia,17.0,A
405.12,36.28,Drypetes,10.7,A
209.41,333.19,Drypetes,12.1,A
71.61,63.14,Cordia,109.5,A
347.11,317.72,Aglaia,19.0,A
164.12,131.99,Aglaia,24.1,A
522.06,14.14,Cordia,26.6,A
141.66,86.81,Inga,29.7,A
155.39,302.44,Calophyllum,14.8,A
240.98,157.45,Knema,18.3,A
120.93,146.65,Gustavia,55.5,A
176.08,308.63,Drypetes,12.5,A
168.84,374.64,Dipteryx,24.5,A
84.48,236.72,Aglaia,,D
553.6,165.69,Beilschmiedia,,M
320.62,304.31,Alseis,,M
364.3,203.73,Dipteryx,49.4,A
379.92,67.05,Alseis,10.7,A
274.2,222.23,Cordia,36.7,A
329.97,157.99,Macaranga,10.5,A
295.5,230.79,Protium,11.7,A
367.28,85.57,Aglaia,44.8,A
570.44,77.02,Beilschmiedia,45.1,A
196.76,326.89,Drypetes,120.1,A
165.04,333.17,Beilschmiedia,24.3,A
135.66,195.47,Cordia,,D
270.43,283.73,Calophyllum,,D
191.66,232.5,Drypetes,10.9,A
427.07,19.75,Beilschmiedia,14.1,A
37.01,73.74,Dipteryx,17.8,A
572.64,173.05,Jacaranda,17.1,A
67.5,222.98,Calophyllum,31.3,A
226.6,242.92,Drypetes,515.0,A
48.09,226.71,Eugenia,33.6,A
236.3,288.37,Aglaia,84.0,A
10.62,337.84,Calophyllum,50.5,A
101.67,399.47,Beilschmiedia,65.8,A
26.24,295.18,Sloanea,65.4,A
157.4,204.11,Garcinia,16.3,A
373.96,101.37,Dipteryx,11.4,A
180.7,385.32,Cupania,22.1,A
198.7,219.82,Aglaia,,M
320.43,168.06,Inga,13.2,A
246.69,129.44,Cordia,31.7,A
313.9,143.23,Inga,12.3,A
140.68,90.34,Dipteryx,33.3,A
387.3,367.48,Tetragastris,11.0,A
255.5,170.89,Faramea,198.0,A
183.3,130.67,Cordia,41.0,A
342.05,217.51,Cordia,,D
334.76,39.34,Aglaia,38.2,A
241.03,326.9,Cordia,16.7,A
55.87,95.73,Drypetes,51.2,A
558.54,68.1,Jacaranda,30.7,A
57.65,335.55,Cordia,39.4,A
257.71,190.97,Licania,14.6,A
163.06,239.95,Drypetes,20.0,A
239.29,254.99,Sloanea,12.1,A
16.04,99.86,Alseis,204.8,A
165.75,322.14,Drypetes,145.9,A
311.25,270.64,Calophyllum,29.5,A
143.6,113.24,Jacaranda,21.0,A
209.36,148.44,Calophyllum,371.3,A
235.25,67.74,Hirtella,12.6,A
81.34,92.23,Inga,16.4,A
130.37,310.78,Aglaia,49.8,A
240.38,308.11,Nectandra,24.6,A
312.06,76.68,Ficus,67.7,A
229.04,366.37,Eugenia,14.0,A
541.88,173.99,Beilschmiedia,,D
113.9,24.38,Cordia,16.1,A
79.11,251.84,Calophyllum,65.9,A
275.56,39.68,Hirtella,200.4,A
164.36,127.81,Calophyllum,11.9,A
233.47,326.22,Aglaia,58.8,A
217.17,252.29,Beilschmiedia,26.8,A
173.71,32.79,Nectandra,14.6,A
292.83,1.01,Beilschmiedia,12.9,A
352.51,334.99,Eugenia,10.5,A
246.14,112.63,Beilschmiedia,17.0,A
286.12,309.6,Dipteryx,23.2,A
367.36,328.16,Alseis,14.8,A
68.56,71.26,Alseis,41.9,A
197.18,277.26,Dipteryx,213.1,A
64.8,209.29,Dipteryx,282.2,A
322.25,55.74,Calophyllum,136.2,A
255.49,262.05,Dipteryx,49.8,A
500.65,17.72,Eugenia,11.5,A
104.42,393.39,Beilschmiedia,10.8,A
517.45,182.73,Beilschmiedia,17.6,A
368.77,88.05,Alseis,42.1,A
154.89,82.68,Inga,43.1,A
3.27,137.41,Guarea,67.6,A
284.35,215.1,Guarea,19.9,A
486.99,77.09,Beilschmiedia,225.9,A
101.64,164.4,Cordia,15.1,A
524.01,18.54,Dipteryx,16.6,A
78.46,112.24,Dipteryx,13.4,A
552.58,157.48,Ocotea,44.9,A
210.65,251.55,Calophyllum,58.9,A
340.88,244.99,Eugenia,51.8,A
193.38,324.4,Faramea,42.9,A
42.01,203.36,Calophyllum,,D
144.47,99.77,Inga,12.4,A
583.4,147.52,Faramea,11.4,A
252.04,324.43,Beilschmiedia,21.1,A
132.07,398.17,Aglaia,33.2,A
57.2,118.77,Virola,41.4,A
39.95,293.64,Alseis,26.8,A
80.18,133.98,Nectandra,,D
151.58,387.34,Knema,,D
197.1,242.91,Cordia,10.2,A
456.68,115.7,Calophyllum,100.0,A
398.17,211.07,Jacaranda,,D
418.29,173.29,Eugenia,10.3,A
113.27,82.91,Nectandra,27.9,A
211.58,119.78,Alseis,248.4,A
454.73,42.95,Ocotea,,D
305.3,177.54,Inga,63.4,A
73.68,205.01,Alseis,21.8,A
91.36,65.65,Protium,205.0,A
231.22,333.92,Aglaia,99.3,A
365.32,201.43,Calophyllum,34.0,A
44.33,224.63,Alseis,23.7,A
194.76,335.02,Garcinia,319.1,A
174.02,363.31,Cordia,20.1,A
572.57,33.8,Faramea,30.9,A
194.32,126.37,Alseis,30.5,A
465.87,124.39,Eugenia,46.8,A
246.49,19.64,Guarea,18.4,A
587.01,42.68,Alseis,86.1,A
395.42,191.56,Cordia,44.0,A
191.95,302.84,Alseis,29.9,A
260.19,215.73,Nectandra,24.6,A
7.22,136.8,Aglaia,11.7,A
229.57,124.09,Beilschmiedia,123.8,A
309.7,188.83,Inga,10.5,A
197.15,6.66,Calophyllum,64.2,A
224.66,263.61,Dipteryx,15.4,A
300.38,223.82,Faramea,62.8,A
116.06,70.61,Aglaia,56.7,A
146.31,285.19,Calophyllum,,D
528.23,44.83,Hirtella,20.3,A
592.06,25.04,Faramea,71.5,A
87.36,77.31,Inga,10.9,A
421.43,128.37,Beilschmiedia,31.2,A
50.05,331.53,Aglaia,25.2,A
579.96,113.93,Aglaia,21.5,A
205.87,120.32,Alseis,21.9,A
185.5,333.62,Rinorea,42.8,A
157.01,347.06,Eugenia,128.1,A
116.66,318.51,Cordia,84.6,A
135.49,95.33,Dipteryx,346.9,A
50.26,324.84,Drypetes,52.7,A
90.49,398.05,Beilschmiedia,36.3,A
77.23,368.83,Cordia,36.6,A
81.0,164.88,Knema,16.3,A
259.73,185.26,Eugenia,20.9,A
408.42,48.8,Drypetes,60.5,A
15.88,98.54,Alseis,500.9,A
529.6,181.79,Beilschmiedia,86.2,A
374.97,42.31,Xylopia,28.9,A
159.31,18.23,Alseis,45.8,A
70.53,323.2,Knema,17.4,A
14.79,393.33,Alseis,305.8,A
244.53,340.89,Swartzia,18.7,A
429.07,46.32,Calophyllum,24.6,A
527.81,34.48,Faramea,17.5,A
302.97,369.21,Alseis,417.4,A
27.89,353.42,Drypetes,22.2,A
343.63,316.76,Licania,12.1,A
370.11,225.12,Garcinia,355.8,A
73.52,106.76,Dipteryx,26.6,A
348.88,260.48,Nectandra,,D
59.07,127.89,Alseis,27.1,A
320.99,208.37,Inga,11.9,A
464.03,140.25,Drypetes,,D
258.3,281.42,Alseis,13.5,A
302.71,192.87,Inga,12.9,A
106.11,232.61,Guarea,20.3,A
193.93,332.85,Drypetes,57.1,A
14.72,297.38,Faramea,,D
211.87,327.2,Cordia,22.1,A
188.52,235.26,Guarea,57.3,A
303.5,195.57,Garcinia,58.2,A
243.86,273.43,Garcinia,298.3,A
344.0,288.14,Nectandra,11.0,A
281.58,47.43,Faramea,154.7,A
221.45,173.72,Calophyllum,18.0,A
185.01,375.83,Rinorea,14.8,A
551.62,135.11,Licania,121.3,A
92.38,253.44,Calophyllum,10.5,A
429.36,66.93,Dipteryx,16.9,A
370.16,343.24,Licania,64.5,A
441.43,15.85,Beilschmiedia,102.0,A
38.98,348.61,Aglaia,15.2,A
114.13,103.35,Garcinia,25.8,A
343.14,42.78,Dipteryx,37.1,A
24.17,141.3,Aglaia,18.7,A
552.21,134.53,Dipteryx,21.1,A
42.77,303.48,Aglaia,19.9,A
215.78,212.53,Swartzia,11.9,A
261.86,294.53,Aglaia,16.1,A
401.46,27.07,Nectandra,12.9,A
520.19,27.97,Faramea,17.6,A
392.4,64.58,Drypetes,23.1,A
155.91,284.23,Alseis,12.6,A
1.54,266.29,Guarea,10.8,A
111.89,200.92,Eugenia,58.3,A
474.73,23.47,Eugenia,44.3,A
464.45,188.65,Cordia,84.9,A
262.49,377.38,Calophyllum,,D
431.58,31.8,Eugenia,12.2,A
111.5,157.79,Dipteryx,393.4,A
208.86,363.44,Sloanea,73.0,A
495.65,132.76,Licania,63.0,A
455.61,8.57,Macaranga,39.3,A
491.6,150.68,Cordia,16.0,A
546.32,131.16,Guarea,,D
347.74,384.83,Beilschmiedia,63.4,A
245.72,334.0,Beilschmiedia,31.8,A
87.27,29.08,Aglaia,108.1,A
422.24,142.46,Beilschmiedia,20.5,A
236.86,23.44,Dipteryx,120.2,A
325.6,381.19,Alseis,83.7,A
135.13,137.05,Beilschmiedia,,D
317.22,73.41,Guarea,169.5,A
368.83,173.44,Ocotea,,D
413.36,87.95,Garcinia,41.5,A
323.83,21.0,Aglaia,43.7,A
90.67,105.43,Dipteryx,108.4,A
173.33,125.71,Aglaia,10.5,A
65.37,149.09,Dipteryx,12.1,A
434.02,197.94,Cordia,39.8,A
218.87,241.31,Cordia,12.2,A
192.0,286.72,Calophyllum,29.8,A
485.19,33.67,Calophyllum,737.3,A
72.51,361.8,Dipteryx,95.2,A
18.65,360.86,Drypetes,,D
229.84,285.67,Aglaia,21.2,A
210.09,206.81,Knema,20.2,A
193.3,244.12,Aglaia,132.3,A
292.52,324.61,Alseis,19.6,A
152.36,247.26,Jacaranda,34.2,A
80.43,314.41,Beilschmiedia,34.6,A
71.56,218.49,Eugenia,79.2,A
295.14,213.24,Dipteryx,11.5,A
235.19,276.63,Alseis,31.1,A
88.53,303.23,Ocotea,228.9,A
99.53,121.67,Cordia,31.3,A
85.57,253.78,Drypetes,415.1,A
485.24,105.13,Licania,163.3,A
140.02,148.87,Protium,,D
92.4,363.63,Beilschmiedia,137.3,A
372.91,120.77,Guarea,15.6,A
166.5,311.12,Aglaia,140.9,A
52.78,221.84,Cordia,68.6,A
270.19,275.21,Dipteryx,161.7,A
233.89,146.23,Licania,24.7,A
44.73,288.27,Swartzia,80.2,A
113.3,105.04,Cordia,35.8,A
542.32,145.02,Calophyllum,104.4,A
331.29,182.71,Inga,16.7,A
5.89,17.52,Calophyllum,,D
53.53,380.14,Jacaranda,,D
299.24,164.09,Beilschmiedia,11.6,A
64.55,134.9,Guarea,,D
247.29,302.09,Calophyllum,58.4,A
339.58,154.44,Jacaranda,177.7,A
310.47,117.32,Protium,,D
127.69,312.3,Guarea,11.5,A
189.1,59.45,Guarea,,D
409.03,174.84,Palaquium,155.8,A
101.47,167.86,Guarea,83.6,A
50.43,357.19,Aglaia,,D
416.12,85.01,Beilschmiedia,23.0,A
392.44,361.49,Alseis,42.7,A
364.35,35.83,Calophyllum,13.3,A
27.38,108.44,Cordia,12.9,A
89.28,109.19,Palaquium,21.5,A
40.05,385.23,Cordia,,D
218.45,312.96,Quararibea,29.5,A
508.37,80.03,Drypetes,29.9,A
491.12,131.04,Macaranga,20.5,A
231.95,199.69,Eugenia,56.2,A
270.94,160.86,Cordia,12.9,A
245.57,263.98,Garcinia,111.2,A
82.89,242.12,Aglaia,11.8,A
34.98,205.69,Nectandra,,D
98.71,141.02,Cordia,,D
66.79,9.24,Cordia,17.1,A
54.65,214.26,Alseis,43.9,A
329.07,347.26,Cordia,23.1,A
493.34,140.46,Drypetes,19.1,A
374.84,236.77,Garcinia,32.2,A
44.48,265.93,Drypetes,10.9,A
560.19,43.96,Faramea,40.8,A
308.61,223.98,Faramea,23.8,A
415.86,20.53,Beilschmiedia,38.0,A
405.99,111.52,Hirtella,72.0,A
439.25,144.86,Drypetes,111.1,A
101.76,294.45,Calophyllum,61.3,A
171.49,308.68,Knema,19.4,A
140.44,238.75,Hirtella,13.7,A
322.91,378.08,Calophyllum,33.6,A
120.29,277.22,Garcinia,349.1,A
160.49,200.01,Palaquium,30.5,A
227.54,287.98,Aglaia,68.4,A
5.08,311.85,Knema,32.0,A
436.7,125.82,Calophyllum,609.7,A
278.79,308.56,Calophyllum,47.4,A
328.8,108.84,Aglaia,134.2,A
82.0,370.51,Beilschmiedia,30.7,A
102.95,287.01,Hirtella,36.2,A
493.43,135.89,Beilschmiedia,122.7,A
111.34,6.67,Calophyllum,,D
303.87,184.6,Hirtella,,D
69.59,269.2,Nectandra,39.0,A
254.68,334.7,Beilschmiedia,75.9,A
479.66,81.72,Guarea,14.1,A
2.47,79.88,Calophyllum,,D
189.22,353.34,Cordia,,D
122.88,163.68,Guarea,14.3,A
214.96,255.73,Aglaia,58.7,A
241.01,260.99,Beilschmiedia,13.1,A
16.35,324.88,Faramea,61.7,A
188.59,300.8,Eugenia,15.0,A
495.32,119.8,Beilschmiedia,107.7,A
45.5,263.17,Eugenia,25.7,A
239.19,375.22,Aglaia,15.8,A
319.74,267.76,Calophyllum,61.0,A
132.34,75.64,Xylopia,,D
7.67,161.57,Aglaia,22.2,A
501.03,80.59,Guarea,13.6,A
421.65,75.2,Macaranga,271.5,A
5.07,259.43,Alseis,11.0,A
26.9,314.94,Cordia,20.1,A
573.09,110.25,Faramea,10.5,A
284.57,18.25,Swartzia,10.9,A
132.12,288.22,Brosimum,42.2,A
104.21,78.98,Alseis,296.4,A
385.17,366.72,Tetragastris,10.8,A
102.38,204.1,Cordia,,D
95.34,120.62,Drypetes,77.1,A
380.57,316.2,Dipteryx,73.9,A
339.92,324.28,Trichilia,34.3,A
49.34,179.84,Aglaia,10.7,A
15.27,259.45,Eugenia,18.8,A
193.92,199.53,Aglaia,20.2,A
89.33,32.25,Aglaia,17.8,A
334.52,274.93,Dipteryx,76.3,A
378.32,52.11,Hirtella,12.2,A
52.87,163.84,Aglaia,38.9,A
111.91,299.61,Knema,30.6,A
345.3,27.93,Hirtella,45.0,A
402.74,69.33,Beilschmiedia,49.7,A
353.89,396.77,Palaquium,126.9,A
60.56,145.08,Virola,,D
167.07,108.84,Calophyllum,26.4,A
342.67,379.48,Cordia,18.4,A
528.51,177.48,Calophyllum,12.3,A
309.87,46.9,Calophyllum,179.9,A
107.52,38.57,Swartzia,49.9,A
362.31,32.21,Macaranga,62.8,A
204.11,287.14,Dipteryx,152.5,A
189.3,307.81,Knema,23.3,A
47.24,169.6,Alseis,47.2,A
457.84,35.64,Cordia,12.3,A
234.04,68.63,Faramea,13.3,A
567.16,79.87,Calophyllum,12.5,A
238.52,294.08,Aglaia,11.9,A
17.28,372.78,Beilschmiedia,53.3,A
85.39,248.48,Hirtella,14.5,A
599.24,68.87,Licania,41.2,A
249.54,14.69,Faramea,168.3,A
448.03,198.44,Calophyllum,15.0,A
103.25,272.21,Alseis,,D
323.59,168.25,Jacaranda,13.1,A
420.2,78.74,Cordia,22.9,A
480.92,87.35,Ocotea,13.5,A
592.57,78.35,Beilschmiedia,158.5,A
26.3,90.45,Shorea,12.2,A
280.08,336.42,Aglaia,13.9,A
452.72,173.34,Calophyllum,12.0,A
19.24,132.25,Aglaia,127.2,A
389.98,249.31,Guarea,99.3,A
344.17,147.52,Inga,46.3,A
193.16,0.99,Macaranga,12.9,A
223.59,278.58,Aglaia,,D
73.94,62.97,Alseis,,D
244.52,291.62,Aglaia,,D
172.88,350.87,Alseis,185.0,A
333.67,380.75,Alseis,125.3,A
365.92,243.46,Faramea,17.9,A
154.2,324.01,Faramea,26.7,A
537.27,85.41,Licania,18.1,A
77.89,395.21,Garcinia,49.8,A
387.08,298.2,Guarea,16.4,A
227.53,353.56,Luehea,51.8,A
384.95,252.0,Swartzia,,D
38.94,126.44,Dipteryx,68.0,A
244.06,295.61,Dipteryx,12.9,A
26.63,224.38,Hirtella,11.1,A
21.42,90.61,Beilschmiedia,22.6,A
122.52,320.61,Aglaia,13.5,A
517.01,162.49,Guarea,,D
125.09,91.27,Inga,32.3,A
242.97,41.53,Faramea,87.6,A
408.23,91.82,Beilschmiedia,95.7,A
254.78,253.6,Beilschmiedia,22.6,A
51.53,247.1,Garcinia,13.8,A
269.44,196.45,Hirtella,35.9,A
293.57,349.33,Aglaia,57.0,A
203.13,356.42,Jacaranda,42.7,A
231.63,100.12,Garcinia,57.5,A
330.96,296.62,Alseis,20.2,A
423.52,178.72,Alseis,24.0,A
66.39,316.53,Swartzia,18.1,A
331.88,384.66,Alseis,42.6,A
310.57,58.76,Jacaranda,131.9,A
116.79,293.9,Drypetes,,D
140.07,149.2,Calophyllum,12.7,A
3.78,201.77,Anacardium,42.5,A
162.57,116.17,Aglaia,12.8,A
39.53,30.16,Dipteryx,180.2,A
551.08,46.8,Alseis,15.8,A
368.94,233.11,Garcinia,11.3,A
177.2,204.38,Aglaia,12.3,A
165.16,33.67,Calophyllum,20.5,A
135.93,104.7,Guarea,166.2,A
327.01,293.36,Dipteryx,12.2,A
351.08,55.34,Drypetes,49.6,A
466.9,42.07,Eugenia,24.3,A
390.23,78.31,Drypetes,16.2,A
294.43,17.77,Garcinia,44.0,A
162.93,339.74,Ocotea,33.6,A
273.51,379.17,Calophyllum,72.4,A
64.25,231.79,Swartzia,46.6,A
535.66,17.24,Cordia,12.4,A
364.19,30.41,Macaranga,62.0,A
310.43,134.87,Inga,25.8,A
393.08,118.86,Guarea,187.7,A
345.2,342.35,Trichilia,87.1,A
211.39,267.68,Sloanea,64.1,A
334.59,371.08,Alseis,14.0,A
271.18,232.13,Beilschmiedia,13.4,A
243.77,210.4,Calophyllum,,D
523.89,178.28,Guarea,19.6,A
155.81,249.11,Cordia,13.5,A
543.38,47.33,Alseis,541.2,A
214.62,76.23,Protium,87.8,A
195.02,391.46,Alseis,13.6,A
494.69,163.34,Dipteryx,13.1,A
23.78,290.65,Dipteryx,,D
350.57,51.07,Knema,17.0,A
123.31,191.58,Jacaranda,83.6,A
65.19,305.72,Aglaia,,D
88.81,146.33,Xylopia,66.0,A
394.06,188.89,Macaranga,13.0,A
372.46,325.89,Alseis,18.3,A
159.73,254.17,Brosimum,17.6,A
44.46,78.8,Cordia,14.2,A
90.95,109.11,Drypetes,76.7,A
211.03,191.3,Alseis,,D
536.18,116.48,Calophyllum,89.1,A
9.63,146.17,Aglaia,25.4,A
456.12,19.41,Beilschmiedia,73.5,A
333.93,106.62,Aglaia,,D
184.85,313.82,Drypetes,36.5,A
3.39,38.63,Nectandra,20.9,A
89.26,284.37,Calophyllum,92.2,A
298.31,13.5,Garcinia,20.9,A
222.07,153.83,Cordia,115.7,A
72.06,54.64,Alseis,112.5,A
397.66,351.54,Tetragastris,119.3,A
161.26,207.2,Jacaranda,12.5,A
520.01,157.8,Swartzia,20.5,A
490.57,174.09,Drypetes,28.3,A
213.73,229.3,Garcinia,22.3,A
307.87,32.17,Aglaia,132.2,A
48.99,170.58,Nectandra,10.7,A
390.72,37.85,Dipteryx,12.5,A
470.79,69.08,Guarea,63.9,A
149.59,312.31,Aglaia,22.2,A
472.19,54.97,Dipteryx,169.6,A
80.08,172.61,Cordia,22.4,A
338.05,363.94,Calophyllum,294.8,A
516.0,134.79,Dipteryx,19.0,A
263.39,201.2,Eugenia,50.8,A
62.82,227.81,Alseis,84.5,A
76.58,364.9,Calophyllum,136.4,A
353.94,144.09,Guarea,23.7,A
177.67,379.18,Guarea,148.0,A
100.55,329.23,Calophyllum,,M
114.73,52.74,Calophyllum,40.5,A
407.5,97.07,Guarea,24.9,A
67.5,389.09,Guarea,21.1,A
342.25,81.27,Aglaia,16.6,A
571.42,83.76,Alseis,423.7,A
6.31,144.02,Garcinia,325.0,A
314.6,389.13,Cordia,137.8,A
308.77,187.44,Dipteryx,133.0,A
175.3,176.03,Alseis,14.1,A
197.51,232.28,Garcinia,39.7,A
46.22,143.36,Virola,37.3,A
245.41,111.25,Beilschmiedia,17.7,A
314.79,205.11,Inga,83.3,A
173.73,202.01,Drypetes,,D
223.22,332.29,Calophyllum,85.7,A
168.32,199.9,Macaranga,13.0,A
28.23,262.89,Diospyros,34.9,A
188.49,277.9,Dipteryx,13.5,A
289.55,239.97,Protium,10.8,A
419.48,12.45,Beilschmiedia,17.9,A
334.16,31.83,Garcinia,40.0,A
154.81,140.88,Dipteryx,10.9,A
141.63,256.78,Alseis,52.4,A
380.71,340.31,Knema,52.5,A
161.96,193.23,Sloanea,151.7,A
399.82,29.03,Inga,10.7,A
254.82,203.0,Ocotea,66.9,A
61.55,292.6,Calophyllum,84.0,A
311.67,38.16,Hirtella,10.9,A
128.09,139.58,Drypetes,88.0,A
53.21,257.24,Eugenia,,D
369.29,321.15,Hirtella,10.7,A
409.49,81.01,Swartzia,93.1,A
33.02,6.06,Cordia,59.6,A
315.34,27.61,Calophyllum,80.7,A
212.81,32.34,Dipteryx,,D
12.16,370.64,Beilschmiedia,46.0,A
496.27,199.88,Hirtella,107.2,A
313.18,114.0,Guarea,22.2,A
270.71,398.69,Nectandra,100.8,A
586.33,87.89,Faramea,13.9,A
340.4,321.12,Dipteryx,340.1,A
567.28,67.84,Aglaia,43.3,A
104.72,48.11,Aglaia,10.6,A
217.51,321.96,Aglaia,20.5,A
464.83,7.36,Beilschmiedia,76.1,A
310.62,211.74,Inga,37.3,A
182.76,125.27,Guarea,43.0,A
281.26,169.62,Calophyllum,34.7,A
547.27,37.88,Calophyllum,687.4,A
391.89,377.09,Tetragastris,16.3,A
182.04,303.27,Faramea,13.4,A
277.46,161.91,Licania,102.2,A
192.5,369.22,Rinorea,21.5,A
32.86,294.04,Knema,40.0,A
493.19,15.46,Dipteryx,26.4,A
24.27,146.99,Aglaia,31.8,A
166.11,267.05,Alseis,14.4,A
291.74,201.14,Hirtella,,M
94.25,397.53,Beilschmiedia,28.2,A
272.13,279.03,Diospyros,32.9,A
194.02,310.1,Drypetes,30.4,A
380.38,306.27,Dipteryx,,D
23.93,85.3,Beilschmiedia,25.6,A
216.59,322.29,Swartzia,49.2,A
565.22,173.72,Faramea,31.6,A
243.58,95.54,Ocotea,11.3,A
137.8,318.16,Hirtella,38.8,A
21.0,253.13,Anacardium,15.9,A
398.85,267.46,Guarea,321.2,A
507.04,167.3,Calophyllum,14.2,A
408.21,27.74,Eugenia,10.5,A
424.1,25.06,Drypetes,41.4,A
361.16,386.21,Palaquium,86.1,A
102.32,183.78,Aglaia,20.8,A
110.9,345.48,Cordia,20.8,A
438.86,110.6,Aglaia,45.9,A
314.19,116.94,Aglaia,125.0,A
51.02,102.54,Macaranga,26.5,A
65.01,142.36,Drypetes,30.7,A
22.58,260.32,Eugenia,140.7,A
213.83,259.97,Aglaia,,D
496.19,125.87,Beilschmiedia,81.7,A
36.49,309.83,Faramea,128.9,A
536.86,178.25,Beilschmiedia,124.0,A
438.42,53.74,Beilschmiedia,10.9,A
17.43,364.32,Calophyllum,28.1,A
175.94,94.56,Hirtella,56.5,A
420.34,43.67,Drypetes,12.9,A
188.51,222.93,Drypetes,18.1,A
161.65,123.95,Aglaia,13.1,A
117.28,355.46,Knema,28.8,A
191.61,254.66,Garcinia,10.2,A
561.27,91.04,Beilschmiedia,97.9,A
5.88,128.16,Cordia,21.8,A
140.09,145.8,Guarea,20.9,A
10.01,149.82,Calophyllum,101.0,A
214.36,3.4,Hirtella,20.5,A
136.61,212.96,Faramea,101.4,A
363.02,216.78,Garcinia,60.6,A
145.16,320.16,Faramea,11.2,A
252.62,178.61,Cordia,99.2,A
148.72,383.11,Aglaia,31.3,A
290.46,163.07,Beilschmiedia,19.0,A
497.01,162.14,Ocotea,,D
429.98,38.4,Garcinia,16.4,A
9.8,75.4,Beilschmiedia,32.8,A
292.99,376.1,Shorea,126.3,A
188.82,187.13,Alseis,26.3,A
377.47,94.94,Alseis,,D
358.31,42.14,Guarea,,D
47.68,162.43,Alseis,39.3,A
223.23,270.1,Beilschmiedia,29.5,A
234.45,277.25,Beilschmiedia,100.4,A
133.28,15.83,Calophyllum,362.2,A
544.9,130.31,Aglaia,70.1,A
161.86,286.39,Cordia,160.5,A
416.42,130.96,Beilschmiedia,42.0,A
183.81,181.33,Jacaranda,15.8,A
147.88,144.03,Calophyllum,139.2,A
304.73,314.64,Alseis,11.6,A
376.79,188.25,Hirtella,48.4,A
332.48,171.54,Trichilia,101.5,A
115.24,95.54,Inga,54.4,A
151.68,269.35,Alseis,25.6,A
305.54,217.88,Inga,17.0,A
358.35,210.92,Eugenia,31.3,A
54.7,244.06,Eugenia,18.7,A
350.15,248.73,Eugenia,29.9,A
79.18,122.42,Inga,,D
19.07,361.75,Knema,69.4,A
111.44,18.29,Aglaia,31.9,A
589.9,58.93,Alseis,453.8,A
177.32,219.65,Drypetes,13.6,A
143.69,31.82,Calophyllum,20.2,A
153.8,154.16,Hirtella,95.4,A
124.72,362.04,Aglaia,130.6,A
287.92,360.07,Calophyllum,408.2,A
123.42,55.44,Hirtella,24.2,A
230.52,328.53,Aglaia,14.8,A
200.89,318.15,Hirtella,106.9,A
521.7,72.67,Calophyllum,14.6,A
438.49,164.76,Knema,37.8,A
15.52,302.06,Faramea,35.4,A
240.38,338.52,Aglaia,41.3,A
91.88,223.54,Calophyllum,590.8,A
389.38,90.58,Beilschmiedia,73.3,A
333.11,132.96,Dipteryx,14.6,A
102.16,252.18,Dipteryx,23.2,A
335.93,132.28,Aglaia,140.5,A
435.5,57.6,Dipteryx,,D
461.25,145.73,Cordia,92.7,A
329.2,388.93,Alseis,18.4,A
146.28,263.37,Alseis,43.5,A
15.33,150.88,Inga,10.0,A
202.59,381.98,Calophyllum,14.6,A
554.61,101.79,Guarea,13.0,A
94.03,275.0,Dipteryx,36.4,A
86.51,152.76,Ocotea,41.1,A
445.09,56.88,Beilschmiedia,22.2,A
421.61,184.92,Eugenia,16.9,A
464.07,165.23,Beilschmiedia,205.0,A
229.6,288.4,Aglaia,15.0,A
487.51,16.2,Eugenia,97.1,A
169.93,40.3,Cordia,14.5,A
76.62,163.7,Anacardium,,D
265.79,252.8,Beilschmiedia,14.0,A
81.43,316.12,Aglaia,,D
156.45,255.46,Jacaranda,17.3,A
206.72,266.79,Cordia,171.3,A
108.31,187.21,Aglaia,22.1,A
136.03,258.83,Alseis,10.2,A
281.19,186.1,Dipteryx,101.2,A
270.0,176.24,Hirtella,40.5,A
8.75,265.75,Swartzia,12.5,A
492.23,72.68,Beilschmiedia,,M
122.55,321.6,Aglaia,11.9,A
87.37,137.14,Calophyllum,565.3,A
103.07,245.48,Garcinia,,D
394.9,91.28,Aglaia,21.6,A
429.07,192.74,Nectandra,28.6,A
205.67,293.85,Cordia,54.9,A
380.12,308.74,Aglaia,14.5,A
196.38,206.76,Garcinia,,D
473.36,151.31,Knema,33.2,A
183.21,229.74,Aglaia,16.7,A
589.12,78.37,Eugenia,,D
180.99,182.72,Cordia,50.8,A
50.72,44.22,Alseis,12.2,A
209.51,238.49,Aglaia,,D
4.48,263.23,Eugenia,57.9,A
369.39,361.5,Tetragastris,43.4,A
415.36,53.15,Inga,25.1,A
450.77,61.67,Beilschmiedia,10.5,A
153.52,103.58,Inga,10.4,A
455.81,88.13,Alseis,66.6,A
511.36,35.99,Faramea,13.4,A
31.46,291.98,Drypetes,14.2,A
443.85,158.84,Drypetes,31.8,A
445.55,63.45,Beilschmiedia,213.7,A
250.13,267.39,Beilschmiedia,107.7,A
56.87,353.94,Drypetes,41.4,A
249.72,325.43,Beilschmiedia,25.9,A
312.03,164.1,Inga,42.2,A
36.51,373.7,Calophyllum,,D
25.83,36.58,Licania,199.4,A
242.85,149.14,Faramea,18.5,A
570.06,44.76,Dipteryx,17.6,A
99.95,329.56,Garcinia,37.2,A
101.43,363.86,Sloanea,66.6,A
3.2,336.42,Hirtella,63.2,A
373.88,65.82,Guarea,22.8,A
183.29,244.86,Aglaia,35.1,A
192.58,298.46,Aglaia,27.2,A
338.44,219.84,Jacaranda,14.1,A
151.43,70.04,Calophyllum,107.2,A
33.03,293.56,Knema,50.1,A
284.19,255.82,Calophyllum,13.2,A
577.35,142.46,Tetragastris,26.9,A
335.22,35.94,Aglaia,17.7,A
215.2,80.96,Alseis,81.2,A
102.5,286.5,Cordia,109.3,A
77.16,53.28,Aglaia,14.5,A
152.42,244.86,Rinorea,93.5,A
322.63,320.71,Aglaia,51.6,A
284.54,235.32,Faramea,12.8,A
326.96,213.58,Hirtella,24.7,A
409.93,177.13,Eugenia,38.4,A
326.18,397.16,Alseis,10.8,A
293.17,161.32,Inga,181.9,A
241.38,281.02,Garcinia,44.1,A
58.96,12.3,Ocotea,99.5,A
19.72,56.34,Cordia,78.7,A
396.08,367.16,Hirtella,10.4,A
155.56,278.13,Alseis,12.3,A
190.69,296.69,Faramea,13.4,A
154.13,292.05,Calophyllum,65.0,A
556.61,104.68,Tetragastris,59.4,A
188.2,298.38,Aglaia,23.0,A
597.65,94.15,Dipteryx,67.5,A
83.2,370.44,Beilschmiedia,40.6,A
45.55,345.33,Aglaia,17.5,A
344.06,68.69,Hirtella,11.8,A
50.41,88.57,Eugenia,21.1,A
121.74,311.03,Dipteryx,154.4,A
194.35,14.75,Calophyllum,43.6,A
244.91,197.25,Quararibea,55.1,A
413.17,104.56,Dipteryx,10.9,A
471.83,161.62,Beilschmiedia,31.4,A
205.03,153.08,Dipteryx,61.0,A
569.4,119.55,Ocotea,89.5,A
106.95,38.78,Dipteryx,24.5,A
156.7,213.51,Aglaia,,D
235.13,378.84,Alseis,18.7,A
421.89,189.78,Aglaia,,D
298.29,163.76,Beilschmiedia,135.6,A
228.65,346.34,Eugenia,61.6,A
287.54,317.29,Nectandra,83.4,A
23.69,75.4,Beilschmiedia,16.2,A
381.67,391.59,Tetragastris,17.5,A
376.78,155.11,Protium,57.0,A
65.44,287.09,Aglaia,13.0,A
212.69,141.54,Anacardium,15.6,A
372.33,340.97,Alseis,18.6,A
147.73,203.22,Drypetes,63.4,A
207.34,50.64,Guarea,37.4,A
19.82,278.27,Drypetes,19.9,A
336.74,290.05,Dipteryx,14.0,A
350.28,190.54,Inga,39.2,A
160.79,313.97,Faramea,10.7,A
161.73,307.95,Jacaranda,26.4,A
257.14,16.08,Cordia,38.4,A
350.35,393.32,Sloanea,17.9,A
40.17,253.11,Calophyllum,130.6,A
91.92,107.09,Hirtella,16.0,A
385.31,222.98,Eugenia,32.7,A
512.81,62.21,Calophyllum,318.1,A
132.8,320.37,Dipteryx,28.7,A
430.19,30.23,Beilschmiedia,10.3,A
376.89,133.58,Dipteryx,10.7,A
431.62,71.52,Eugenia,110.5,A
184.75,274.5,Knema,56.7,A
590.31,46.16,Alseis,,D
142.08,42.58,Calophyllum,13.9,A
273.61,339.05,Aglaia,11.0,A
28.79,226.33,Drypetes,161.8,A
119.7,236.28,Faramea,14.5,A
100.12,299.88,Calophyllum,638.1,A
4.58,331.24,Drypetes,167.3,A
578.43,167.81,Faramea,13.5,A
65.3,296.55,Aglaia,118.7,A
30.16,333.12,Faramea,45.3,A
165.84,221.8,Alseis,79.5,A
247.19,348.41,Eugenia,112.2,A
188.18,291.98,Faramea,239.4,A
506.08,43.67,Calophyllum,21.1,A
282.92,308.07,Aglaia,27.7,A
592.27,88.58,Beilschmiedia,27.2,A
50.63,345.4,Aglaia,34.1,A
281.16,161.56,Beilschmiedia,231.9,A
173.27,369.08,Alseis,12.0,A
231.52,270.89,Aglaia,18.3,A
154.55,103.52,Dipteryx,29.8,A
288.05,5.63,Beilschmiedia,,D
137.45,358.69,Calophyllum,11.6,A
331.43,171.84,Xylopia,13.4,A
139.62,78.66,Ocotea,65.8,A
391.09,87.09,Aglaia,14.4,A
570.1,89.73,Eugenia,19.2,A
477.34,160.52,Guarea,132.2,A
68.96,307.73,Beilschmiedia,27.2,A
47.29,322.95,Drypetes,37.2,A
551.19,75.38,Calophyllum,71.3,A
178.04,208.56,Palaquium,22.8,A
276.15,276.33,Aglaia,18.9,A
545.8,61.34,Alseis,20.5,A
108.44,189.9,Quararibea,268.7,A
216.92,147.98,Hirtella,,D
393.66,12.46,Alseis,,D
36.18,280.4,Knema,11.6,A
190.82,180.47,Drypetes,33.9,A
193.64,282.01,Alseis,17.3,A
60.66,183.3,Nectandra,21.0,A
521.87,166.13,Aglaia,,M
37.49,203.14,Drypetes,,M
34.61,396.66,Quararibea,16.4,A
161.54,116.69,Dipteryx,25.3,A
90.76,229.0,Eugenia,135.8,A
227.97,325.09,Aglaia,10.5,A
574.48,80.93,Beilschmiedia,14.9,A
350.58,391.19,Eugenia,19.8,A
211.97,143.79,Aglaia,,D
38.72,258.41,Drypetes,10.1,A
119.08,339.05,Aglaia,13.6,A
570.3,191.76,Guarea,46.3,A
43.17,132.18,Virola,52.2,A
388.06,237.49,Guarea,31.0,A
45.73,119.97,Virola,22.0,A
427.23,40.33,Guarea,27.4,A
361.8,44.78,Drypetes,16.1,A
80.43,93.39,Hirtella,137.9,A
585.85,65.51,Alseis,24.0,A
48.92,186.05,Cordia,29.4,A
229.23,80.42,Eugenia,11.9,A
161.79,267.29,Knema,11.5,A
437.3,79.88,Guarea,169.8,A
146.29,244.8,Faramea,243.4,A
183.15,147.74,Aglaia,20.7,A
261.93,281.46,Cordia,19.2,A
394.54,104.87,Beilschmiedia,15.3,A
328.4,318.01,Licania,12.0,A
19.47,332.96,Drypetes,12.4,A
126.76,109.45,Inga,18.8,A
87.48,304.93,Drypetes,13.3,A
8.43,62.26,Hirtella,18.3,A
4.5,162.14,Cordia,15.5,A
237.49,283.81,Garcinia,13.3,A
86.97,273.84,Alseis,12.7,A
202.3,208.09,Garcinia,24.1,A
109.91,172.54,Cordia,10.1,A
130.45,212.9,Sloanea,17.6,A
278.6,163.46,Jacaranda,141.9,A
239.07,75.54,Guarea,10.7,A
210.23,339.09,Aglaia,26.8,A
339.93,371.69,Hura,14.5,A
349.67,75.16,Aglaia,,D
132.47,96.75,Drypetes,,D
58.74,243.2,Drypetes,193.3,A
296.9,345.11,Sloanea,21.7,A
42.05,219.26,Faramea,50.1,A
330.82,121.06,Calophyllum,21.8,A
437.55,73.57,Eugenia,91.6,A
22.9,110.07,Garcinia,10.1,A
494.44,12.89,Eugenia,47.9,A
455.25,170.32,Beilschmiedia,19.1,A
313.95,347.61,Calophyllum,128.2,A
259.77,23.82,Faramea,91.3,A
371.53,205.63,Dipteryx,,D
578.93,80.89,Eugenia,104.9,A
535.72,21.32,Drypetes,59.0,A
126.73,129.63,Alseis,20.2,A
28.82,113.58,Alseis,,M
495.28,87.76,Beilschmiedia,12.0,A
26.34,4.51,Licania,21.4,A
81.0,117.23,Drypetes,16.9,A
503.42,105.03,Guarea,13.1,A
43.43,136.26,Virola,11.2,A
380.4,71.85,Aglaia,,D
28.34,373.19,Beilschmiedia,147.6,A
501.63,133.58,Aglaia,32.7,A
553.45,159.51,Aglaia,10.0,A
473.0,166.11,Hirtella,11.5,A
191.33,132.93,Calophyllum,,D
402.41,46.34,Drypetes,21.6,A
227.76,366.01,Eugenia,11.6,A
286.78,259.29,Hirtella,11.0,A
346.19,31.34,Alseis,34.4,A
105.38,38.58,Aglaia,50.4,A
38.76,110.52,Alseis,44.6,A
333.25,388.28,Sloanea,194.7,A
80.07,112.66,Inga,16.4,A
349.09,150.89,Eugenia,11.0,A
527.85,1.99,Drypetes,19.0,A
220.23,178.93,Licania,359.3,A
542.66,176.13,Beilschmiedia,19.6,A
86.84,140.34,Cordia,10.0,A
326.22,139.84,Hirtella,25.3,A
146.16,219.13,Drypetes,17.7,A
348.06,258.15,Eugenia,,D
165.06,31.22,Calophyllum,16.5,A
149.23,79.05,Macaranga,20.8,A
95.76,133.8,Drypetes,18.5,A
315.55,121.19,Beilschmiedia,59.0,A
594.07,112.2,Alseis,144.1,A
240.48,282.9,Jacaranda,54.0,A
208.57,297.59,Faramea,82.5,A
309.81,253.48,Hirtella,13.7,A
355.89,61.11,Calophyllum,151.6,A
87.89,399.9,Knema,18.7,A
199.18,17.17,Jacaranda,30.8,A
487.52,87.66,Drypetes,22.0,A
147.94,256.11,Drypetes,53.3,A
10.05,71.64,Drypetes,15.5,A
415.36,76.57,Protium,30.1,A
524.53,21.83,Licania,27.5,A
246.69,134.9,Shorea,,D
67.03,222.72,Nectandra,,D
9.88,373.58,Beilschmiedia,17.0,A
209.04,122.5,Alseis,67.6,A
343.16,65.77,Dipteryx,67.9,A
28.19,73.02,Erythroxylum,11.8,A
376.16,390.9,Palaquium,147.3,A
504.99,28.75,Jacaranda,99.5,A
487.23,141.78,Calophyllum,,D
572.45,64.16,Aglaia,10.5,A
201.28,314.18,Jacaranda,26.7,A
191.27,98.67,Quararibea,11.5,A
243.02,132.35,Beilschmiedia,22.0,A
18.5,85.98,Xylopia,154.9,A
352.45,324.68,Hirtella,13.2,A
78.83,365.88,Cordia,10.7,A
480.43,87.68,Drypetes,,D
179.73,198.97,Alseis,87.3,A
243.64,359.37,Luehea,106.3,A
398.76,199.55,Aglaia,13.3,A
40.49,295.25,Faramea,10.0,A
88.66,234.72,Aglaia,46.4,A
406.72,55.96,Calophyllum,22.7,A
234.72,328.58,Beilschmiedia,21.2,A
13.49,332.52,Calophyllum,10.4,A
231.94,6.85,Faramea,93.3,A
364.64,57.84,Knema,53.6,A
364.48,388.8,Eugenia,14.5,A
130.19,205.99,Cordia,17.1,A
485.88,199.28,Dipteryx,20.4,A
154.05,253.4,Cordia,18.4,A
273.21,198.13,Sloanea,58.9,A
287.07,171.58,Dipteryx,17.8,A
523.18,188.76,Beilschmiedia,46.1,A
332.48,198.94,Inga,18.9,A
195.55,324.1,Drypetes,15.0,A
460.78,0.94,Beilschmiedia,90.1,A
388.49,260.95,Faramea,531.7,A
503.24,93.91,Licania,40.6,A
415.07,192.91,Cordia,14.1,A
158.17,236.21,Drypetes,18.9,A
135.83,80.91,Inga,14.8,A
242.67,272.59,Aglaia,153.0,A
40.63,106.42,Eugenia,15.6,A
246.3,261.34,Jacaranda,42.9,A
423.09,139.3,Beilschmiedia,39.0,A
571.27,139.46,Tetragastris,14.2,A
169.22,393.02,Cupania,30.7,A
184.96,384.95,Cupania,50.6,A
16.89,198.73,Cordia,83.8,A
246.31,277.99,Beilschmiedia,,D
296.14,38.92,Aglaia,83.5,A
228.05,142.06,Dipteryx,115.4,A
4.0,383.37,Knema,80.7,A
78.41,225.47,Faramea,263.1,A
242.62,108.33,Beilschmiedia,11.0,A
412.51,59.13,Aglaia,138.0,A
118.5,256.77,Brosimum,22.2,A
282.13,301.88,Aglaia,,D
343.19,360.24,Alseis,105.4,A
518.73,183.02,Beilschmiedia,116.4,A
463.2,162.32,Beilschmiedia,38.5,A
392.99,75.6,Inga,34.7,A
359.87,59.09,Drypetes,39.4,A
576.09,45.59,Faramea,53.7,A
176.64,7.72,Dipteryx,118.1,A
298.45,313.21,Cordia,11.5,A
145.69,363.12,Jacaranda,55.8,A
82.78,340.91,Cordia,29.9,A
404.55,66.43,Garcinia,10.6,A
119.36,208.42,Macaranga,,D
12.93,197.31,Dipteryx,33.0,A
190.63,367.27,Rinorea,61.2,A
344.41,70.26,Drypetes,17.4,A
399.54,379.68,Tetragastris,12.0,A
62.34,348.63,Aglaia,13.1,A
493.82,38.72,Calophyllum,,D
216.64,252.21,Beilschmiedia,12.5,A
424.86,8.49,Macaranga,17.5,A
15.42,317.07,Cordia,25.9,A
297.08,43.57,Aglaia,18.9,A
85.36,165.38,Calophyllum,771.3,A
270.38,283.63,Calophyllum,60.4,A
117.24,39.2,Aglaia,76.9,A
123.44,121.34,Beilschmiedia,10.7,A
240.7,168.98,Alseis,11.4,A
186.07,340.52,Aglaia,126.2,A
107.27,144.56,Dipteryx,69.2,A
55.42,332.6,Drypetes,16.1,A
55.01,6.32,Protium,23.0,A
562.78,23.18,Licania,82.6,A
29.97,137.85,Swartzia,25.2,A
55.81,196.3,Cordia,21.4,A
470.74,41.15,Eugenia,159.0,A
10.13,55.58,Cordia,18.3,A
216.6,128.37,Dipteryx,25.4,A
23.56,196.11,Calophyllum,127.8,A
90.07,301.84,Drypetes,37.4,A
38.87,127.54,Alseis,24.7,A
6.64,81.17,Beilschmiedia,15.7,A
80.03,161.74,Macaranga,12.6,A
358.84,203.36,Ocotea,69.3,A
213.08,110.98,Aglaia,80.8,A
482.48,107.9,Guarea,10.9,A
462.15,57.72,Cordia,21.1,A
309.2,115.2,Inga,34.4,A
213.74,256.64,Aglaia,33.4,A
64.18,312.03,Aglaia,24.5,A
468.15,168.29,Beilschmiedia,136.4,A
208.38,264.06,Beilschmiedia,24.3,A
514.08,115.05,Ocotea,15.1,A
45.16,274.99,Drypetes,27.9,A
448.73,101.8,Alseis,22.1,A
118.25,92.72,Inga,22.5,A
208.28,143.06,Guarea,32.9,A
330.08,11.5,Hirtella,131.1,A
284.52,352.49,Guarea,22.9,A
66.67,298.86,Drypetes,74.0,A
378.22,155.11,Faramea,20.9,A
155.87,26.9,Alseis,14.5,A
374.21,46.65,Drypetes,56.9,A
384.78,58.23,Inga,34.7,A
220.17,277.97,Eugenia,13.8,A
93.85,107.88,Drypetes,33.2,A
157.2,255.23,Alseis,29.4,A
38.42,164.65,Aglaia,160.8,A
60.47,205.35,Aglaia,10.1,A
349.33,44.81,Calophyllum,105.1,A
157.95,143.08,Aglaia,11.9,A
68.4,336.79,Aglaia,54.3,A
440.36,72.78,Alseis,17.3,A
369.87,323.97,Aglaia,11.1,A
187.72,256.91,Aglaia,14.5,A
109.61,295.61,Ocotea,27.7,A
48.74,160.68,Aglaia,23.3,A
156.17,399.41,Dipteryx,63.6,A
178.46,40.63,Dipteryx,52.4,A
468.24,133.31,Drypetes,12.2,A
170.76,22.27,Alseis,63.5,A
461.11,49.19,Cordia,71.2,A
585.88,199.62,Cordia,143.1,A
4.56,150.12,Aglaia,31.6,A
41.76,143.4,Drypetes,13.2,A
421.26,82.41,Garcinia,203.7,A
536.35,100.33,Hirtella,,D
448.8,141.7,Hirtella,20.4,A
359.82,373.69,Palaquium,12.9,A
162.29,87.64,Sloanea,153.3,A
572.36,173.51,Tetragastris,12.5,A
54.28,131.81,Alseis,217.6,A
37.93,333.46,Garcinia,26.4,A
215.3,170.07,Drypetes,22.3,A
180.25,371.09,Cordia,16.0,A
316.63,304.35,Aglaia,60.9,A
182.34,325.7,Beilschmiedia,11.7,A
94.67,388.04,Garcinia,129.8,A
88.31,237.88,Aglaia,44.9,A
244.54,210.98,Drypetes,36.5,A
296.08,203.46,Inga,16.1,A
68.45,127.89,Alseis,80.8,A
103.45,99.2,Drypetes,34.9,A
166.37,29.05,Macaranga,261.5,A
23.78,100.75,Drypetes,19.7,A
308.46,289.47,Calophyllum,,D
21.92,116.4,Drypetes,,M
244.51,160.95,Alseis,487.9,A
327.71,281.14,Swartzia,107.2,A
76.44,49.92,Rinorea,,D
112.26,89.27,Alseis,,D
400.02,42.29,Cordia,23.2,A
336.08,66.76,Calophyllum,24.2,A
193.38,242.65,Dipteryx,105.7,A
143.67,143.52,Cordia,78.7,A
361.42,314.77,Sloanea,89.6,A
98.03,56.54,Aglaia,78.1,A
17.54,73.84,Nectandra,31.9,A
545.72,169.93,Beilschmiedia,12.2,A
455.31,113.67,Swartzia,10.0,A
61.94,237.25,Drypetes,17.3,A
418.62,23.62,Beilschmiedia,75.3,A
290.17,272.94,Calophyllum,45.2,A
581.72,64.8,Eugenia,97.2,A
233.79,192.19,Calophyllum,826.9,A
61.18,332.87,Rinorea,18.2,A
222.57,375.41,Calophyllum,,M
288.77,29.06,Aglaia,13.8,A
437.46,68.1,Aglaia,28.1,A
538.59,184.13,Guarea,159.5,A
45.34,231.94,Eugenia,,D
200.15,111.94,Cordia,10.8,A
46.28,189.84,Calophyllum,47.6,A
76.31,90.71,Inga,16.5,A
332.24,102.2,Cecropia,93.0,A
12.54,326.26,Calophyllum,20.9,A
209.85,117.71,Aglaia,16.6,A
11.0,252.25,Alseis,15.2,A
187.68,247.05,Faramea,22.5,A
330.05,256.24,Faramea,40.4,A
51.55,297.24,Alseis,62.1,A
401.63,28.46,Inga,10.9,A
363.15,248.88,Aglaia,10.4,A
418.27,74.69,Garcinia,12.4,A
2.47,290.66,Cordia,31.9,A
404.47,132.01,Ocotea,22.5,A
90.28,93.52,Inga,94.3,A
69.0,328.22,Knema,66.0,A
235.82,22.73,Alseis,13.9,A
8.86,136.6,Inga,24.2,A
51.76,272.83,Rinorea,11.4,A
344.77,193.92,Protium,31.6,A
294.83,39.42,Aglaia,23.6,A
409.66,62.18,Garcinia,43.1,A
405.25,51.17,Inga,,D
95.63,41.67,Cordia,63.7,A
309.39,27.11,Dipteryx,36.0,A
333.55,362.68,Alseis,157.4,A
367.59,156.35,Eugenia,18.5,A
104.92,132.06,Alseis,70.7,A
40.23,334.57,Drypetes,10.3,A
168.43,232.75,Drypetes,39.4,A
131.02,58.39,Alseis,145.6,A
170.17,340.1,Beilschmiedia,17.1,A
87.46,300.73,Beilschmiedia,99.9,A
182.37,205.28,Drypetes,18.9,A
98.69,94.14,Drypetes,16.2,A
387.96,38.29,Inga,30.8,A
154.11,149.58,Calophyllum,60.6,A
19.21,32.3,Licania,230.5,A
87.09,85.95,Inga,16.3,A
229.69,83.59,Eugenia,14.0,A
236.42,30.74,Faramea,20.1,A
341.83,60.13,Cordia,22.4,A
76.6,333.76,Quararibea,172.6,A
173.7,91.65,Nectandra,14.1,A
223.07,187.3,Alseis,14.1,A
91.84,138.25,Palaquium,18.9,A
232.95,229.51,Aglaia,84.3,A
210.28,217.15,Calophyllum,,D
70.47,351.35,Aglaia,11.1,A
242.0,114.9,Beilschmiedia,15.2,A
485.77,84.89,Beilschmiedia,17.7,A
188.05,337.89,Eugenia,,D
407.63,49.42,Alseis,146.3,A
146.3,101.79,Shorea,19.8,A
268.68,338.07,Aglaia,16.6,A
109.5,309.25,Drypetes,138.5,A
104.66,223.65,Faramea,606.0,A
385.93,331.1,Dipteryx,12.2,A
22.71,117.63,Hirtella,146.5,A
281.81,226.46,Sloanea,60.9,A
13.32,199.21,Aglaia,28.9,A
84.55,178.31,Alseis,339.2,A
109.92,31.86,Rinorea,,D
144.62,17.14,Nectandra,21.8,A
46.11,212.3,Aglaia,13.5,A
239.25,355.85,Alseis,93.0,A
385.54,54.91,Drypetes,26.4,A
323.41,207.99,Inga,,D
370.74,65.53,Aglaia,13.6,A
107.96,348.88,Guarea,30.7,A
69.97,69.41,Aglaia,19.1,A
142.9,138.88,Beilschmiedia,42.2,A
130.4,387.68,Aglaia,18.6,A
327.94,176.13,Macaranga,12.2,A
54.39,117.71,Alseis,21.6,A
419.9,42.59,Inga,167.6,A
555.27,104.2,Beilschmiedia,91.3,A
427.64,54.42,Alseis,39.8,A
73.2,60.02,Aglaia,71.8,A
332.79,360.75,Trichilia,27.0,A
415.21,38.94,Aglaia,79.3,A
453.87,111.4,Calophyllum,29.2,A
102.52,18.91,Ocotea,14.5,A
236.54,238.97,Jacaranda,30.8,A
562.89,179.09,Knema,12.5,A
344.05,373.9,Dipteryx,128.0,A
218.32,220.78,Eugenia,21.8,A
291.63,373.87,Macaranga,94.4,A
47.23,280.26,Quararibea,16.6,A
42.86,146.17,Knema,152.6,A
449.68,0.09,Guarea,,D
295.5,7.8,Anacardium,52.4,A
406.23,192.95,Dipteryx,42.9,A
156.03,224.1,Drypetes,124.6,A
12.11,375.6,Beilschmiedia,,M
238.72,179.94,Knema,43.4,A
94.13,96.22,Xylopia,,D
89.93,277.61,Drypetes,12.0,A
500.74,40.87,Drypetes,25.6,A
550.39,104.5,Beilschmiedia,10.0,A
152.5,5.5,Cordia,16.3,A
363.32,394.53,Palaquium,32.9,A
80.87,259.7,Dipteryx,46.8,A
318.58,95.14,Beilschmiedia,75.7,A
399.31,212.87,Macaranga,76.0,A
23.54,349.05,Drypetes,361.6,A
323.72,86.27,Dipteryx,32.5,A
147.45,1.02,Shorea,15.4,A
47.87,79.98,Eugenia,102.6,A
486.59,11.03,Macaranga,11.1,A
229.57,191.79,Alseis,11.8,A
287.59,277.17,Jacaranda,16.8,A
443.28,123.85,Rinorea,21.2,A
33.71,207.53,Aglaia,16.9,A
175.07,206.03,Guarea,23.9,A
371.36,84.78,Jacaranda,14.1,A
442.01,74.31,Macaranga,41.8,A
385.2,340.06,Macaranga,10.6,A
95.73,77.31,Cordia,71.7,A
443.45,174.72,Eugenia,14.2,A
216.9,21.74,Cordia,19.8,A
241.27,323.89,Luehea,,D
301.6,183.66,Cordia,99.7,A
42.14,131.17,Virola,498.7,A
232.07,283.06,Beilschmiedia,72.4,A
400.81,23.56,Alseis,12.6,A
8.31,265.01,Eugenia,24.8,A
377.31,59.46,Alseis,104.0,A
33.27,158.1,Cordia,89.8,A
31.12,287.65,Dipteryx,13.1,A
432.81,86.73,Eugenia,13.1,A
81.13,307.72,Beilschmiedia,125.5,A
193.3,298.93,Hirtella,27.0,A
445.67,49.13,Beilschmiedia,14.7,A
297.33,200.96,Garcinia,14.2,A
556.33,52.32,Knema,10.4,A
396.77,68.01,Dipteryx,14.0,A
92.32,238.91,Aglaia,37.8,A
224.54,35.48,Knema,161.7,A
283.5,27.48,Aglaia,113.7,A
155.62,364.74,Eugenia,35.0,A
281.12,166.64,Beilschmiedia,,D
208.64,126.79,Garcinia,48.5,A
201.54,122.57,Cordia,10.8,A
30.1,290.04,Calophyllum,16.6,A
535.58,199.57,Eugenia,92.5,A
434.68,159.88,Cordia,121.0,A
231.95,277.91,Beilschmiedia,11.5,A
535.85,57.28,Faramea,20.4,A
202.76,255.52,Beilschmiedia,,D
418.56,38.03,Aglaia,,M
416.15,84.23,Beilschmiedia,28.2,A
476.43,10.88,Licania,234.8,A
354.38,376.23,Cordia,51.2,A
26.12,376.37,Quararibea,11.5,A
436.16,27.18,Guarea,88.7,A
319.91,1.15,Anacardium,21.5,A
412.1,60.85,Inga,82.9,A
132.98,368.7,Cordia,193.7,A
314.0,313.53,Calophyllum,,D
397.93,94.71,Calophyllum,78.4,A
74.53,169.89,Alseis,14.3,A
344.96,292.61,Aglaia,17.0,A
89.38,247.53,Guarea,25.4,A
180.01,183.17,Cordia,18.8,A
122.9,276.15,Brosimum,34.5,A
381.7,124.13,Dipteryx,17.5,A
340.86,388.85,Alseis,,D
126.52,263.87,Dipteryx,13.0,A
493.96,127.31,Beilschmiedia,90.8,A
345.46,45.71,Knema,13.7,A
581.13,91.02,Beilschmiedia,,D
346.7,107.29,Drypetes,15.3,A
400.75,149.7,Guarea,28.0,A
4.21,377.43,Beilschmiedia,11.3,A
131.23,113.13,Dipteryx,18.1,A
172.83,137.52,Aglaia,31.3,A
210.6,180.62,Ocotea,139.9,A
431.32,46.3,Beilschmiedia,20.3,A
125.2,247.81,Guarea,44.5,A
131.12,179.79,Aglaia,13.7,A
111.54,52.14,Aglaia,,D
228.54,267.51,Aglaia,24.1,A
330.44,192.47,Dipteryx,267.5,A
307.93,119.29,Hirtella,14.6,A
372.72,231.94,Aglaia,21.3,A
304.87,196.2,Inga,38.2,A
232.12,305.6,Guarea,26.5,A
208.2,288.5,Aglaia,11.1,A
185.14,149.31,Palaquium,42.6,A
131.34,234.37,Ocotea,11.3,A
2.85,333.68,Knema,38.9,A
501.7,1.96,Faramea,10.4,A
334.6,35.18,Aglaia,,D
7.94,233.45,Guarea,261.5,A
203.86,281.15,Guarea,221.3,A
55.44,225.58,Garcinia,,D
294.36,153.93,Jacaranda,10.8,A
383.51,173.78,Palaquium,32.8,A
585.45,40.1,Alseis,,D
405.33,69.75,Aglaia,23.1,A
409.95,44.15,Aglaia,11.3,A
150.03,265.99,Brosimum,49.4,A
143.11,17.34,Guarea,102.8,A
297.12,302.33,Hirtella,45.6,A
268.48,287.77,Guarea,19.3,A
104.05,108.5,Hirtella,39.8,A
447.52,49.35,Ocotea,14.4,A
8.0,171.32,Nectandra,42.1,A
407.34,81.97,Beilschmiedia,44.3,A
386.19,312.86,Aglaia,46.1,A
119.84,27.72,Ocotea,112.9,A
222.06,300.39,Faramea,24.0,A
368.09,69.53,Drypetes,29.9,A
396.81,338.09,Aglaia,58.2,A
113.94,234.92,Aglaia,135.4,A
198.27,168.41,Aglaia,30.5,A
34.14,17.74,Licania,10.4,A
280.22,45.0,Jacaranda,50.0,A
177.28,216.01,Drypetes,90.6,A
412.18,179.62,Aglaia,85.4,A
360.83,258.85,Aglaia,25.9,A
143.82,21.09,Cordia,27.7,A
39.53,313.63,Alseis,525.4,A
105.79,284.03,Knema,289.8,A
359.41,219.84,Eugenia,20.5,A
184.46,305.64,Drypetes,13.9,A
342.3,391.07,Alseis,293.4,A
240.88,190.06,Eugenia,15.9,A
540.36,108.63,Aglaia,71.4,A
397.99,187.04,Aglaia,43.6,A
155.9,298.4,Drypetes,23.7,A
62.08,102.94,Dipteryx,362.4,A
45.0,98.7,Eugenia,19.9,A
555.93,31.78,Guarea,,D
175.13,15.34,Alseis,17.4,A
364.62,108.54,Shorea,28.8,A
309.34,199.5,Inga,24.6,A
287.33,270.1,Calophyllum,135.3,A
393.73,103.3,Alseis,12.9,A
393.82,33.96,Inga,,D
156.22,223.02,Alseis,,D
356.95,65.49,Aglaia,,D
543.82,59.95,Calophyllum,58.1,A
136.48,30.92,Dipteryx,10.8,A
147.03,253.96,Alseis,45.4,A
79.64,33.66,Rinorea,36.6,A
3.44,27.16,Dipteryx,24.9,A
0.51,234.69,Faramea,401.2,A
26.12,51.11,Erythroxylum,11.8,A
6.41,225.16,Calophyllum,18.7,A
199.71,212.39,Aglaia,,M
142.63,264.0,Brosimum,24.3,A
140.56,130.61,Beilschmiedia,13.0,A
311.72,104.46,Beilschmiedia,15.1,A
275.01,182.62,Faramea,239.9,A
271.52,16.26,Dipteryx,21.7,A
266.18,187.27,Eugenia,51.9,A
15.51,18.56,Xylopia,21.5,A
47.29,18.17,Garcinia,17.1,A
130.69,144.9,Beilschmiedia,25.4,A
316.73,101.55,Aglaia,27.8,A
327.33,16.51,Aglaia,20.8,A
179.38,246.99,Aglaia,17.5,A
277.13,178.49,Ocotea,,D
540.42,119.36,Macaranga,67.8,A
105.41,179.62,Aglaia,19.9,A
343.59,40.46,Dipteryx,12.6,A
105.06,185.91,Dipteryx,400.0,A
37.57,31.94,Protium,10.1,A
225.09,264.55,Beilschmiedia,62.0,A
385.89,72.85,Ficus,294.4,A
107.89,36.23,Eugenia,10.4,A
240.9,258.63,Calophyllum,18.5,A
237.45,174.33,Alseis,,D
92.18,300.28,Beilschmiedia,38.3,A
381.25,46.7,Drypetes,175.1,A
376.03,29.12,Inga,,D
36.52,110.19,Alseis,13.8,A
88.54,89.77,Dipteryx,139.3,A
28.61,89.48,Calophyllum,17.3,A
340.19,94.62,Jacaranda,,D
302.98,15.86,Garcinia,110.3,A
182.69,218.35,Garcinia,17.2,A
582.68,2.78,Faramea,16.5,A
373.95,228.55,Guarea,155.1,A
319.97,110.54,Calophyllum,37.2,A
204.02,162.22,Jacaranda,11.8,A
423.42,133.73,Beilschmiedia,27.6,A
399.95,217.04,Dipteryx,328.3,A
128.77,210.11,Aglaia,,D
188.26,150.06,Aglaia,81.6,A
378.69,390.63,Palaquium,56.8,A
40.37,134.75,Cordia,10.7,A
104.35,396.35,Quararibea,27.1,A
338.72,303.94,Sloanea,,D
14.41,341.7,Drypetes,13.4,A
50.28,144.04,Protium,200.2,A
236.71,193.08,Alseis,,D
410.99,156.7,Palaquium,14.6,A
141.59,216.59,Guarea,35.5,A
444.15,81.52,Alseis,30.0,A
292.47,245.27,Shorea,41.5,A
454.18,41.62,Jacaranda,11.7,A
386.18,173.51,Nectandra,,D
27.46,278.73,Calophyllum,227.4,A
434.91,56.31,Alseis,49.0,A
177.75,181.96,Knema,18.3,A
18.81,368.55,Beilschmiedia,13.7,A
174.34,305.08,Eugenia,27.1,A
210.12,257.17,Aglaia,118.2,A
189.46,250.36,Aglaia,10.2,A
275.2,307.04,Guarea,,D
274.44,224.77,Faramea,19.2,A
300.77,39.48,Eugenia,38.5,A
529.22,157.83,Aglaia,,D
14.41,141.38,Inga,81.3,A
446.88,126.58,Rinorea,20.0,A
400.03,87.69,Garcinia,16.5,A
407.48,160.44,Palaquium,,D
588.43,150.39,Faramea,31.4,A
302.72,42.53,Ocotea,18.2,A
285.81,188.69,Calophyllum,18.9,A
370.4,158.51,Cordia,46.1,A
144.0,196.49,Jacaranda,19.5,A
119.86,193.9,Calophyllum,19.9,A
185.78,100.12,Hirtella,99.0,A
292.34,196.03,Inga,12.6,A
370.89,144.39,Guarea,11.6,A
336.43,390.39,Aglaia,22.8,A
363.7,332.73,Eugenia,10.6,A
170.53,289.33,Quararibea,,M
316.37,361.62,Dipteryx,88.0,A
456.65,92.7,Macaranga,68.9,A
387.66,101.91,Ocotea,23.8,A
109.09,17.46,Dipteryx,37.5,A
546.61,97.48,Beilschmiedia,45.1,A
187.4,207.79,Drypetes,96.2,A
90.34,239.53,Garcinia,325.4,A
190.14,231.14,Garcinia,77.8,A
222.06,110.7,Quararibea,42.8,A
95.06,173.23,Nectandra,10.5,A
516.4,175.15,Beilschmiedia,28.5,A
220.21,301.91,Aglaia,20.2,A
224.27,216.93,Licania,921.1,A
84.89,307.49,Quararibea,184.5,A
528.6,148.5,Aglaia,,D
62.9,196.51,Hirtella,42.5,A
94.28,130.56,Calophyllum,136.2,A
242.3,322.32,Eugenia,14.7,A
327.1,363.42,Licania,515.0,A
348.44,215.06,Faramea,73.7,A
135.08,273.26,Knema,11.4,A
461.04,52.6,Dipteryx,26.9,A
226.68,234.61,Eugenia,20.6,A
156.18,337.88,Dipteryx,,D
148.65,17.72,Hirtella,61.5,A
156.42,100.08,Inga,68.1,A
298.73,192.6,Inga,,D
333.85,44.31,Aglaia,16.1,A
135.79,197.47,Diospyros,20.3,A
20.2,117.75,Alseis,10.3,A
82.46,226.22,Drypetes,65.4,A
543.7,184.02,Beilschmiedia,13.6,A
279.72,328.38,Alseis,43.1,A
241.39,175.37,Rinorea,10.3,A
210.28,256.32,Knema,512.5,A
145.04,170.3,Calophyllum,10.1,A
206.92,116.93,Garcinia,17.0,A
414.34,21.32,Calophyllum,35.1,A
298.61,331.4,Cordia,65.4,A
172.71,285.34,Aglaia,20.5,A
148.92,246.03,Alseis,549.4,A
10.25,148.56,Nectandra,18.1,A
230.69,112.83,Aglaia,63.9,A
259.77,348.46,Luehea,134.1,A
64.27,22.38,Licania,515.6,A
326.8,72.95,Ficus,15.4,A
91.32,166.48,Alseis,19.1,A
178.99,30.51,Calophyllum,16.8,A
182.85,1.34,Alseis,10.3,A
240.97,339.92,Beilschmiedia,27.1,A
121.62,272.29,Calophyllum,16.1,A
445.04,50.75,Beilschmiedia,91.9,A
207.56,115.73,Knema,279.3,A
161.5,204.55,Guarea,18.8,A
434.35,140.6,Beilschmiedia,,D
374.18,177.88,Dipteryx,48.8,A
396.52,236.85,Aglaia,10.6,A
201.54,223.44,Aglaia,23.8,A
223.1,230.92,Eugenia,41.8,A
84.45,335.04,Aglaia,28.1,A
213.58,69.18,Alseis,174.8,A
41.16,301.54,Drypetes,416.3,A
283.15,320.14,Protium,12.1,A
248.59,288.0,Beilschmiedia,60.9,A
387.28,231.44,Garcinia,31.8,A
13.8,246.23,Eugenia,18.7,A
337.58,25.7,Alseis,223.1,A
85.85,394.37,Garcinia,17.6,A
109.07,216.51,Cordia,52.9,A
383.12,91.02,Alseis,95.0,A
343.53,296.84,Cordia,22.3,A
216.35,230.89,Calophyllum,187.7,A
41.68,275.73,Faramea,25.0,A
391.89,6.44,Alseis,19.9,A
309.34,225.17,Garcinia,28.8,A
17.33,329.07,Diospyros,12.1,A
237.74,55.2,Knema,,D
366.31,5.74,Dipteryx,213.3,A
98.74,282.6,Alseis,,D
8.37,367.93,Beilschmiedia,30.7,A
92.24,295.54,Beilschmiedia,23.8,A
21.63,378.74,Knema,20.1,A
239.47,318.54,Beilschmiedia,126.4,A
405.87,132.58,Palaquium,53.1,A
514.73,134.39,Hirtella,36.1,A
396.0,116.83,Aglaia,35.6,A
212.78,176.35,Licania,34.2,A
97.42,179.75,Cordia,126.7,A
365.39,356.55,Tetragastris,30.1,A
349.58,71.03,Garcinia,141.5,A
210.04,298.49,Aglaia,120.8,A
264.32,241.93,Garcinia,80.8,A
47.87,247.28,Guarea,25.8,A
278.85,235.47,Calophyllum,135.8,A
223.84,17.73,Calophyllum,37.8,A
425.64,173.79,Garcinia,20.7,A
196.06,132.24,Aglaia,29.2,A
232.59,38.95,Calophyllum,18.0,A
579.42,91.99,Beilschmiedia,65.6,A
261.15,207.59,Eugenia,23.5,A
19.55,334.22,Drypetes,,D
525.89,106.65,Aglaia,118.2,A
84.49,53.34,Calophyllum,49.9,A
61.78,46.73,Alseis,24.0,A
536.42,180.88,Guarea,12.4,A
122.62,173.73,Guarea,19.6,A
223.53,174.28,Protium,,D
208.69,221.97,Aglaia,14.8,A
304.76,215.84,Guarea,68.1,A
413.87,32.23,Alseis,,M
245.12,278.49,Beilschmiedia,124.9,A
109.99,307.18,Nectandra,16.8,A
239.32,223.71,Hirtella,,M
569.7,182.71,Rinorea,49.5,A
144.47,236.04,Drypetes,,D
506.9,10.38,Hirtella,,D
349.37,396.06,Trichilia,23.3,A
191.29,362.02,Aglaia,15.8,A
461.13,179.28,Eugenia,100.1,A
575.7,61.22,Alseis,10.7,A
573.41,110.27,Alseis,27.0,A
287.57,169.41,Trichilia,62.1,A
232.58,234.92,Guarea,40.9,A
144.44,122.79,Inga,18.8,A
173.58,206.9,Hirtella,11.5,A
190.78,60.54,Anacardium,13.0,A
155.81,95.24,Inga,161.1,A
61.94,288.83,Hirtella,14.1,A
255.92,285.42,Garcinia,,D
291.72,155.64,Inga,22.2,A
517.09,68.7,Calophyllum,31.4,A
199.76,271.13,Faramea,376.2,A
548.41,150.34,Hirtella,108.4,A
432.17,55.02,Alseis,15.0,A
275.23,329.8,Alseis,12.3,A
307.9,18.0,Aglaia,29.3,A
107.06,272.69,Alseis,397.8,A
457.64,18.06,Beilschmiedia,16.4,A
98.52,82.93,Calophyllum,239.6,A
387.98,6.88,Macaranga,11.4,A
237.03,311.03,Aglaia,67.0,A
3.17,349.68,Alseis,164.8,A
39.39,247.66,Calophyllum,103.0,A
479.29,138.64,Beilschmiedia,12.0,A
90.64,91.09,Dipteryx,27.7,A
49.75,371.4,Hirtella,106.2,A
190.9,195.73,Aglaia,25.4,A
360.16,179.34,Faramea,20.8,A
52.19,318.39,Guarea,10.9,A
239.13,213.76,Garcinia,21.6,A
51.61,243.46,Calophyllum,13.7,A
277.68,238.15,Cordia,171.9,A
61.32,129.09,Dipteryx,86.5,A
5.74,184.44,Anacardium,,D
329.9,149.56,Guarea,13.5,A
298.05,34.32,Eugenia,21.0,A
71.51,104.99,Drypetes,223.6,A
322.7,228.27,Faramea,66.0,A
434.26,141.45,Beilschmiedia,,D
347.89,308.21,Guarea,21.6,A
199.69,187.83,Aglaia,28.5,A
416.37,146.2,Dipteryx,12.2,A
344.88,279.17,Knema,37.0,A
353.39,132.7,Ocotea,12.1,A
190.3,7.54,Alseis,261.6,A
597.59,55.22,Alseis,140.4,A
141.92,211.69,Alseis,,D
457.76,22.49,Beilschmiedia,26.2,A
183.68,360.24,Rinorea,22.4,A
62.07,240.99,Drypetes,239.9,A
230.2,216.9,Eugenia,63.6,A
551.19,103.13,Beilschmiedia,,D
120.09,46.9,Rinorea,,D
332.2,31.82,Alseis,15.9,A
502.35,35.25,Licania,17.9,A
575.86,84.09,Alseis,125.0,A
233.77,171.54,Calophyllum,923.5,A
326.9,300.11,Alseis,45.1,A
214.4,189.49,Calophyllum,10.8,A
295.76,26.23,Garcinia,20.5,A
199.77,265.46,Aglaia,12.8,A
64.74,122.03,Cordia,121.7,A
242.41,47.32,Faramea,23.4,A
165.4,31.25,Calophyllum,,D
249.94,339.02,Dipteryx,68.1,A
522.8,75.16,Calophyllum,,D
465.41,174.14,Beilschmiedia,10.1,A
118.4,327.52,Cordia,51.9,A
292.77,31.75,Macaranga,10.9,A
52.76,93.69,Drypetes,11.2,A
101.22,388.72,Beilschmiedia,36.8,A
242.08,323.75,Cordia,,D
572.71,111.25,Aglaia,161.1,A
79.31,133.31,Nectandra,12.5,A
362.86,341.53,Eugenia,85.9,A
206.73,36.29,Calophyllum,227.8,A
483.8,197.83,Dipteryx,20.8,A
24.43,33.44,Shorea,19.2,A
553.91,167.44,Rinorea,24.0,A
242.66,388.89,Hirtella,32.8,A
115.34,226.76,Eugenia,21.3,A
130.15,249.28,Brosimum,24.8,A
386.49,72.1,Alseis,27.8,A
29.08,314.88,Calophyllum,38.8,A
182.14,234.62,Aglaia,86.1,A
291.66,345.55,Aglaia,23.5,A
317.21,321.49,Ocotea,12.1,A
114.27,205.81,Eugenia,126.1,A
275.55,242.03,Beilschmiedia,71.8,A
597.46,126.5,Dipteryx,11.1,A
58.82,168.67,Ocotea,42.3,A
386.48,45.62,Dipteryx,31.8,A
377.23,370.23,Cordia,12.4,A
570.7,92.47,Beilschmiedia,36.4,A
195.29,124.34,Protium,33.1,A
195.07,138.16,Aglaia,122.2,A
105.91,239.92,Jacaranda,10.3,A
140.81,15.82,Cordia,13.9,A
532.89,159.15,Dipteryx,43.3,A
176.58,339.76,Beilschmiedia,79.8,A
286.75,9.6,Beilschmiedia,18.5,A
154.18,94.96,Jacaranda,16.3,A
362.14,88.29,Garcinia,339.5,A
204.56,85.73,Alseis,96.0,A
250.84,282.32,Hirtella,11.4,A
535.77,84.64,Licania,75.2,A
516.93,3.62,Faramea,,D
477.28,7.65,Eugenia,55.7,A
363.27,227.14,Garcinia,30.8,A
232.33,340.44,Cordia,,D
51.21,88.92,Drypetes,344.5,A
69.56,186.35,Cordia,14.1,A
227.39,182.61,Dipteryx,31.4,A
92.74,348.62,Knema,23.4,A
270.92,251.07,Cordia,47.3,A
63.73,227.76,Drypetes,28.2,A
257.32,12.79,Protium,15.7,A
68.48,231.96,Anacardium,10.1,A
537.2,163.58,Hura,15.7,A
106.66,201.51,Rinorea,35.1,A
575.7,81.98,Aglaia,10.4,A
534.83,176.91,Beilschmiedia,17.1,A
113.08,2.4,Calophyllum,71.2,A
331.08,361.88,Alseis,46.7,A
379.2,248.65,Hirtella,11.3,A
103.32,57.86,Aglaia,53.4,A
405.22,158.08,Cordia,86.5,A
425.4,173.7,Eugenia,45.8,A
361.76,287.85,Hirtella,35.8,A
61.78,259.84,Calophyllum,360.9,A
189.53,289.48,Eugenia,12.2,A
272.81,334.15,Diospyros,13.2,A
219.72,222.73,Eugenia,76.4,A
182.1,118.12,Aglaia,15.0,A
558.23,101.65,Beilschmiedia,63.6,A
19.92,61.4,Erythroxylum,71.1,A
20.31,57.84,Calophyllum,185.3,A
125.74,392.24,Guarea,15.2,A
44.52,346.37,Aglaia,19.8,A
549.34,101.73,Aglaia,25.1,A
157.47,281.24,Alseis,64.0,A
181.6,188.59,Alseis,593.0,A
300.49,101.27,Aglaia,32.9,A
215.48,310.88,Faramea,26.8,A
362.55,102.28,Ficus,41.3,A
154.07,349.26,Beilschmiedia,35.9,A
250.18,260.05,Aglaia,18.4,A
6.62,78.73,Licania,,D
442.51,147.05,Nectandra,16.4,A
429.84,29.04,Eugenia,14.8,A
437.79,53.73,Beilschmiedia,81.1,A
226.29,83.85,Sloanea,90.6,A
277.76,326.01,Calophyllum,61.2,A
78.48,159.61,Ocotea,47.9,A
78.8,133.48,Nectandra,,D
391.06,219.22,Eugenia,91.3,A
39.49,302.43,Drypetes,22.8,A
305.88,241.73,Dipteryx,17.3,A
406.48,29.39,Calophyllum,10.1,A
423.73,73.78,Aglaia,19.5,A
165.14,248.87,Drypetes,233.1,A
214.28,48.21,Hirtella,18.8,A
211.44,234.83,Eugenia,40.2,A
25.45,235.75,Faramea,10.2,A
176.77,292.03,Aglaia,62.3,A
76.8,163.31,Anacardium,18.2,A
71.34,212.35,Drypetes,179.2,A
304.88,120.31,Aglaia,34.1,A
163.81,270.17,Alseis,52.9,A
210.0,297.23,Knema,19.6,A
182.99,56.21,Calophyllum,130.7,A
171.68,49.96,Cordia,58.6,A
9.91,151.19,Garcinia,11.2,A
56.8,156.42,Calophyllum,347.5,A
161.32,204.87,Nectandra,35.3,A
30.14,340.56,Diospyros,27.6,A
158.57,305.33,Alseis,19.2,A
323.93,223.32,Faramea,76.1,A
65.84,238.87,Nectandra,32.9,A
11.75,142.22,Aglaia,11.9,A
498.83,32.26,Guarea,,D
310.48,182.04,Nectandra,21.7,A
398.6,162.76,Guarea,32.3,A
372.77,142.51,Faramea,,D
329.01,245.74,Cecropia,147.7,A
100.0,307.15,Beilschmiedia,10.8,A
518.69,12.26,Ocotea,22.6,A
121.7,175.76,Guarea,103.5,A
53.8,377.5,Beilschmiedia,76.0,A
161.23,114.89,Aglaia,101.6,A
167.8,316.19,Faramea,16.3,A
164.01,307.99,Alseis,37.2,A
57.34,160.8,Alseis,10.9,A
165.9,203.66,Alseis,17.6,A
519.69,148.45,Knema,30.9,A
151.94,326.29,Guarea,17.8,A
351.57,339.35,Dipteryx,70.2,A
52.07,227.69,Garcinia,287.2,A
597.52,44.31,Faramea,30.8,A
366.8,189.46,Jacaranda,36.7,A
52.6,322.9,Aglaia,112.8,A
173.29,339.53,Beilschmiedia,11.3,A
282.64,353.75,Alseis,16.3,A
69.37,31.76,Guarea,15.6,A
77.84,209.81,Jacaranda,128.0,A
41.02,151.77,Drypetes,31.8,A
481.92,132.45,Calophyllum,39.3,A
180.26,255.72,Quararibea,17.5,A
580.6,176.8,Guarea,17.3,A
235.44,289.8,Eugenia,40.1,A
16.35,286.01,Calophyllum,15.0,A
88.64,68.44,Guarea,13.0,A
162.19,135.55,Beilschmiedia,57.9,A
27.99,127.54,Aglaia,12.7,A
337.34,246.4,Cecropia,120.2,A
129.41,207.82,Eugenia,36.8,A
342.05,367.9,Aglaia,10.9,A
436.12,181.04,Garcinia,35.9,A
432.67,70.43,Aglaia,59.4,A
414.45,61.38,Garcinia,31.9,A
185.62,269.72,Aglaia,157.6,A
250.19,183.3,Dipteryx,,D
6.25,80.3,Beilschmiedia,12.1,A
238.06,193.0,Calophyllum,35.7,A
107.4,122.05,Inga,82.7,A
327.59,229.11,Faramea,111.9,A
162.29,163.82,Dipteryx,45.4,A
45.29,266.02,Eugenia,15.5,A
146.1,129.06,Palaquium,20.1,A
73.69,38.03,Hirtella,11.4,A
329.94,383.68,Palaquium,27.8,A
23.12,58.6,Shorea,88.7,A
288.37,290.58,Calophyllum,,M
451.87,9.66,Beilschmiedia,,D
171.85,131.78,Palaquium,71.6,A
340.0,176.82,Ocotea,11.7,A
321.71,237.63,Faramea,175.3,A
451.84,166.07,Drypetes,58.6,A
400.22,39.3,Drypetes,23.1,A
169.57,13.93,Nectandra,14.4,A
591.78,97.26,Alseis,37.4,A
514.1,161.12,Aglaia,14.4,A
593.16,118.92,Tetragastris,22.4,A
45.26,96.15,Cordia,25.0,A
7.17,2.23,Licania,85.7,A
425.28,34.86,Beilschmiedia,10.5,A
433.93,95.54,Macaranga,31.7,A
361.1,343.95,Eugenia,11.9,A
115.07,80.09,Macaranga,12.4,A
246.58,326.69,Beilschmiedia,11.8,A
161.52,222.36,Quararibea,18.9,A
281.26,218.08,Dipteryx,16.7,A
175.71,255.03,Knema,791.6,A
377.73,236.85,Alseis,49.1,A
165.92,264.29,Cordia,46.9,A
417.01,66.42,Aglaia,14.1,A
151.32,144.57,Calophyllum,108.7,A
490.81,53.49,Calophyllum,20.2,A
427.85,146.23,Beilschmiedia,15.4,A
34.09,168.13,Aglaia,101.7,A
336.08,360.46,Alseis,22.1,A
333.68,125.82,Ficus,27.0,A
418.84,115.81,Macaranga,14.5,A
362.02,84.95,Ficus,53.7,A
105.51,319.31,Drypetes,114.1,A
362.64,244.51,Cordia,20.8,A
164.01,336.01,Drypetes,13.4,A
465.86,84.84,Dipteryx,18.9,A
29.46,312.11,Guarea,11.6,A
44.19,51.84,Hirtella,11.4,A
425.69,15.33,Beilschmiedia,54.8,A
346.85,172.89,Dipteryx,393.7,A
398.46,297.49,Jacaranda,52.0,A
202.36,323.13,Faramea,18.4,A
218.66,128.38,Alseis,33.4,A
509.46,194.92,Hirtella,11.4,A
331.05,109.84,Aglaia,,D
353.12,135.62,Nectandra,,D
346.74,393.01,Beilschmiedia,127.9,A
328.01,74.0,Calophyllum,17.5,A
370.23,248.78,Garcinia,98.3,A
290.91,294.59,Dipteryx,10.4,A
218.0,325.6,Aglaia,99.8,A
87.13,72.6,Cordia,11.0,A
182.54,373.65,Alseis,586.4,A
273.1,196.78,Eugenia,10.4,A
66.38,338.08,Rinorea,55.3,A
92.73,160.45,Knema,72.0,A
13.31,136.5,Aglaia,65.8,A
8.76,374.63,Eugenia,41.2,A
599.22,55.79,Alseis,59.5,A
137.77,315.57,Calophyllum,88.4,A
387.29,100.62,Alseis,28.7,A
108.43,33.43,Alseis,374.6,A
324.66,253.18,Eugenia,54.2,A
193.17,106.37,Aglaia,17.9,A
105.07,31.17,Alseis,200.5,A
474.24,36.53,Eugenia,38.0,A
137.49,262.2,Hirtella,17.6,A
535.07,187.79,Beilschmiedia,148.2,A
230.0,91.28,Nectandra,33.8,A
474.0,16.78,Drypetes,45.1,A
62.21,201.48,Quararibea,13.0,A
216.84,232.14,Drypetes,,D
243.58,335.37,Dipteryx,128.6,A
591.12,38.84,Dipteryx,131.2,A
395.49,281.91,Jacaranda,13.0,A
378.92,139.25,Faramea,33.3,A
126.57,165.38,Calophyllum,16.8,A
483.05,112.52,Rinorea,,D
43.14,145.25,Protium,16.4,A
523.8,61.69,Shorea,34.0,A
538.35,104.66,Aglaia,31.7,A
44.95,318.34,Drypetes,254.5,A
161.46,335.36,Calophyllum,15.5,A
225.83,3.95,Cordia,156.0,A
114.68,313.67,Calophyllum,10.6,A
89.24,260.35,Cordia,164.0,A
557.7,27.93,Licania,85.9,A
539.59,48.76,Aglaia,107.8,A
589.71,100.63,Alseis,38.4,A
289.26,276.86,Jacaranda,,D
276.74,199.91,Hirtella,11.4,A
472.12,27.88,Beilschmiedia,44.7,A
154.72,81.7,Inga,41.9,A
73.15,314.52,Aglaia,27.0,A
59.99,265.87,Garcinia,69.0,A
391.66,104.21,Alseis,22.8,A
205.27,234.99,Aglaia,,D
26.25,272.98,Drypetes,138.8,A
27.4,143.31,Virola,11.7,A
44.75,332.92,Aglaia,25.6,A
279.76,13.53,Beilschmiedia,15.2,A
386.13,241.03,Calophyllum,39.1,A
102.44,234.36,Aglaia,28.7,A
379.42,251.43,Beilschmiedia,101.3,A
458.57,20.33,Swartzia,334.5,A
27.53,368.63,Beilschmiedia,87.9,A
401.35,69.87,Macaranga,36.8,A
494.93,119.54,Eugenia,31.7,A
448.26,59.75,Dipteryx,23.6,A
357.53,210.76,Alseis,15.5,A
81.36,319.91,Faramea,436.4,A
267.61,163.26,Cordia,10.9,A
200.82,206.7,Dipteryx,110.0,A
174.13,82.04,Calophyllum,106.7,A
272.65,290.32,Dipteryx,43.9,A
226.92,336.02,Guarea,169.6,A
48.52,308.19,Alseis,20.4,A
378.14,85.98,Drypetes,15.1,A
489.81,198.48,Cordia,34.5,A
531.5,57.18,Faramea,40.4,A
45.67,237.19,Calophyllum,66.5,A
10.84,313.07,Faramea,12.4,A
83.87,298.39,Cordia,20.7,A
311.58,44.81,Calophyllum,16.4,A
98.37,303.95,Beilschmiedia,272.2,A
89.39,154.87,Cordia,41.0,A
238.09,314.91,Eugenia,112.5,A
176.62,147.06,Aglaia,16.2,A
169.52,17.32,Alseis,32.5,A
68.14,291.97,Cordia,82.8,A
151.32,228.34,Aglaia,22.6,A
165.5,216.94,Alseis,13.2,A
493.86,4.59,Faramea,158.1,A
196.42,220.93,Aglaia,56.8,A
62.61,324.24,Aglaia,115.3,A
286.64,324.39,Ocotea,27.5,A
400.88,79.08,Beilschmiedia,153.8,A
307.01,260.0,Nectandra,33.3,A
21.64,286.05,Faramea,13.6,A
384.58,42.34,Inga,12.6,A
274.11,17.36,Calophyllum,176.1,A
26.59,311.28,Faramea,10.9,A
50.35,253.75,Eugenia,45.5,A
89.25,28.19,Nectandra,20.1,A
490.87,126.58,Guarea,12.5,A
81.07,132.65,Palaquium,331.9,A
187.35,293.29,Eugenia,50.4,A
518.36,188.75,Hirtella,10.6,A
307.81,367.48,Alseis,16.4,A
255.94,159.08,Licania,62.9,A
450.89,49.46,Beilschmiedia,,D
171.05,149.49,Cordia,80.0,A
167.51,209.36,Aglaia,20.0,A
23.51,374.81,Beilschmiedia,10.9,A
184.25,206.11,Garcinia,39.7,A
38.57,217.33,Drypetes,173.6,A
11.85,80.62,Beilschmiedia,,D
518.15,23.06,Drypetes,55.4,A
197.06,329.03,Hirtella,10.8,A
215.33,246.08,Beilschmiedia,20.1,A
150.76,141.14,Alseis,50.6,A
137.34,129.96,Beilschmiedia,33.9,A
221.68,381.37,Dipteryx,362.5,A
352.53,208.07,Faramea,,D
191.59,89.78,Anacardium,12.1,A
390.19,321.74,Alseis,17.4,A
15.91,288.25,Faramea,18.6,A
73.26,299.51,Faramea,285.2,A
190.15,262.35,Faramea,,M
339.5,339.1,Cordia,18.9,A
38.52,270.9,Eugenia,13.8,A
65.38,11.36,Garcinia,23.3,A
560.17,112.88,Tetragastris,11.9,A
493.52,146.57,Beilschmiedia,23.5,A
188.19,373.77,Shorea,11.5,A
466.32,7.13,Calophyllum,78.1,A
145.06,232.27,Jacaranda,17.0,A
61.41,117.74,Guarea,55.8,A
215.85,232.92,Aglaia,24.2,A
245.5,322.0,Beilschmiedia,51.3,A
176.36,356.5,Alseis,34.0,A
526.95,23.81,Faramea,,D
57.88,185.73,Anacardium,134.4,A
369.86,101.32,Ficus,13.2,A
270.03,306.5,Calophyllum,15.2,A
463.24,128.12,Ocotea,,D
43.12,185.72,Calophyllum,73.0,A
501.89,152.93,Shorea,25.7,A
566.17,118.79,Ocotea,15.8,A
344.65,258.69,Eugenia,20.0,A
15.73,92.86,Cordia,37.6,A
427.18,166.48,Eugenia,40.0,A
80.12,337.13,Cordia,10.3,A
591.55,56.17,Guarea,22.0,A
181.95,354.25,Rinorea,22.8,A
107.86,348.01,Cordia,,D
232.4,308.33,Beilschmiedia,73.8,A
154.44,92.42,Hirtella,,D
214.24,111.34,Cordia,51.6,A
123.19,372.1,Cordia,25.0,A
390.47,49.33,Inga,33.4,A
27.6,139.22,Cordia,74.3,A
266.61,345.25,Luehea,147.3,A
150.2,156.66,Alseis,306.5,A
0.53,371.65,Beilschmiedia,70.5,A
137.37,63.65,Protium,286.2,A
376.81,94.71,Alseis,39.5,A
575.26,68.18,Aglaia,,D
353.58,261.66,Ocotea,40.8,A
84.33,195.8,Knema,25.9,A
200.97,262.97,Alseis,14.5,A
175.37,21.1,Alseis,19.6,A
242.37,258.52,Beilschmiedia,27.1,A
132.77,284.34,Brosimum,61.1,A
578.25,123.35,Dipteryx,24.2,A
485.12,72.68,Macaranga,24.2,A
96.67,286.9,Knema,25.8,A
239.4,93.88,Guarea,76.5,A
284.38,332.64,Alseis,11.0,A
210.25,217.77,Garcinia,16.8,A
104.18,42.8,Eugenia,,D
98.59,31.77,Rinorea,19.5,A
308.46,180.88,Faramea,11.3,A
161.19,136.34,Beilschmiedia,21.9,A
61.39,250.0,Dipteryx,26.4,A
521.65,165.49,Calophyllum,138.1,A
487.4,93.71,Drypetes,265.0,A
180.52,331.01,Eugenia,60.7,A
150.62,257.98,Alseis,12.5,A
392.44,113.79,Alseis,57.8,A
198.73,260.43,Alseis,55.7,A
232.72,53.92,Garcinia,,D
287.27,310.57,Aglaia,,D
246.24,168.36,Alseis,50.3,A
94.35,231.47,Dipteryx,31.3,A
364.72,161.6,Dipteryx,11.9,A
384.33,135.95,Faramea,19.8,A
150.79,13.03,Nectandra,40.0,A
37.65,81.21,Hirtella,22.5,A
316.58,35.27,Guarea,36.0,A
380.81,99.59,Calophyllum,12.6,A
127.11,228.86,Eugenia,20.0,A
573.63,184.48,Faramea,21.7,A
127.43,321.26,Faramea,,D
398.69,230.04,Shorea,40.2,A
54.69,48.7,Knema,47.9,A
386.15,246.49,Hirtella,38.4,A
459.37,20.82,Calophyllum,242.9,A
329.05,377.49,Trichilia,294.1,A
36.58,329.98,Drypetes,15.7,A
182.91,382.67,Swartzia,61.5,A
48.34,49.78,Nectandra,,D
322.23,206.47,Garcinia,,D
181.67,309.28,Eugenia,,D
159.26,271.07,Alseis,20.6,A
212.43,330.71,Trichilia,,D
260.46,319.84,Beilschmiedia,30.1,A
580.73,71.07,Eugenia,139.3,A
27.63,274.16,Drypetes,19.0,A
555.38,178.01,Rinorea,,D
373.42,142.99,Nectandra,34.3,A
376.28,88.65,Garcinia,55.0,A
43.66,121.75,Virola,13.9,A
291.29,299.69,Aglaia,10.5,A
530.94,125.26,Dipteryx,10.4,A
7.04,14.69,Dipteryx,13.8,A
273.71,317.14,Aglaia,13.5,A
169.38,307.85,Aglaia,13.8,A
74.2,63.88,Aglaia,11.0,A
157.3,221.43,Quararibea,24.5,A
179.62,289.42,Dipteryx,99.8,A
182.94,139.09,Aglaia,56.4,A
216.0,319.1,Shorea,13.5,A
5.62,307.38,Drypetes,304.6,A
149.1,337.15,Aglaia,10.4,A
268.9,344.99,Alseis,135.4,A
41.08,265.27,Calophyllum,288.0,A
233.26,127.44,Beilschmiedia,10.4,A
390.94,333.6,Aglaia,94.8,A
11.39,228.59,Cordia,77.6,A
147.71,111.33,Guarea,146.5,A
592.25,170.44,Faramea,,D
69.85,165.62,Cordia,16.0,A
33.49,368.26,Beilschmiedia,126.0,A
372.27,110.47,Dipteryx,30.9,A
320.7,349.76,Calophyllum,,D
164.95,226.14,Hirtella,10.7,A
358.21,247.55,Beilschmiedia,15.5,A
298.11,26.39,Aglaia,27.4,A
497.39,17.2,Eugenia,13.6,A
94.13,42.84,Rinorea,19.8,A
230.85,76.1,Eugenia,39.4,A
222.31,188.79,Alseis,85.4,A
578.92,30.21,Licania,15.2,A
6.89,232.29,Faramea,13.3,A
229.94,36.59,Faramea,42.1,A
202.99,223.2,Aglaia,,D
108.15,112.28,Cordia,64.6,A
29.27,348.68,Dipteryx,182.2,A
64.5,190.25,Jacaranda,46.7,A
305.32,36.84,Aglaia,33.1,A
181.27,264.16,Diospyros,77.7,A
153.0,265.87,Hirtella,12.0,A
6.93,393.6,Alseis,32.7,A
243.8,279.13,Alseis,26.0,A
170.9,197.66,Cordia,34.4,A
241.66,324.95,Beilschmiedia,27.2,A
76.25,196.84,Sloanea,,D
531.61,190.31,Beilschmiedia,68.9,A
432.93,75.57,Eugenia,13.4,A
19.3,123.35,Garcinia,259.6,A
67.1,342.28,Guarea,,M
281.78,215.26,Hirtella,185.1,A
235.07,325.64,Dipteryx,42.1,A
154.52,311.13,Alseis,40.0,A
244.5,346.52,Luehea,10.5,A
101.43,165.88,Quararibea,16.0,A
87.51,263.14,Dipteryx,406.3,A
249.21,340.32,Calophyllum,15.8,A
322.82,130.76,Alseis,25.6,A
296.45,13.32,Aglaia,36.8,A
173.01,329.17,Beilschmiedia,116.1,A
241.06,317.6,Beilschmiedia,67.2,A
28.72,127.16,Alseis,15.5,A
24.71,277.31,Faramea,518.5,A
23.85,214.91,Calophyllum,539.7,A
355.78,222.52,Eugenia,20.5,A
323.22,159.55,Faramea,145.2,A
403.8,191.87,Aglaia,30.8,A
247.76,187.57,Alseis,13.6,A
293.42,232.62,Guarea,10.2,A
473.18,157.56,Drypetes,15.8,A
130.01,210.56,Gustavia,,M
480.77,164.66,Drypetes,13.3,A
143.07,194.47,Aglaia,16.5,A
237.45,168.25,Cordia,,D
499.19,40.36,Dipteryx,12.0,A
82.15,316.41,Calophyllum,60.8,A
496.18,148.81,Calophyllum,11.1,A
247.53,204.12,Cordia,,D
255.25,296.87,Calophyllum,69.0,A
180.43,3.86,Calophyllum,89.3,A
195.78,40.5,Alseis,10.6,A
124.75,124.29,Nectandra,,D
248.28,265.37,Jacaranda,162.2,A
244.57,278.5,Beilschmiedia,,D
232.1,141.6,Knema,115.0,A
252.27,269.59,Alseis,10.5,A
241.89,110.29,Macaranga,14.2,A
32.13,315.0,Quararibea,18.9,A
95.87,155.08,Guarea,81.1,A
535.16,149.18,Aglaia,,D
261.96,389.24,Calophyllum,12.8,A
270.35,390.99,Cordia,42.6,A
373.88,220.61,Alseis,20.7,A
550.9,57.02,Aglaia,77.8,A
462.64,21.03,Beilschmiedia,124.3,A
423.6,95.08,Dipteryx,14.6,A
512.39,41.47,Licania,23.3,A
324.25,58.93,Drypetes,67.0,A
160.17,92.43,Inga,32.3,A
243.41,323.31,Dipteryx,,M
3.64,389.96,Eugenia,36.1,A
37.57,140.84,Virola,17.7,A
375.83,93.66,Knema,22.8,A
105.25,150.76,Alseis,21.2,A
133.07,138.08,Beilschmiedia,49.4,A
402.63,81.6,Beilschmiedia,,D
17.37,49.3,Jacaranda,116.1,A
311.09,146.86,Inga,12.0,A
351.48,209.11,Calophyllum,104.1,A
587.32,141.31,Dipteryx,,D
349.43,264.03,Faramea,24.3,A
26.74,316.07,Swartzia,15.4,A
352.21,1.09,Nectandra,10.4,A
353.71,20.83,Alseis,63.5,A
318.77,139.37,Alseis,17.4,A
202.62,160.83,Nectandra,23.5,A
100.0,157.91,Cordia,59.8,A
5.71,223.42,Faramea,25.0,A
74.81,388.55,Quararibea,76.3,A
320.13,229.92,Faramea,16.3,A
42.5,256.67,Dipteryx,86.0,A
466.32,160.78,Beilschmiedia,22.7,A
66.49,58.86,Alseis,11.7,A
322.82,231.0,Hirtella,15.7,A
247.64,322.84,Beilschmiedia,50.2,A
349.42,322.87,Jacaranda,101.5,A
106.9,395.82,Cordia,36.3,A
82.33,369.37,Diospyros,10.7,A
239.99,275.62,Beilschmiedia,12.1,A
356.84,60.51,Nectandra,39.2,A
162.79,241.3,Knema,,D
102.38,257.55,Knema,11.5,A
288.88,365.45,Alseis,10.0,A
44.32,118.31,Alseis,10.1,A
76.71,100.06,Palaquium,51.4,A
171.05,155.84,Calophyllum,56.9,A
2.99,145.02,Dipteryx,30.3,A
206.26,130.73,Sloanea,119.1,A
335.11,389.27,Alseis,19.0,A
61.72,158.43,Macaranga,16.7,A
154.21,109.95,Inga,22.7,A
320.29,79.03,Knema,194.3,A
237.6,290.75,Eugenia,115.5,A
235.01,133.61,Dipteryx,270.1,A
5.05,286.37,Cordia,18.5,A
207.32,115.74,Knema,,D
246.46,167.54,Alseis,195.3,A
14.23,196.18,Aglaia,15.6,A
541.13,177.61,Hirtella,25.6,A
102.77,129.43,Alseis,80.0,A
99.31,52.66,Rinorea,14.2,A
530.47,58.28,Knema,32.9,A
207.6,95.91,Licania,47.9,A
99.69,239.33,Aglaia,75.4,A
87.51,196.62,Faramea,35.4,A
314.37,256.99,Calophyllum,23.9,A
34.33,246.01,Guarea,16.8,A
469.78,106.57,Hirtella,,D
586.15,85.96,Beilschmiedia,,D
221.76,66.4,Cordia,100.0,A
32.11,153.52,Aglaia,,D
124.9,105.33,Inga,10.8,A
19.42,312.7,Dipteryx,124.0,A
248.21,185.02,Hirtella,11.8,A
15.67,136.91,Garcinia,,D
236.45,279.42,Hirtella,10.5,A
188.93,291.36,Faramea,,D
211.98,108.93,Cordia,101.1,A
18.85,105.04,Drypetes,11.5,A
145.97,188.34,Ocotea,13.4,A
486.18,84.07,Beilschmiedia,37.2,A
4.13,326.27,Guarea,24.0,A
400.0,93.69,Beilschmiedia,24.3,A
350.13,269.45,Calophyllum,34.2,A
111.6,354.67,Calophyllum,34.9,A
91.25,77.34,Calophyllum,30.3,A
104.29,42.73,Eugenia,43.6,A
463.13,15.82,Beilschmiedia,12.2,A
224.4,297.26,Knema,45.0,A
328.66,283.51,Macaranga,13.9,A
189.42,88.11,Gustavia,71.2,A
429.7,34.5,Beilschmiedia,17.3,A
190.48,136.32,Aglaia,21.1,A
362.55,68.03,Drypetes,448.0,A
503.41,9.49,Drypetes,48.3,A
328.78,153.97,Macaranga,12.4,A
83.9,116.48,Palaquium,439.6,A
148.06,255.34,Alseis,,D
523.16,176.11,Beilschmiedia,192.9,A
46.99,140.58,Virola,238.6,A
26.77,327.83,Aglaia,11.4,A
565.88,67.56,Aglaia,10.2,A
292.51,245.6,Dipteryx,284.1,A
197.62,139.02,Aglaia,121.1,A
124.81,101.09,Garcinia,43.2,A
197.77,172.51,Aglaia,21.0,A
107.73,252.24,Cordia,50.1,A
173.88,7.91,Cordia,18.3,A
436.1,74.33,Eugenia,79.2,A
110.2,282.93,Garcinia,16.1,A
279.37,337.38,Alseis,20.3,A
102.9,58.24,Cordia,46.2,A
131.82,339.69,Ocotea,203.6,A
502.64,9.27,Eugenia,61.1,A
318.93,199.87,Cordia,157.6,A
513.83,27.31,Hirtella,85.7,A
238.83,119.14,Beilschmiedia,,D
77.8,86.47,Calophyllum,30.5,A
243.32,117.23,Beilschmiedia,58.6,A
299.87,168.6,Beilschmiedia,52.7,A
138.27,229.93,Brosimum,13.4,A
573.22,78.35,Dipteryx,19.3,A
54.83,283.72,Drypetes,34.5,A
148.09,83.89,Dipteryx,140.7,A
405.11,191.62,Calophyllum,10.1,A
89.92,110.8,Dipteryx,12.0,A
384.54,219.25,Eugenia,20.0,A
111.02,6.14,Calophyllum,48.6,A
75.36,173.43,Guarea,13.4,A
375.96,138.42,Cordia,20.3,A
508.1,80.12,Licania,536.8,A
484.22,54.61,Jacaranda,13.0,A
21.15,173.51,Inga,16.0,A
203.55,220.68,Cordia,53.9,A
398.32,282.17,Nectandra,14.1,A
372.87,259.41,Cordia,15.6,A
201.51,22.32,Faramea,12.8,A
195.23,301.6,Drypetes,31.1,A
410.72,101.27,Aglaia,111.4,A
76.39,82.75,Alseis,,M
94.13,95.39,Palaquium,89.3,A
64.61,226.46,Alseis,23.1,A
93.74,196.96,Calophyllum,170.3,A
34.32,312.82,Alseis,,M
269.59,175.45,Hirtella,19.8,A
106.97,134.62,Quararibea,366.6,A
105.19,257.68,Alseis,23.6,A
462.93,62.46,Calophyllum,20.5,A
43.6,372.21,Beilschmiedia,13.7,A
448.14,187.27,Eugenia,10.9,A
445.68,83.05,Alseis,52.5,A
159.93,188.41,Palaquium,21.8,A
244.92,168.29,Jacaranda,10.3,A
30.73,253.01,Guarea,25.5,A
149.03,151.14,Calophyllum,148.8,A
247.27,204.38,Faramea,36.1,A
58.23,315.46,Aglaia,68.0,A
534.65,26.5,Dipteryx,439.5,A
415.43,90.44,Beilschmiedia,29.2,A
75.82,385.89,Jacaranda,,D
293.77,301.74,Cordia,15.8,A
401.34,195.47,Aglaia,28.3,A
461.07,157.05,Beilschmiedia,147.4,A
212.86,192.69,Knema,13.4,A
224.89,74.18,Eugenia,12.2,A
97.5,123.97,Calophyllum,60.6,A
228.44,145.26,Nectandra,13.6,A
323.93,118.95,Beilschmiedia,33.7,A
248.67,33.77,Alseis,13.6,A
13.65,331.36,Hirtella,80.0,A
23.51,267.75,Guarea,11.1,A
9.16,141.49,Garcinia,,D
51.06,127.16,Virola,147.1,A
428.71,113.82,Aglaia,20.5,A
80.73,145.45,Jacaranda,12.1,A
110.04,60.13,Aglaia,10.8,A
66.38,184.46,Dipteryx,430.7,A
241.2,94.32,Jacaranda,13.1,A
53.38,309.78,Alseis,17.4,A
453.54,190.07,Calophyllum,20.4,A
436.88,60.42,Garcinia,20.8,A
454.15,118.01,Protium,25.7,A
81.3,219.01,Eugenia,17.5,A
101.25,396.62,Beilschmiedia,13.1,A
552.73,95.64,Calophyllum,,D
108.81,61.92,Aglaia,133.5,A
192.99,265.14,Cordia,13.7,A
425.19,182.24,Alseis,35.8,A
342.92,250.14,Eugenia,,D
121.1,98.98,Garcinia,46.7,A
525.97,39.64,Calophyllum,36.7,A
12.79,155.97,Guarea,19.3,A
113.13,132.21,Dipteryx,46.7,A
507.44,123.45,Hirtella,17.2,A
117.17,197.89,Aglaia,19.8,A
48.06,136.47,Virola,202.5,A
377.16,329.37,Aglaia,15.1,A
312.01,161.43,Inga,47.4,A
470.46,169.52,Eugenia,40.8,A
164.35,138.7,Ocotea,21.5,A
233.28,214.39,Quararibea,20.3,A
229.42,122.6,Aglaia,13.8,A
369.92,331.64,Dipteryx,,D
297.18,164.5,Guarea,10.9,A
97.49,398.47,Beilschmiedia,58.1,A
209.89,191.35,Cordia,15.9,A
286.29,44.23,Jacaranda,17.3,A
502.96,96.05,Drypetes,452.7,A
26.29,107.49,Alseis,20.4,A
312.89,17.82,Garcinia,55.0,A
134.57,190.09,Quararibea,11.1,A
94.32,200.08,Gustavia,12.5,A
480.4,41.33,Sloanea,,D
533.82,159.12,Aglaia,13.2,A
519.31,187.44,Beilschmiedia,25.7,A
565.77,166.5,Tetragastris,94.7,A
22.88,125.18,Dipteryx,232.6,A
466.47,6.67,Beilschmiedia,28.7,A
130.22,225.21,Palaquium,16.5,A
212.73,45.91,Dipteryx,93.0,A
576.45,102.81,Beilschmiedia,13.7,A
362.18,57.11,Aglaia,15.3,A
237.39,166.88,Dipteryx,57.9,A
481.94,11.28,Knema,11.1,A
131.67,177.79,Faramea,,D
380.07,81.59,Alseis,101.5,A
77.45,123.36,Inga,46.7,A
393.1,70.93,Garcinia,17.2,A
273.92,282.76,Aglaia,59.0,A
376.51,219.37,Alseis,175.6,A
428.16,72.09,Eugenia,16.5,A
168.45,1.62,Cordia,17.1,A
81.52,233.56,Knema,38.1,A
524.75,172.67,Beilschmiedia,10.1,A
260.15,332.57,Aglaia,10.6,A
148.12,192.95,Alseis,54.6,A
217.55,133.29,Dipteryx,34.0,A
167.82,353.48,Calophyllum,117.5,A
323.94,121.0,Beilschmiedia,68.6,A
18.07,146.27,Aglaia,47.9,A
110.42,248.81,Calophyllum,,D
103.05,224.42,Eugenia,14.9,A
574.32,154.63,Tetragastris,36.8,A
129.17,50.57,Alseis,12.5,A
403.42,44.41,Inga,20.6,A
267.51,256.81,Beilschmiedia,170.0,A
374.64,70.17,Aglaia,115.1,A
241.64,181.82,Eugenia,50.2,A
305.25,106.49,Beilschmiedia,101.2,A
394.37,245.11,Calophyllum,278.7,A
588.15,119.9,Tetragastris,185.5,A
345.47,64.32,Drypetes,20.9,A
67.79,352.08,Calophyllum,16.0,A
413.17,139.39,Alseis,382.5,A
442.81,10.71,Xylopia,13.1,A
389.56,328.59,Aglaia,69.6,A
390.29,106.3,Alseis,185.2,A
327.82,128.95,Cordia,35.7,A
585.37,81.3,Alseis,12.4,A
16.66,288.16,Swartzia,11.0,A
493.88,102.08,Guarea,55.8,A
335.24,217.8,Dipteryx,17.1,A
194.48,156.26,Palaquium,45.7,A
82.77,224.18,Eugenia,13.6,A
177.66,121.53,Knema,584.9,A
211.28,140.24,Hirtella,47.3,A
229.83,268.81,Beilschmiedia,36.6,A
39.74,300.55,Faramea,,D
303.69,95.59,Alseis,363.3,A
383.74,96.72,Alseis,159.5,A
345.72,150.08,Ocotea,11.8,A
129.27,119.96,Calophyllum,71.1,A
156.26,282.77,Alseis,420.1,A
200.61,140.1,Swartzia,21.0,A
247.22,64.19,Garcinia,18.9,A
32.63,217.53,Drypetes,26.9,A
50.81,25.57,Calophyllum,10.8,A
133.79,345.88,Cordia,31.2,A
464.67,169.71,Beilschmiedia,270.6,A
10.44,197.03,Aglaia,26.1,A
164.28,161.39,Dipteryx,405.2,A
279.73,175.21,Hirtella,32.6,A
296.02,221.37,Dipteryx,12.3,A
302.09,101.03,Dipteryx,15.3,A
244.9,17.5,Alseis,30.3,A
410.83,80.71,Beilschmiedia,,D
392.39,55.47,Cordia,,D
322.4,17.38,Garcinia,18.6,A
486.77,42.92,Faramea,163.6,A
361.6,178.53,Jacaranda,103.7,A
107.24,204.33,Faramea,108.8,A
28.15,118.07,Alseis,16.4,A
209.11,267.44,Alseis,41.0,A
69.97,229.74,Aglaia,20.5,A
366.45,397.36,Palaquium,,D
317.77,90.47,Aglaia,30.6,A
344.33,245.78,Cecropia,37.4,A
171.43,290.93,Shorea,25.6,A
124.59,264.36,Brosimum,13.0,A
124.4,231.72,Calophyllum,16.2,A
82.28,73.33,Aglaia,36.2,A
320.7,322.62,Aglaia,10.8,A
7.37,327.33,Calophyllum,21.5,A
409.22,40.52,Drypetes,10.5,A
122.67,23.71,Alseis,36.3,A
149.84,198.6,Faramea,31.3,A
171.25,303.53,Faramea,317.0,A
509.56,92.61,Ocotea,23.0,A
14.45,285.92,Faramea,46.1,A
331.12,279.17,Jacaranda,115.2,A
53.2,142.49,Virola,40.3,A
457.11,51.27,Eugenia,32.4,A
230.14,284.26,Beilschmiedia,,D
246.12,335.08,Beilschmiedia,14.6,A
505.76,47.74,Macaranga,18.3,A
26.37,72.65,Beilschmiedia,,D
465.82,90.29,Shorea,22.2,A
71.26,292.25,Drypetes,18.4,A
310.34,260.12,Guarea,178.1,A
1.71,123.88,Garcinia,36.4,A
89.05,252.46,Hirtella,12.7,A
326.42,377.32,Alseis,132.7,A
501.91,133.76,Calophyllum,273.5,A
198.58,126.12,Calophyllum,166.7,A
415.85,67.52,Calophyllum,30.0,A
15.8,86.03,Drypetes,24.5,A
182.81,322.46,Drypetes,18.6,A
390.77,76.9,Garcinia,13.2,A
209.97,291.39,Jacaranda,10.1,A
584.37,105.27,Aglaia,76.3,A
573.0,189.3,Calophyllum,25.4,A
83.99,270.64,Dipteryx,125.9,A
77.04,116.96,Knema,789.9,A
43.16,92.65,Eugenia,45.9,A
556.2,76.39,Guarea,17.5,A
571.65,91.01,Beilschmiedia,86.7,A
344.49,192.08,Dipteryx,24.0,A
397.74,235.16,Guarea,14.1,A
83.04,84.2,Cordia,120.2,A
98.96,57.66,Aglaia,18.8,A
555.45,87.84,Beilschmiedia,10.7,A
227.68,297.06,Dipteryx,95.8,A
251.25,364.75,Calophyllum,152.1,A
11.75,388.73,Alseis,54.1,A
454.97,64.59,Beilschmiedia,21.1,A
41.05,138.0,Drypetes,12.7,A
252.74,268.82,Garcinia,343.2,A
386.56,292.25,Licania,23.9,A
556.2,51.5,Aglaia,,D
352.76,335.26,Eugenia,10.2,A
140.48,68.85,Dipteryx,10.8,A
459.92,43.21,Eugenia,25.7,A
447.62,0.2,Dipteryx,222.4,A
422.7,193.65,Alseis,20.4,A
36.23,274.9,Hirtella,50.1,A
589.99,176.85,Cordia,14.3,A
223.72,191.88,Alseis,43.2,A
545.28,121.86,Faramea,35.1,A
363.93,23.81,Drypetes,,D
361.06,12.46,Dipteryx,50.3,A
266.27,333.33,Cordia,35.4,A
431.78,37.69,Beilschmiedia,125.6,A
288.48,277.38,Jacaranda,15.9,A
245.55,190.72,Eugenia,,D
265.9,303.42,Dipteryx,,D
217.35,222.58,Hirtella,131.1,A
22.54,113.82,Inga,,D
314.53,308.16,Calophyllum,28.1,A
462.97,112.04,Hirtella,27.5,A
29.84,326.41,Calophyllum,15.1,A
387.34,247.21,Garcinia,142.0,A
180.86,223.21,Garcinia,31.7,A
367.74,140.89,Protium,82.1,A
100.07,307.41,Drypetes,,D
204.23,208.12,Calophyllum,20.5,A
28.88,108.41,Drypetes,,D
244.68,176.37,Licania,320.2,A
244.19,282.03,Eugenia,66.0,A
342.51,385.61,Beilschmiedia,15.2,A
124.84,322.96,Aglaia,13.1,A
415.51,165.38,Calophyllum,105.1,A
331.11,341.19,Swartzia,45.4,A
477.95,106.32,Eugenia,107.4,A
365.56,51.77,Aglaia,13.8,A
280.73,169.26,Faramea,19.7,A
265.17,232.94,Beilschmiedia,48.6,A
208.65,311.14,Cordia,25.7,A
10.07,153.2,Guarea,42.6,A
108.07,242.73,Calophyllum,291.4,A
275.74,384.19,Calophyllum,25.8,A
171.44,319.29,Beilschmiedia,29.1,A
87.11,354.45,Dipteryx,20.6,A
590.28,104.26,Alseis,13.6,A
168.89,365.22,Alseis,278.6,A
262.96,221.77,Hirtella,67.3,A
149.5,240.36,Alseis,75.3,A
12.49,10.42,Xylopia,13.3,A
7.07,140.46,Aglaia,13.1,A
203.96,319.07,Faramea,12.6,A
49.25,352.47,Calophyllum,11.7,A
2.77,132.02,Aglaia,37.5,A
57.25,352.28,Dipteryx,207.1,A
130.91,122.05,Calophyllum,10.2,A
279.1,174.92,Knema,460.7,A
249.46,272.54,Aglaia,23.1,A
86.71,50.74,Calophyllum,53.9,A
585.59,29.62,Calophyllum,106.5,A
92.46,344.92,Drypetes,10.3,A
399.73,126.07,Swartzia,161.4,A
98.22,27.0,Rinorea,14.7,A
122.08,116.96,Garcinia,32.3,A
64.97,167.75,Jacaranda,16.1,A
37.12,71.8,Cordia,27.3,A
310.92,181.12,Nectandra,,D
521.79,14.59,Licania,11.2,A
452.37,122.92,Rinorea,32.6,A
20.75,388.85,Dipteryx,18.6,A
181.71,17.66,Alseis,52.5,A
416.19,14.37,Hirtella,10.2,A
279.56,198.13,Eugenia,88.7,A
153.16,22.22,Cordia,29.1,A
542.88,96.64,Aglaia,50.4,A
90.7,33.4,Nectandra,12.7,A
484.63,139.69,Beilschmiedia,12.7,A
48.85,310.41,Alseis,42.4,A
37.98,98.98,Alseis,95.4,A
105.36,123.13,Drypetes,,D
459.19,177.25,Drypetes,14.8,A
114.1,108.18,Alseis,19.2,A
191.06,369.41,Aglaia,10.8,A
382.17,386.39,Guarea,10.7,A
187.95,191.08,Shorea,39.2,A
338.76,26.8,Guarea,59.8,A
93.66,72.26,Alseis,37.2,A
333.31,97.68,Cecropia,,D
274.27,230.91,Cordia,16.3,A
235.6,307.82,Eugenia,12.7,A
544.29,166.74,Beilschmiedia,10.0,A
285.27,194.13,Dipteryx,34.4,A
341.9,370.37,Aglaia,17.1,A
46.82,177.63,Calophyllum,40.6,A
510.87,60.02,Faramea,22.8,A
560.26,127.72,Cordia,12.0,A
102.09,300.53,Calophyllum,34.9,A
343.76,14.53,Ficus,13.9,A
329.5,388.46,Alseis,,D
53.59,293.65,Alseis,52.6,A
399.13,180.93,Macaranga,,D
236.87,156.65,Quararibea,10.6,A
141.38,54.06,Shorea,156.0,A
328.2,364.45,Alseis,13.1,A
123.22,123.01,Inga,76.2,A
417.83,187.1,Cordia,69.6,A
414.81,103.96,Alseis,67.9,A
16.92,273.82,Drypetes,17.2,A
564.33,48.16,Aglaia,,D
239.21,252.59,Garcinia,90.7,A
21.72,114.55,Drypetes,40.7,A
235.28,342.98,Aglaia,30.7,A
365.25,367.91,Knema,15.6,A
392.05,367.41,Alseis,63.5,A
310.65,109.96,Beilschmiedia,13.5,A
90.24,302.06,Beilschmiedia,46.3,A
210.66,322.9,Eugenia,22.4,A
595.44,85.73,Faramea,13.5,A
120.64,30.07,Alseis,29.2,A
291.94,341.4,Alseis,24.3,A
54.62,309.7,Dipteryx,303.2,A
16.43,259.87,Alseis,46.6,A
367.75,318.19,Dipteryx,89.1,A
218.42,117.5,Aglaia,29.4,A
300.7,280.35,Guarea,25.8,A
78.39,226.96,Dipteryx,13.0,A
240.15,341.18,Cordia,16.6,A
106.47,197.94,Rinorea,95.1,A
104.65,258.53,Nectandra,154.3,A
161.23,337.67,Cordia,18.6,A
236.46,124.42,Jacaranda,17.9,A
546.68,58.26,Alseis,101.5,A
33.6,287.53,Drypetes,16.7,A
90.16,260.16,Macaranga,12.3,A
49.31,244.3,Knema,22.3,A
518.94,42.81,Licania,17.6,A
150.03,188.92,Cordia,19.7,A
141.53,104.51,Calophyllum,19.6,A
176.78,307.48,Eugenia,11.9,A
167.1,360.68,Dipteryx,31.6,A
538.37,66.77,Knema,63.0,A
300.84,200.63,Cordia,11.2,A
37.6,253.17,Calophyllum,264.5,A
392.1,340.41,Aglaia,37.8,A
141.72,245.62,Alseis,16.9,A
244.91,286.62,Eugenia,10.3,A
105.13,14.31,Calophyllum,19.7,A
327.27,393.12,Alseis,588.8,A
552.28,172.95,Calophyllum,16.1,A
156.6,199.36,Protium,11.0,A
91.53,272.75,Alseis,18.2,A
205.81,222.62,Dipteryx,169.2,A
350.73,234.1,Dipteryx,238.3,A
110.86,231.58,Quararibea,74.5,A
517.02,173.16,Drypetes,17.8,A
285.24,15.2,Faramea,138.5,A
13.4,241.88,Cordia,74.0,A
249.31,296.3,Aglaia,11.4,A
225.57,137.65,Alseis,19.6,A
311.33,244.65,Faramea,37.2,A
395.29,344.08,Tetragastris,94.8,A
106.56,213.12,Jacaranda,96.7,A
34.33,96.03,Dipteryx,212.1,A
465.26,180.72,Eugenia,12.2,A
396.09,315.14,Alseis,,D
128.1,375.04,Aglaia,92.3,A
232.67,279.21,Cordia,13.4,A
181.47,261.83,Aglaia,27.1,A
277.0,3.7,Faramea,19.5,A
405.81,180.51,Faramea,39.7,A
442.33,73.89,Calophyllum,40.5,A
210.33,44.44,Alseis,310.2,A
344.15,147.02,Macaranga,10.7,A
45.21,319.72,Aglaia,28.2,A
201.98,315.67,Drypetes,12.7,A
449.73,198.29,Calophyllum,17.7,A
292.43,342.47,Aglaia,103.3,A
212.28,245.11,Beilschmiedia,13.7,A
447.34,32.89,Drypetes,12.2,A
295.56,197.18,Guarea,69.8,A
94.52,216.17,Cordia,14.8,A
218.75,264.62,Jacaranda,192.6,A
283.42,278.14,Aglaia,12.7,A
131.08,144.26,Beilschmiedia,13.6,A
94.85,356.39,Beilschmiedia,34.9,A
269.2,179.1,Jacaranda,31.5,A
316.52,56.26,Protium,32.5,A
60.97,252.28,Macaranga,20.7,A
122.9,370.72,Aglaia,43.6,A
104.26,23.35,Eugenia,19.4,A
194.98,361.44,Cupania,,D
343.96,77.58,Aglaia,65.1,A
242.24,339.94,Aglaia,85.0,A
489.08,38.75,Guarea,11.6,A
51.51,156.8,Inga,16.7,A
124.42,247.35,Palaquium,15.6,A
93.97,261.12,Drypetes,96.6,A
100.13,262.23,Drypetes,30.5,A
156.16,312.4,Drypetes,28.7,A
536.33,183.05,Dipteryx,17.2,A
305.92,193.14,Garcinia,,D
369.83,240.1,Dipteryx,,D
360.02,338.82,Alseis,38.0,A
383.95,18.4,Macaranga,98.1,A
56.63,180.26,Macaranga,19.1,A
55.64,53.25,Calophyllum,154.7,A
241.24,294.85,Calophyllum,,D
160.39,76.34,Protium,16.4,A
199.56,136.62,Cordia,,D
140.62,122.64,Anacardium,33.9,A
595.07,127.93,Tetragastris,12.1,A
428.67,27.21,Drypetes,10.8,A
40.35,195.27,Jacaranda,,M
235.02,330.08,Cordia,16.0,A
141.39,374.94,Aglaia,16.1,A
158.93,15.86,Alseis,62.2,A
271.78,236.37,Faramea,,D
2.3,381.91,Calophyllum,81.6,A
177.25,251.25,Calophyllum,23.1,A
211.97,102.73,Garcinia,,D
335.49,395.11,Beilschmiedia,34.6,A
474.9,14.7,Drypetes,14.6,A
246.26,283.01,Shorea,134.7,A
151.16,44.74,Guarea,25.1,A
79.04,18.83,Shorea,18.8,A
396.21,104.79,Alseis,,D
123.89,154.89,Swartzia,41.2,A
13.58,176.09,Protium,22.2,A
483.58,162.74,Calophyllum,25.9,A
572.77,163.6,Faramea,121.8,A
74.54,211.5,Calophyllum,80.0,A
497.08,154.03,Dipteryx,23.3,A
341.7,24.98,Swartzia,120.1,A
362.29,102.74,Knema,11.2,A
458.36,194.44,Eugenia,11.4,A
221.75,315.85,Cordia,41.8,A
194.02,386.09,Cupania,18.6,A
85.94,269.47,Alseis,61.3,A
80.04,314.52,Guarea,18.7,A
414.54,183.75,Palaquium,20.7,A
567.23,107.7,Aglaia,79.5,A
412.05,89.99,Beilschmiedia,14.0,A
85.74,31.16,Calophyllum,41.4,A
267.92,284.56,Nectandra,38.5,A
274.23,186.85,Faramea,121.6,A
163.49,135.73,Ocotea,26.7,A
103.42,152.65,Quararibea,27.8,A
251.8,280.28,Aglaia,140.2,A
6.28,126.86,Garcinia,25.4,A
502.01,31.95,Eugenia,30.0,A
157.62,143.27,Beilschmiedia,10.8,A
531.27,185.68,Hirtella,10.5,A
204.97,151.4,Aglaia,143.1,A
80.42,91.8,Alseis,581.4,A
595.79,83.5,Faramea,594.1,A
143.6,398.03,Aglaia,43.7,A
306.12,272.17,Calophyllum,,D
239.73,282.15,Aglaia,,D
91.17,372.58,Beilschmiedia,106.5,A
397.94,88.32,Protium,17.2,A
208.02,161.53,Calophyllum,175.4,A
108.38,119.24,Drypetes,21.3,A
200.96,195.54,Sloanea,,D
69.35,387.07,Guarea,84.2,A
39.5,238.5,Garcinia,13.7,A
171.19,327.37,Cordia,10.0,A
74.43,306.77,Rinorea,57.0,A
559.24,118.52,Aglaia,90.0,A
255.17,221.7,Licania,24.1,A
403.54,118.18,Macaranga,,D
242.97,175.11,Faramea,,M
62.3,339.72,Aglaia,20.0,A
159.51,278.99,Knema,21.0,A
127.4,48.57,Alseis,19.1,A
394.05,308.15,Guarea,44.6,A
127.16,135.19,Beilschmiedia,21.8,A
130.18,241.85,Brosimum,60.8,A
300.84,370.93,Cupania,109.6,A
241.97,211.08,Calophyllum,60.8,A
12.96,399.83,Alseis,377.4,A
325.55,100.93,Beilschmiedia,59.3,A
412.55,63.97,Aglaia,10.9,A
305.6,116.03,Beilschmiedia,242.0,A
51.16,49.31,Erythroxylum,,D
44.49,305.46,Drypetes,22.5,A
77.89,362.21,Beilschmiedia,162.1,A
89.73,251.53,Drypetes,51.0,A
407.27,58.33,Jacaranda,,D
85.31,283.28,Alseis,60.8,A
6.46,322.42,Guarea,40.6,A
131.11,108.16,Inga,14.4,A
276.05,301.12,Cordia,16.2,A
8.95,389.62,Alseis,30.3,A
416.37,42.42,Alseis,12.5,A
568.85,52.76,Aglaia,76.6,A
168.1,144.08,Calophyllum,642.6,A
106.22,320.75,Cordia,17.1,A
411.62,130.62,Aglaia,129.2,A
166.49,280.37,Alseis,12.3,A
381.94,269.38,Hirtella,26.3,A
189.04,146.35,Licania,52.2,A
74.25,19.26,Hirtella,,D
208.21,293.01,Ocotea,,D
218.53,134.57,Hirtella,10.5,A
243.94,34.26,Faramea,,M
40.56,90.52,Drypetes,116.7,A
59.03,225.52,Alseis,32.8,A
41.35,133.36,Virola,28.8,A
61.45,321.3,Calophyllum,86.0,A
404.13,51.02,Inga,17.2,A
354.15,92.04,Aglaia,33.3,A
177.62,182.22,Calophyllum,34.1,A
219.81,123.13,Alseis,31.8,A
373.18,350.74,Aglaia,30.5,A
364.12,388.34,Palaquium,,M
109.23,309.73,Aglaia,88.7,A
433.53,141.38,Beilschmiedia,21.2,A
479.64,76.38,Dipteryx,66.9,A
0.29,372.68,Beilschmiedia,12.9,A
567.19,145.73,Hirtella,12.9,A
30.85,41.19,Guarea,19.4,A
420.53,94.18,Calophyllum,38.4,A
197.61,69.03,Dipteryx,36.9,A
184.37,158.83,Aglaia,39.5,A
347.0,143.82,Knema,69.7,A
465.77,11.57,Beilschmiedia,48.7,A
212.38,234.38,Calophyllum,12.5,A
112.14,314.23,Dipteryx,15.4,A
135.28,288.29,Cordia,17.5,A
304.14,84.82,Aglaia,16.3,A
109.28,115.43,Inga,204.0,A
203.0,246.32,Dipteryx,454.1,A
272.35,257.47,Aglaia,13.5,A
545.29,110.32,Aglaia,131.0,A
545.04,134.1,Guarea,93.2,A
456.18,70.11,Drypetes,30.9,A
84.63,113.34,Palaquium,34.8,A
189.41,234.52,Aglaia,85.5,A
432.45,130.83,Beilschmiedia,166.7,A
453.94,53.73,Jacaranda,133.8,A
236.55,271.13,Dipteryx,10.2,A
387.78,81.38,Cordia,130.1,A
48.53,117.33,Virola,33.3,A
238.54,280.38,Hirtella,19.2,A
46.66,246.29,Eugenia,20.1,A
325.93,345.61,Jacaranda,19.8,A
247.82,277.2,Dipteryx,12.8,A
186.27,308.59,Calophyllum,13.1,A
397.18,105.53,Alseis,15.3,A
402.7,61.09,Hura,53.9,A
185.36,214.49,Licania,487.7,A
199.83,220.28,Licania,,D
200.06,321.59,Faramea,15.8,A
443.76,186.39,Eugenia,,D
469.76,20.54,Beilschmiedia,10.7,A
214.69,321.69,Faramea,22.7,A
204.19,324.29,Dipteryx,36.1,A
403.49,158.97,Faramea,53.9,A
335.15,396.28,Beilschmiedia,21.6,A
464.11,131.3,Ocotea,53.6,A
249.94,310.39,Aglaia,27.9,A
401.12,78.53,Garcinia,44.6,A
40.69,208.49,Aglaia,36.7,A
85.37,349.59,Beilschmiedia,214.4,A
80.85,81.77,Inga,,D
266.29,327.68,Guarea,268.6,A
398.37,304.05,Alseis,11.8,A
30.37,104.68,Jacaranda,20.1,A
137.92,127.75,Inga,18.5,A
578.22,56.39,Cordia,136.3,A
161.22,244.43,Drypetes,57.5,A
149.45,143.16,Aglaia,42.0,A
285.59,151.26,Trichilia,11.1,A
111.86,43.3,Cordia,49.4,A
331.83,92.55,Cordia,11.1,A
413.69,116.3,Aglaia,16.8,A
67.66,211.54,Alseis,62.3,A
583.89,114.75,Faramea,25.9,A
313.41,159.32,Inga,23.5,A
43.68,293.31,Alseis,99.2,A
294.23,307.19,Cordia,48.8,A
139.01,158.48,Nectandra,18.4,A
324.8,144.12,Cordia,10.4,A
200.55,231.25,Cordia,23.9,A
131.11,68.68,Inga,90.0,A
107.23,22.2,Shorea,69.7,A
467.63,4.19,Beilschmiedia,66.8,A
110.77,303.01,Knema,10.5,A
532.82,157.47,Jacaranda,10.8,A
69.35,324.3,Calophyllum,59.9,A
520.48,15.06,Licania,15.9,A
363.8,73.57,Dipteryx,20.3,A
367.66,143.54,Eugenia,10.9,A
22.49,302.81,Faramea,11.8,A
171.54,206.31,Aglaia,,D
470.03,173.73,Beilschmiedia,30.6,A
478.05,23.49,Dipteryx,40.0,A
235.82,318.88,Faramea,19.0,A
239.71,85.39,Sloanea,65.1,A
322.96,352.55,Trichilia,15.5,A
69.17,153.1,Guarea,10.7,A
39.68,166.44,Calophyllum,227.1,A
50.37,143.12,Drypetes,13.4,A
137.71,330.24,Aglaia,94.2,A
189.09,237.82,Drypetes,18.8,A
40.88,42.73,Jacaranda,177.6,A
579.03,59.72,Licania,254.1,A
8.08,124.24,Garcinia,12.7,A
410.68,182.25,Eugenia,90.3,A
230.65,288.95,Cordia,26.6,A
157.16,10.52,Calophyllum,321.5,A
58.67,18.26,Garcinia,17.2,A
433.65,18.6,Drypetes,12.2,A
272.25,359.27,Dipteryx,55.9,A
36.25,221.94,Garcinia,16.7,A
253.86,209.3,Dipteryx,404.9,A
545.09,123.59,Dipteryx,10.2,A
260.36,256.21,Beilschmiedia,26.2,A
239.89,284.22,Alseis,20.4,A
80.23,257.06,Dipteryx,71.0,A
534.17,173.95,Cordia,35.2,A
516.21,135.89,Cordia,24.3,A
63.97,117.71,Alseis,,D
139.07,246.4,Faramea,329.2,A
213.71,80.71,Eugenia,12.5,A
343.48,7.38,Calophyllum,158.1,A
309.43,22.28,Garcinia,14.4,A
117.08,98.29,Nectandra,14.2,A
287.0,351.35,Jacaranda,,D
237.72,173.3,Alseis,446.6,A
595.53,58.07,Faramea,10.0,A
288.13,321.73,Aglaia,56.6,A
144.01,210.7,Faramea,43.2,A
120.26,368.6,Guarea,60.8,A
260.29,183.12,Hirtella,100.0,A
50.22,51.02,Erythroxylum,151.8,A
6.1,172.95,Cordia,11.2,A
242.94,219.06,Garcinia,44.5,A
471.19,4.99,Sloanea,18.1,A
178.08,94.03,Ocotea,11.3,A
185.4,331.23,Beilschmiedia,,D
203.6,117.97,Calophyllum,17.3,A
246.29,376.08,Luehea,25.2,A
416.07,16.1,Inga,30.6,A
30.48,130.41,Hirtella,,D
187.84,310.76,Beilschmiedia,,D
209.35,263.01,Jacaranda,21.2,A
230.66,225.74,Nectandra,11.9,A
222.04,255.01,Beilschmiedia,81.5,A
75.79,216.65,Drypetes,,D
473.7,31.46,Licania,17.7,A
505.34,133.25,Beilschmiedia,106.9,A
110.46,201.87,Eugenia,13.8,A
129.58,2.47,Alseis,19.2,A
170.91,258.96,Rinorea,26.6,A
336.16,201.44,Inga,30.0,A
339.22,135.68,Macaranga,28.1,A
100.28,393.35,Garcinia,14.0,A
35.91,198.23,Dipteryx,59.4,A
462.1,49.47,Eugenia,17.4,A
206.45,291.53,Faramea,17.3,A
387.2,109.4,Guarea,27.2,A
170.74,258.96,Cordia,,M
169.84,131.31,Calophyllum,322.8,A
532.54,197.96,Dipteryx,21.5,A
314.11,123.12,Beilschmiedia,37.0,A
418.93,101.48,Garcinia,158.4,A
498.38,149.77,Guarea,13.4,A
184.92,311.19,Aglaia,32.2,A
389.55,103.11,Alseis,39.9,A
518.17,153.52,Calophyllum,11.2,A
244.39,52.32,Dipteryx,29.2,A
270.17,334.91,Hirtella,66.4,A
257.91,208.63,Garcinia,48.1,A
239.93,264.64,Beilschmiedia,44.6,A
370.95,88.49,Drypetes,158.2,A
130.88,205.8,Calophyllum,45.0,A
566.12,111.9,Ocotea,51.7,A
75.81,206.99,Calophyllum,56.8,A
61.53,314.93,Aglaia,54.4,A
350.64,155.52,Jacaranda,145.6,A
265.89,234.65,Beilschmiedia,186.2,A
195.1,41.87,Alseis,437.4,A
261.13,225.29,Garcinia,85.5,A
483.06,102.39,Shorea,12.7,A
525.39,144.81,Aglaia,124.3,A
589.82,85.5,Alseis,18.4,A
414.16,163.92,Cordia,11.5,A
510.42,95.48,Beilschmiedia,81.7,A
151.68,210.05,Dipteryx,16.9,A
419.67,100.3,Hirtella,11.2,A
333.11,351.19,Dipteryx,27.7,A
134.12,112.56,Inga,16.5,A
538.15,51.06,Alseis,21.2,A
593.69,57.1,Alseis,58.3,A
166.69,248.66,Calophyllum,39.5,A
253.2,227.35,Garcinia,73.8,A
298.52,348.66,Dipteryx,,D
445.11,183.06,Hirtella,24.1,A
131.55,279.37,Brosimum,21.7,A
168.99,327.91,Beilschmiedia,92.9,A
101.8,22.83,Rinorea,83.2,A
168.0,270.89,Rinorea,16.5,A
202.32,161.67,Aglaia,23.4,A
305.3,5.43,Dipteryx,,D
192.06,134.07,Palaquium,10.6,A
527.81,147.94,Aglaia,15.2,A
496.11,165.33,Calophyllum,13.9,A
116.17,239.08,Palaquium,18.2,A
414.0,177.84,Calophyllum,67.3,A
336.12,196.13,Inga,21.4,A
336.13,395.88,Beilschmiedia,102.4,A
411.07,76.67,Beilschmiedia,57.2,A
316.02,119.62,Aglaia,43.3,A
103.41,245.59,Garcinia,34.8,A
63.11,214.97,Alseis,13.0,A
31.66,327.53,Drypetes,11.9,A
560.02,95.11,Licania,50.8,A
243.13,368.04,Sloanea,17.2,A
438.64,145.35,Beilschmiedia,22.5,A
278.53,182.67,Inga,34.0,A
56.89,219.56,Alseis,10.7,A
180.5,75.57,Protium,29.6,A
160.41,266.87,Quararibea,343.9,A
91.18,44.21,Aglaia,35.0,A
11.65,79.44,Jacaranda,10.0,A
491.01,182.73,Guarea,21.9,A
320.67,300.32,Dipteryx,10.5,A
181.08,302.73,Eugenia,31.7,A
438.86,130.03,Beilschmiedia,26.1,A
535.06,94.12,Calophyllum,15.6,A
213.39,246.31,Dipteryx,84.5,A
155.58,161.44,Hirtella,144.7,A
248.2,250.77,Jacaranda,42.3,A
174.64,151.33,Aglaia,150.0,A
357.49,41.99,Guarea,135.9,A
56.82,197.85,Aglaia,80.0,A
112.06,73.95,Cordia,33.2,A
10.11,53.59,Cordia,48.3,A
498.15,16.23,Calophyllum,11.7,A
327.64,159.78,Shorea,50.1,A
276.38,193.04,Eugenia,10.8,A
599.2,118.62,Knema,19.1,A
19.24,207.95,Aglaia,10.3,A
275.82,223.06,Cordia,12.8,A
411.71,114.27,Guarea,101.3,A
47.96,257.56,Eugenia,13.8,A
51.64,368.89,Quararibea,27.6,A
231.54,192.57,Nectandra,13.0,A
239.11,355.62,Alseis,,D
326.8,4.65,Cordia,10.3,A
408.29,88.64,Garcinia,47.3,A
354.05,379.35,Aglaia,51.4,A
22.6,123.18,Drypetes,51.7,A
469.46,11.74,Beilschmiedia,54.1,A
180.71,261.55,Cordia,17.6,A
17.46,89.64,Beilschmiedia,,D
309.41,105.21,Guarea,11.8,A
88.03,156.77,Alseis,35.8,A
588.09,62.07,Aglaia,15.6,A
394.99,120.8,Aglaia,81.7,A
59.27,183.86,Hirtella,21.7,A
368.3,131.87,Faramea,27.0,A
356.42,325.16,Eugenia,43.7,A
48.25,7.66,Calophyllum,41.4,A
80.38,61.29,Calophyllum,329.1,A
187.45,326.27,Garcinia,,D
130.02,246.68,Hirtella,49.0,A
417.87,33.74,Guarea,11.5,A
294.68,185.41,Cordia,14.4,A
390.29,72.18,Cordia,25.2,A
37.94,140.97,Drypetes,307.3,A
272.95,246.7,Beilschmiedia,34.9,A
231.9,187.39,Nectandra,33.4,A
247.42,22.04,Swartzia,154.6,A
355.05,45.35,Drypetes,12.9,A
197.06,349.8,Nectandra,16.4,A
412.95,178.9,Eugenia,49.8,A
108.94,260.13,Calophyllum,354.5,A
77.87,296.47,Ocotea,,M
230.66,327.55,Beilschmiedia,15.5,A
237.86,251.71,Faramea,253.1,A
462.31,170.93,Beilschmiedia,140.8,A
517.63,36.91,Licania,113.5,A
86.46,62.28,Cordia,87.4,A
158.73,201.9,Faramea,13.4,A
386.07,155.57,Guarea,10.4,A
225.29,159.28,Dipteryx,158.9,A
314.36,143.64,Calophyllum,22.4,A
417.23,108.78,Aglaia,82.9,A
488.18,91.23,Guarea,107.8,A
321.14,195.01,Inga,14.1,A
495.84,69.01,Drypetes,96.4,A
141.08,286.67,Aglaia,16.2,A
61.47,313.72,Calophyllum,14.4,A
89.57,356.7,Sloanea,13.4,A
87.93,89.38,Dipteryx,,D
147.78,153.47,Alseis,52.2,A
252.24,160.87,Alseis,,D
113.15,45.27,Protium,14.2,A
339.37,37.74,Calophyllum,371.8,A
274.21,222.8,Dipteryx,372.0,A
323.17,111.05,Aglaia,16.5,A
119.18,208.09,Macaranga,31.2,A
136.04,383.69,Alseis,22.9,A
139.76,21.84,Hirtella,14.9,A
42.57,219.27,Drypetes,24.0,A
265.52,11.96,Cordia,46.1,A
435.6,170.22,Swartzia,92.8,A
153.47,302.07,Cordia,20.8,A
22.36,104.56,Swartzia,81.0,A
153.95,397.44,Aglaia,18.0,A
285.18,13.83,Beilschmiedia,,D
123.16,89.24,Guarea,10.1,A
325.7,112.67,Dipteryx,121.7,A
179.31,188.54,Dipteryx,21.0,A
94.56,238.4,Macaranga,,D
174.66,185.1,Cordia,29.3,A
87.03,299.25,Beilschmiedia,45.6,A
229.34,160.73,Cordia,20.3,A
234.14,180.6,Alseis,10.1,A
212.91,91.06,Eugenia,17.8,A
223.09,345.58,Cordia,27.4,A
132.24,207.97,Quararibea,62.6,A
107.22,49.21,Aglaia,11.0,A
330.75,174.16,Inga,48.3,A
249.55,284.81,Alseis,29.8,A
324.16,235.03,Calophyllum,,D
563.74,100.76,Tetragastris,12.6,A
234.9,335.74,Aglaia,10.6,A
39.24,290.66,Calophyllum,810.4,A
349.19,393.4,Licania,598.1,A
119.13,353.32,Sloanea,19.6,A
252.24,185.68,Rinorea,64.5,A
396.21,55.25,Calophyllum,879.3,A
82.92,267.72,Alseis,21.7,A
219.49,234.1,Calophyllum,12.6,A
19.67,149.19,Inga,15.0,A
189.82,73.44,Hirtella,75.8,A
588.22,132.84,Jacaranda,17.7,A
161.06,307.83,Alseis,62.9,A
142.0,210.89,Alseis,41.1,A
59.49,231.09,Cordia,10.3,A
326.51,359.11,Trichilia,51.6,A
36.87,211.18,Dipteryx,16.8,A
53.91,163.71,Alseis,133.5,A
274.91,254.5,Aglaia,68.3,A
217.21,258.86,Aglaia,98.8,A
220.23,275.94,Dipteryx,11.7,A
245.53,201.96,Garcinia,10.8,A
339.7,129.8,Macaranga,15.1,A
337.59,84.01,Jacaranda,,D
545.24,193.76,Beilschmiedia,18.5,A
93.99,347.16,Quararibea,230.0,A
17.56,267.53,Eugenia,85.5,A
64.14,71.19,Shorea,134.3,A
552.51,88.87,Dipteryx,12.2,A
296.55,343.69,Aglaia,18.1,A
23.93,177.57,Macaranga,29.9,A
368.27,392.77,Eugenia,11.0,A
131.46,253.42,Anacardium,26.2,A
460.68,13.33,Beilschmiedia,70.9,A
210.94,261.39,Beilschmiedia,20.0,A
217.17,97.86,Eugenia,72.4,A
301.65,104.7,Ficus,48.2,A
333.94,118.72,Aglaia,,D
29.6,203.98,Aglaia,114.7,A
96.63,292.7,Knema,11.4,A
160.19,97.62,Protium,18.7,A
184.82,334.06,Eugenia,16.5,A
191.21,257.11,Drypetes,13.7,A
379.68,120.68,Dipteryx,,M
35.11,304.21,Drypetes,152.9,A
260.52,244.57,Beilschmiedia,,D
155.77,395.53,Ocotea,11.6,A
460.14,135.12,Macaranga,120.6,A
109.8,192.68,Calophyllum,151.3,A
207.47,233.02,Aglaia,26.5,A
284.84,329.18,Alseis,281.9,A
423.05,88.53,Cordia,10.6,A
300.12,290.05,Ocotea,12.6,A
91.11,51.78,Cordia,10.1,A
300.76,305.88,Calophyllum,23.6,A
198.05,266.54,Cordia,54.4,A
581.71,160.45,Tetragastris,18.0,A
19.69,303.03,Faramea,30.6,A
421.32,24.63,Drypetes,21.4,A
461.55,193.78,Knema,40.0,A
91.76,280.46,Guarea,27.8,A
46.5,364.95,Quararibea,121.8,A
33.11,6.77,Cordia,,D
80.35,258.05,Alseis,497.0,A
3.98,213.16,Anacardium,20.2,A
89.47,304.3,Jacaranda,253.7,A
323.52,55.41,Hirtella,121.2,A
15.99,372.63,Cordia,10.8,A
26.32,108.42,Drypetes,,D
271.94,263.09,Calophyllum,17.6,A
40.64,338.98,Guarea,22.6,A
537.54,178.52,Cordia,37.0,A
291.92,175.46,Trichilia,14.5,A
494.37,92.81,Beilschmiedia,13.6,A
249.06,307.93,Calophyllum,45.9,A
491.46,105.73,Eugenia,80.8,A
224.04,77.87,Alseis,13.1,A
5.87,105.21,Alseis,37.2,A
156.63,88.3,Inga,21.3,A
93.26,105.41,Calophyllum,34.5,A
9.56,255.91,Alseis,25.8,A
167.37,16.41,Guarea,64.5,A
466.09,3.93,Drypetes,23.3,A
359.84,18.05,Drypetes,99.6,A
66.76,50.51,Swartzia,38.2,A
330.53,139.05,Calophyllum,82.2,A
212.26,236.04,Cordia,65.8,A
163.24,254.75,Dipteryx,12.2,A
233.06,325.2,Eugenia,43.1,A
144.51,221.09,Hirtella,117.6,A
306.71,191.56,Inga,20.6,A
202.87,371.7,Faramea,402.3,A
443.58,55.28,Beilschmiedia,31.5,A
197.65,196.27,Calophyllum,27.2,A
44.69,148.93,Drypetes,,D
382.59,280.8,Knema,13.0,A
43.04,108.25,Dipteryx,18.4,A
71.21,362.34,Cordia,159.6,A
468.2,11.01,Beilschmiedia,13.1,A
187.2,298.27,Jacaranda,61.0,A
353.37,204.21,Macaranga,16.2,A
577.84,79.8,Beilschmiedia,53.9,A
406.07,69.77,Inga,18.5,A
27.91,0.94,Licania,49.2,A
243.04,283.43,Eugenia,11.8,A
151.48,148.39,Quararibea,25.2,A
157.28,359.45,Dipteryx,34.2,A
0.34,312.98,Drypetes,26.8,A
24.02,314.83,Calophyllum,246.7,A
184.03,321.59,Eugenia,19.0,A
360.54,339.08,Alseis,,D
265.62,271.8,Aglaia,106.4,A
449.91,183.5,Eugenia,14.4,A
529.7,24.27,Licania,329.2,A
402.98,76.46,Beilschmiedia,28.0,A
84.13,156.82,Alseis,15.7,A
363.89,102.79,Hirtella,18.3,A
484.35,86.17,Beilschmiedia,,M
306.43,193.48,Inga,89.9,A
347.64,7.91,Guarea,15.0,A
45.93,132.61,Alseis,80.3,A
524.19,24.08,Faramea,117.2,A
316.0,324.2,Hirtella,63.2,A
34.44,159.23,Alseis,363.3,A
313.31,364.77,Tetragastris,79.9,A
297.41,183.57,Inga,12.8,A
426.74,183.62,Drypetes,42.4,A
31.2,348.16,Sloanea,19.5,A
581.32,181.34,Faramea,16.9,A
136.35,361.31,Diospyros,29.7,A
356.98,358.08,Tetragastris,32.1,A
372.69,241.95,Aglaia,,D
427.25,21.94,Beilschmiedia,51.0,A
168.63,378.33,Calophyllum,16.3,A
330.8,306.24,Alseis,43.6,A
224.03,341.72,Cordia,42.8,A
23.68,74.89,Cordia,21.0,A
75.87,219.15,Alseis,55.0,A
47.59,283.06,Calophyllum,11.4,A
167.09,64.69,Hirtella,28.0,A
464.86,109.33,Rinorea,58.8,A
373.77,230.19,Cordia,20.4,A
266.18,250.75,Beilschmiedia,,D
94.31,367.69,Cordia,17.1,A
90.35,266.38,Alseis,86.4,A
302.16,157.51,Beilschmiedia,17.3,A
442.92,17.71,Garcinia,86.1,A
76.19,354.11,Guarea,24.1,A
208.97,64.08,Cordia,11.1,A
49.66,257.15,Eugenia,45.2,A
244.64,322.41,Luehea,,D
540.2,166.62,Beilschmiedia,10.1,A
117.05,87.15,Alseis,11.3,A
528.64,30.0,Calophyllum,163.9,A
140.79,28.97,Dipteryx,55.2,A
517.34,183.64,Alseis,,M
112.97,27.31,Cordia,61.2,A
362.46,81.43,Aglaia,33.1,A
161.95,47.01,Calophyllum,86.9,A
27.68,170.8,Drypetes,73.7,A
490.26,96.44,Drypetes,114.5,A
382.48,189.41,Ocotea,22.4,A
363.65,333.72,Alseis,15.6,A
103.85,271.64,Brosimum,503.9,A
118.26,114.09,Drypetes,,D
3.22,361.67,Beilschmiedia,18.6,A
112.59,284.91,Drypetes,25.1,A
68.22,118.06,Inga,41.9,A
181.87,130.61,Aglaia,83.7,A
29.82,110.67,Alseis,237.3,A
418.17,149.85,Beilschmiedia,29.3,A
106.43,158.06,Hirtella,126.0,A
42.95,327.05,Calophyllum,384.6,A
162.26,210.12,Palaquium,22.6,A
242.04,77.96,Faramea,100.2,A
51.54,79.54,Erythroxylum,10.1,A
315.18,211.18,Garcinia,17.7,A
94.89,281.31,Knema,27.6,A
154.51,344.17,Dipteryx,68.2,A
189.82,207.32,Drypetes,13.2,A
323.52,233.54,Calophyllum,183.3,A
189.25,18.18,Alseis,199.4,A
232.5,277.86,Beilschmiedia,10.8,A
39.19,120.02,Garcinia,356.3,A
30.73,159.3,Aglaia,79.0,A
333.71,118.66,Aglaia,19.0,A
54.39,155.79,Alseis,79.1,A
431.35,198.17,Cordia,31.9,A
226.06,96.48,Ocotea,28.8,A
71.24,302.24,Aglaia,85.5,A
187.7,325.94,Garcinia,18.3,A
224.13,270.97,Faramea,14.4,A
582.16,77.59,Alseis,13.4,A
406.87,29.44,Xylopia,42.0,A
360.04,221.84,Eugenia,110.0,A
74.82,180.67,Drypetes,12.2,A
331.46,123.11,Jacaranda,68.0,A
590.26,111.01,Alseis,22.4,A
388.36,102.53,Alseis,12.3,A
332.26,138.73,Nectandra,170.4,A
234.36,133.65,Dipteryx,16.9,A
165.52,214.35,Faramea,18.6,A
422.03,99.24,Aglaia,13.4,A
201.71,14.22,Anacardium,113.7,A
6.79,144.57,Garcinia,44.6,A
134.15,37.06,Alseis,10.2,A
104.53,86.46,Alseis,12.8,A
235.59,340.93,Beilschmiedia,19.1,A
44.31,335.09,Garcinia,106.4,A
370.0,45.91,Jacaranda,13.1,A
411.76,142.65,Palaquium,47.0,A
94.91,363.0,Beilschmiedia,118.6,A
338.33,178.91,Ocotea,15.3,A
111.79,397.05,Beilschmiedia,66.6,A
363.4,332.03,Eugenia,18.5,A
303.89,116.01,Beilschmiedia,27.5,A
34.23,343.96,Anacardium,10.6,A
279.04,290.3,Aglaia,47.1,A
418.38,32.83,Jacaranda,15.9,A
133.42,147.3,Drypetes,23.0,A
185.53,194.03,Licania,157.1,A
190.4,307.91,Drypetes,24.5,A
269.43,365.31,Calophyllum,13.9,A
389.45,146.86,Jacaranda,48.1,A
160.19,352.21,Eugenia,66.0,A
99.35,137.3,Drypetes,46.7,A
56.31,326.51,Dipteryx,18.8,A
231.55,332.95,Beilschmiedia,27.9,A
4.46,394.39,Alseis,22.9,A
55.49,162.15,Aglaia,140.8,A
468.06,149.1,Macaranga,18.1,A
64.6,295.64,Aglaia,48.8,A
63.72,49.85,Erythroxylum,18.1,A
143.3,282.13,Alseis,43.1,A
383.4,42.95,Inga,114.7,A
289.94,268.74,Calophyllum,75.0,A
410.58,73.65,Beilschmiedia,16.1,A
135.94,18.06,Hirtella,29.7,A
194.78,0.32,Alseis,17.5,A
332.8,184.16,Dipteryx,28.9,A
386.01,225.92,Garcinia,276.0,A
193.42,317.79,Cordia,22.9,A
225.64,42.56,Knema,19.5,A
3.14,145.25,Inga,15.7,A
192.3,209.06,Shorea,86.5,A
363.82,157.56,Eugenia,11.7,A
188.48,300.18,Aglaia,116.1,A
413.31,122.82,Ficus,12.1,A
354.73,71.19,Guarea,35.4,A
315.41,288.17,Aglaia,21.1,A
322.56,125.24,Aglaia,99.1,A
315.84,86.66,Alseis,42.8,A
95.1,127.24,Inga,66.0,A
152.72,264.01,Cordia,64.5,A
329.22,103.36,Jacaranda,15.0,A
114.63,321.38,Cordia,44.1,A
364.12,18.2,Macaranga,12.0,A
13.7,219.31,Faramea,82.2,A
111.7,273.32,Dipteryx,18.8,A
25.98,270.99,Faramea,29.7,A
216.28,118.64,Aglaia,,D
268.7,300.23,Calophyllum,51.3,A
46.75,266.45,Calophyllum,19.1,A
98.03,325.06,Aglaia,81.2,A
85.08,382.08,Garcinia,13.8,A
199.16,213.13,Aglaia,55.6,A
168.3,24.08,Alseis,134.0,A
181.31,111.66,Calophyllum,143.9,A
63.24,398.46,Knema,202.4,A
246.64,220.42,Garcinia,27.6,A
487.5,125.53,Drypetes,397.5,A
313.32,43.01,Dipteryx,10.5,A
172.26,222.4,Cordia,150.6,A
336.79,279.16,Alseis,29.0,A
188.41,237.56,Drypetes,281.1,A
415.62,163.22,Faramea,52.3,A
289.13,326.96,Hirtella,94.4,A
328.32,111.53,Aglaia,17.4,A
188.59,351.81,Dipteryx,51.1,A
491.6,197.75,Cordia,24.7,A
255.07,279.48,Alseis,13.7,A
153.71,147.45,Dipteryx,53.1,A
243.88,238.71,Garcinia,11.6,A
248.76,108.06,Beilschmiedia,15.9,A
419.84,141.02,Beilschmiedia,17.4,A
505.29,190.1,Cordia,15.3,A
89.04,128.63,Drypetes,16.3,A
45.58,302.25,Aglaia,109.0,A
318.74,88.22,Aglaia,42.0,A
94.06,209.33,Quararibea,11.3,A
183.32,285.63,Calophyllum,12.1,A
468.46,150.91,Drypetes,41.2,A
185.94,133.02,Palaquium,41.0,A
133.83,223.25,Aglaia,139.7,A
468.6,199.94,Hirtella,10.6,A
422.65,32.43,Eugenia,27.9,A
438.95,60.55,Beilschmiedia,82.2,A
106.31,204.24,Cordia,84.2,A
13.49,280.4,Drypetes,39.4,A
281.25,158.61,Beilschmiedia,23.1,A
113.2,377.38,Diospyros,30.6,A
149.68,303.07,Calophyllum,36.1,A
460.38,136.53,Drypetes,10.5,A
201.73,33.81,Knema,686.0,A
380.83,202.26,Faramea,44.8,A
20.48,253.87,Cordia,17.9,A
174.57,189.42,Drypetes,41.8,A
527.96,14.66,Cordia,,D
213.86,204.97,Cordia,19.5,A
425.96,50.77,Dipteryx,44.2,A
437.81,49.58,Licania,202.6,A
350.54,353.96,Eugenia,29.8,A
489.53,92.09,Beilschmiedia,16.1,A
78.13,296.6,Ocotea,14.0,A
374.6,135.41,Guarea,,M
206.98,331.76,Jacaranda,14.8,A
308.79,43.29,Aglaia,29.7,A
55.13,115.05,Dipteryx,18.4,A
43.53,133.16,Virola,52.7,A
284.52,47.04,Calophyllum,390.4,A
376.61,253.5,Beilschmiedia,15.9,A
198.69,157.29,Aglaia,10.0,A
293.67,353.1,Dipteryx,11.5,A
36.35,216.26,Drypetes,10.1,A
190.9,345.66,Eugenia,28.1,A
380.71,212.1,Garcinia,126.5,A
556.66,168.27,Faramea,67.5,A
109.31,86.93,Hirtella,28.5,A
153.87,198.02,Drypetes,11.7,A
154.96,131.13,Palaquium,20.8,A
12.19,221.68,Dipteryx,26.8,A
40.21,379.68,Beilschmiedia,171.5,A
155.3,229.46,Hirtella,,D
161.52,312.63,Aglaia,53.2,A
345.05,169.09,Dipteryx,101.5,A
100.87,338.64,Garcinia,25.7,A
39.96,163.19,Alseis,23.8,A
491.62,139.65,Beilschmiedia,177.9,A
169.99,313.14,Aglaia,45.9,A
77.84,208.63,Drypetes,17.0,A
409.94,177.03,Eugenia,,D
63.12,142.36,Macaranga,18.7,A
517.95,51.49,Faramea,49.8,A
27.38,129.51,Jacaranda,26.0,A
135.44,112.22,Inga,27.9,A
377.84,307.45,Knema,,D
126.95,232.4,Knema,21.7,A
52.07,346.28,Garcinia,60.2,A
139.11,109.42,Inga,138.4,A
32.42,43.45,Erythroxylum,20.4,A
123.96,120.28,Alseis,,D
322.4,167.24,Dipteryx,59.7,A
320.44,329.53,Cupania,11.0,A
109.42,34.88,Aglaia,122.7,A
292.14,4.05,Anacardium,25.1,A
372.83,216.63,Alseis,67.5,A
388.12,286.66,Cordia,18.1,A
388.35,167.88,Hirtella,48.3,A
394.05,316.48,Licania,20.4,A
51.88,341.97,Rinorea,12.9,A
209.93,160.04,Cordia,11.2,A
194.28,255.23,Aglaia,45.0,A
380.69,137.56,Xylopia,18.0,A
106.3,64.37,Dipteryx,35.6,A
429.93,127.42,Aglaia,18.0,A
381.62,41.93,Cordia,48.2,A
306.01,298.68,Alseis,35.7,A
564.48,92.81,Beilschmiedia,33.9,A
94.52,41.21,Aglaia,27.2,A
192.27,246.47,Aglaia,28.7,A
362.39,99.79,Garcinia,41.4,A
405.54,151.77,Calophyllum,,D
159.72,153.93,Dipteryx,16.7,A
209.61,4.69,Cordia,85.7,A
224.78,208.38,Aglaia,14.8,A
260.12,201.01,Dipteryx,12.4,A
9.1,144.9,Aglaia,144.8,A
539.54,191.39,Hirtella,11.9,A
191.03,305.05,Aglaia,,M
232.42,206.71,Dipteryx,188.3,A
191.13,230.45,Aglaia,,D
15.06,114.08,Aglaia,10.1,A
38.91,246.87,Garcinia,11.0,A
199.07,302.91,Faramea,28.5,A
304.52,226.54,Hirtella,58.3,A
10.92,267.89,Drypetes,18.0,A
198.07,180.24,Quararibea,14.2,A
194.44,371.39,Rinorea,30.1,A
103.49,115.55,Gustavia,15.7,A
542.81,31.36,Faramea,20.5,A
164.69,124.5,Hirtella,13.7,A
123.34,138.7,Dipteryx,25.3,A
149.01,341.81,Faramea,23.0,A
516.24,90.9,Jacaranda,18.9,A
78.22,191.87,Guarea,30.2,A
204.64,199.11,Garcinia,18.0,A
482.58,115.25,Dipteryx,54.8,A
0.95,187.77,Anacardium,16.5,A
149.57,29.12,Macaranga,,D
47.49,151.94,Alseis,172.0,A
8.13,198.38,Alseis,14.7,A
346.87,257.36,Hirtella,44.2,A
217.54,47.23,Shorea,13.1,A
8.54,190.54,Guarea,,D
53.82,126.87,Guarea,,D
107.55,36.49,Guarea,46.7,A
30.86,367.7,Quararibea,48.2,A
337.74,395.58,Jacaranda,14.2,A
218.94,264.48,Nectandra,16.5,A
150.46,155.57,Jacaranda,123.2,A
168.84,379.99,Cupania,27.9,A
118.31,318.67,Aglaia,160.9,A
154.74,363.9,Aglaia,25.1,A
128.45,62.45,Calophyllum,11.9,A
255.01,244.85,Cordia,18.6,A
84.34,160.67,Alseis,10.1,A
267.68,245.82,Beilschmiedia,,M
216.96,256.27,Beilschmiedia,64.5,A
236.02,62.87,Garcinia,73.9,A
189.51,44.41,Macaranga,131.4,A
222.06,231.28,Drypetes,16.2,A
189.59,127.22,Palaquium,193.7,A
365.01,312.63,Dipteryx,176.9,A
184.42,308.8,Aglaia,24.3,A
385.0,228.0,Eugenia,17.6,A
385.63,317.15,Aglaia,,D
166.96,49.25,Calophyllum,93.5,A
288.4,332.65,Calophyllum,96.6,A
117.48,94.98,Inga,23.8,A
298.35,347.89,Calophyllum,,D
22.56,85.83,Calophyllum,16.2,A
242.49,285.95,Aglaia,,M
142.61,340.27,Cordia,65.1,A
151.23,264.32,Alseis,206.4,A
144.52,249.93,Alseis,37.6,A
506.35,162.75,Dipteryx,62.7,A
150.6,13.6,Calophyllum,32.7,A
235.76,158.13,Alseis,,D
137.13,105.47,Drypetes,55.6,A
357.2,331.2,Aglaia,25.0,A
93.64,104.3,Calophyllum,,D
82.62,372.84,Beilschmiedia,31.6,A
103.43,254.19,Jacaranda,13.1,A
581.77,126.24,Tetragastris,,D
60.74,90.72,Macaranga,19.4,A
181.4,130.96,Aglaia,12.6,A
153.88,108.48,Gustavia,,D
46.58,302.06,Faramea,288.5,A
349.9,283.99,Alseis,272.4,A
242.11,342.27,Dipteryx,20.3,A
368.49,215.91,Hirtella,79.8,A
178.46,39.69,Cordia,39.4,A
45.96,219.11,Calophyllum,46.6,A
306.08,324.6,Aglaia,54.1,A
200.03,371.11,Guarea,15.2,A
518.08,66.82,Faramea,34.9,A
460.79,193.06,Drypetes,153.3,A
157.97,277.5,Alseis,29.2,A
329.22,227.23,Calophyllum,85.1,A
193.83,148.88,Palaquium,10.9,A
116.66,266.35,Palaquium,,D
42.62,229.96,Garcinia,18.9,A
321.31,3.26,Aglaia,112.2,A
64.56,163.09,Guarea,49.7,A
254.83,191.91,Cordia,33.3,A
149.71,245.09,Drypetes,221.8,A
377.86,324.04,Licania,774.1,A
77.2,18.39,Aglaia,68.4,A
197.54,344.98,Garcinia,14.6,A
187.46,143.28,Aglaia,63.9,A
89.53,109.04,Calophyllum,10.0,A
463.15,109.78,Guarea,15.8,A
420.31,145.28,Beilschmiedia,65.6,A
89.53,260.72,Cordia,,D
135.5,320.95,Cordia,,D
84.31,86.63,Alseis,278.7,A
555.05,99.5,Hirtella,31.6,A
329.02,275.45,Eugenia,46.5,A
87.62,278.23,Calophyllum,,D
580.98,44.55,Faramea,29.1,A
226.3,114.8,Hirtella,17.9,A
6.21,94.48,Drypetes,11.2,A
106.97,25.76,Calophyllum,178.3,A
66.69,169.75,Calophyllum,42.5,A
185.0,135.82,Hirtella,86.9,A
121.37,187.89,Anacardium,194.0,A
124.31,178.14,Macaranga,287.1,A
340.16,176.44,Ocotea,,D
6.54,276.18,Drypetes,18.0,A
8.74,392.71,Cordia,21.2,A
344.96,252.74,Faramea,82.6,A
203.1,213.11,Aglaia,14.2,A
232.49,275.38,Beilschmiedia,62.1,A
75.23,56.21,Protium,15.0,A
164.76,141.57,Gustavia,10.0,A
112.74,337.15,Aglaia,47.0,A
136.33,371.81,Dipteryx,205.7,A
127.71,132.81,Dipteryx,291.8,A
554.12,157.08,Knema,,D
195.38,230.05,Guarea,,D
93.51,210.83,Dipteryx,15.3,A
247.46,242.89,Calophyllum,43.0,A
383.98,50.76,Drypetes,,D
148.28,387.47,Alseis,19.1,A
207.35,277.87,Cordia,22.5,A
216.08,337.07,Hirtella,11.7,A
445.11,46.12,Beilschmiedia,36.5,A
295.42,391.99,Cupania,28.7,A
94.15,169.23,Calophyllum,11.2,A
101.59,306.58,Drypetes,14.8,A
178.45,338.39,Beilschmiedia,162.6,A
495.17,82.1,Drypetes,36.9,A
516.4,36.9,Hirtella,56.3,A
344.25,72.26,Knema,11.1,A
425.74,59.7,Aglaia,147.0,A
2.91,374.17,Beilschmiedia,151.1,A
342.11,392.42,Beilschmiedia,16.4,A
166.34,44.34,Protium,34.6,A
42.8,317.83,Drypetes,41.9,A
521.76,140.26,Guarea,40.3,A
256.66,270.01,Beilschmiedia,10.1,A
143.6,260.13,Hirtella,80.6,A
64.62,170.34,Protium,,M
60.42,120.04,Drypetes,20.9,A
293.63,247.49,Calophyllum,30.9,A
442.37,68.83,Calophyllum,12.3,A
222.72,66.11,Cordia,53.2,A
131.49,328.41,Aglaia,43.5,A
228.87,6.13,Faramea,29.3,A
466.36,136.92,Swartzia,,D
80.55,330.79,Dipteryx,12.2,A
226.59,297.85,Aglaia,13.5,A
138.77,122.34,Beilschmiedia,18.7,A
291.78,214.91,Dipteryx,12.8,A
95.83,12.66,Dipteryx,10.7,A
215.64,356.21,Dipteryx,42.6,A
168.93,291.01,Guarea,29.1,A
326.48,116.29,Cordia,23.8,A
230.35,78.54,Garcinia,32.9,A
392.75,5.74,Macaranga,11.7,A
279.28,171.67,Beilschmiedia,42.2,A
373.53,246.69,Faramea,18.4,A
215.9,99.97,Calophyllum,,D
15.48,226.52,Knema,81.0,A
59.71,300.19,Drypetes,,D
228.07,211.61,Eugenia,26.5,A
210.89,303.96,Aglaia,12.3,A
8.0,275.63,Faramea,12.6,A
412.68,69.32,Inga,14.5,A
502.02,72.19,Faramea,14.8,A
28.09,326.24,Guarea,11.1,A
65.83,107.18,Calophyllum,27.4,A
243.14,345.75,Jacaranda,39.6,A
376.69,85.74,Calophyllum,170.5,A
26.64,135.0,Virola,122.7,A
90.98,102.2,Alseis,17.0,A
17.64,277.11,Calophyllum,50.6,A
194.0,242.44,Cordia,18.4,A
316.43,33.4,Garcinia,13.4,A
211.87,248.12,Aglaia,,D
111.08,206.37,Rinorea,29.0,A
543.62,114.34,Calophyllum,20.1,A
73.5,304.39,Drypetes,13.1,A
292.2,165.14,Beilschmiedia,25.4,A
216.22,265.02,Aglaia,79.3,A
397.08,78.16,Garcinia,18.5,A
138.58,313.94,Guarea,17.8,A
562.25,68.97,Aglaia,125.3,A
368.39,251.45,Garcinia,93.0,A
549.95,124.62,Aglaia,20.5,A
43.53,141.94,Calophyllum,53.8,A
105.58,333.46,Ocotea,44.6,A
342.28,221.04,Faramea,,D
111.76,201.21,Calophyllum,143.5,A
166.64,245.13,Calophyllum,10.3,A
60.59,147.09,Calophyllum,11.4,A
386.9,79.13,Inga,96.9,A
309.32,393.99,Calophyllum,38.6,A
79.26,114.03,Inga,23.2,A
418.41,119.32,Alseis,12.5,A
79.29,127.31,Knema,25.3,A
228.72,92.86,Eugenia,40.9,A
453.0,173.69,Beilschmiedia,33.3,A
360.02,72.25,Protium,17.3,A
502.78,118.91,Cordia,,M
75.1,359.53,Cordia,21.3,A
136.29,239.29,Faramea,17.0,A
365.4,329.89,Alseis,20.9,A
43.17,141.82,Drypetes,11.5,A
293.49,219.8,Dipteryx,21.8,A
138.91,184.73,Gustavia,16.6,A
162.21,165.08,Hirtella,20.6,A
348.97,195.88,Calophyllum,134.0,A
371.37,242.47,Alseis,141.8,A
127.54,113.91,Calophyllum,,M
363.64,12.02,Dipteryx,11.6,A
0.48,47.51,Cordia,,M
492.95,77.45,Calophyllum,27.1,A
452.27,113.1,Calophyllum,26.9,A
295.61,264.0,Cordia,11.1,A
196.33,11.94,Alseis,435.5,A
477.26,36.42,Licania,71.7,A
129.59,397.05,Quararibea,63.6,A
537.66,97.02,Beilschmiedia,184.6,A
454.58,190.74,Guarea,18.3,A
534.7,82.81,Knema,53.1,A
164.63,22.43,Alseis,99.4,A
23.01,250.01,Faramea,16.3,A
62.13,321.83,Rinorea,11.3,A
229.93,106.58,Cordia,146.0,A
265.39,306.11,Aglaia,142.0,A
577.05,84.94,Faramea,570.0,A
144.62,109.75,Inga,34.9,A
463.36,5.36,Licania,32.4,A
358.32,31.52,Calophyllum,340.9,A
319.04,182.99,Dipteryx,102.3,A
247.77,161.41,Jacaranda,11.2,A
426.9,179.54,Eugenia,10.3,A
370.27,261.32,Hirtella,31.1,A
202.45,37.09,Dipteryx,13.8,A
174.83,331.33,Drypetes,,D
238.89,203.27,Swartzia,71.3,A
430.01,182.46,Macaranga,25.5,A
250.38,295.09,Eugenia,15.7,A
404.53,35.22,Inga,16.9,A
394.33,89.65,Beilschmiedia,79.9,A
436.09,182.5,Garcinia,27.1,A
533.01,182.37,Eugenia,26.3,A
76.09,375.28,Knema,,D
308.7,365.71,Dipteryx,88.0,A
432.33,143.53,Beilschmiedia,11.9,A
202.63,253.99,Aglaia,50.8,A
311.43,39.89,Aglaia,14.6,A
95.39,146.69,Calophyllum,189.6,A
336.23,398.24,Palaquium,27.6,A
471.37,70.2,Calophyllum,15.4,A
47.01,61.93,Aglaia,74.2,A
124.26,240.55,Dipteryx,20.2,A
99.11,217.63,Aglaia,16.0,A
251.99,314.21,Luehea,11.3,A
126.81,135.79,Hirtella,19.6,A
528.6,182.12,Beilschmiedia,54.1,A
553.37,56.74,Alseis,12.6,A
474.4,22.91,Eugenia,22.1,A
216.56,338.52,Dipteryx,194.9,A
41.09,135.25,Virola,155.2,A
242.47,283.06,Eugenia,56.9,A
220.25,205.1,Cordia,11.8,A
356.23,63.3,Drypetes,49.8,A
489.91,43.7,Macaranga,15.6,A
110.72,105.68,Drypetes,25.2,A
307.03,95.82,Cordia,15.5,A
96.34,281.3,Garcinia,35.8,A
163.92,309.1,Alseis,259.2,A
199.03,289.09,Aglaia,22.9,A
168.63,119.48,Calophyllum,17.4,A
394.04,42.44,Inga,15.7,A
536.8,158.75,Beilschmiedia,75.9,A
548.7,122.43,Tetragastris,35.1,A
24.25,289.92,Faramea,26.0,A
252.89,168.93,Knema,267.8,A
148.46,186.79,Cordia,10.7,A
205.56,192.11,Drypetes,17.3,A
174.5,342.08,Beilschmiedia,30.5,A
356.32,382.24,Palaquium,26.7,A
589.57,94.01,Alseis,26.8,A
58.55,301.12,Drypetes,,D
50.4,272.1,Drypetes,39.7,A
158.34,191.76,Palaquium,100.4,A
200.27,281.75,Alseis,50.1,A
0.63,145.43,Inga,26.8,A
576.56,158.42,Tetragastris,16.2,A
556.4,117.76,Aglaia,19.4,A
16.23,131.27,Aglaia,94.6,A
501.46,22.39,Eugenia,20.7,A
29.28,26.03,Cordia,11.4,A
161.05,61.32,Dipteryx,454.6,A
360.74,137.55,Hirtella,11.0,A
36.65,272.3,Cordia,24.3,A
212.41,349.66,Calophyllum,13.8,A
406.59,87.85,Beilschmiedia,24.5,A
490.03,119.41,Macaranga,15.7,A
179.36,303.62,Alseis,50.8,A
290.68,304.49,Aglaia,,D
458.06,166.19,Eugenia,71.2,A
400.47,58.59,Drypetes,,D
398.01,29.31,Alseis,524.4,A
237.34,225.67,Eugenia,,D
115.42,223.54,Guarea,,D
365.51,230.89,Eugenia,142.7,A
355.18,77.48,Guarea,21.0,A
286.0,161.05,Beilschmiedia,15.2,A
78.6,25.58,Sloanea,10.8,A
96.48,49.58,Aglaia,20.8,A
140.75,118.1,Beilschmiedia,45.7,A
240.21,278.49,Alseis,14.7,A
313.03,334.16,Macaranga,100.9,A
108.16,290.94,Knema,20.8,A
149.64,269.18,Alseis,,D
112.75,282.58,Garcinia,70.0,A
138.82,9.13,Alseis,13.4,A
298.4,33.69,Aglaia,15.6,A
389.58,194.82,Faramea,524.0,A
67.07,214.3,Alseis,35.7,A
463.19,14.93,Beilschmiedia,31.2,A
514.77,6.43,Faramea,90.4,A
218.12,64.31,Dipteryx,188.8,A
570.45,113.41,Faramea,47.5,A
180.59,362.5,Cupania,,D
392.6,119.85,Aglaia,29.1,A
12.7,116.09,Alseis,107.3,A
341.03,398.2,Beilschmiedia,34.8,A
19.82,84.51,Beilschmiedia,12.9,A
492.2,31.0,Faramea,239.4,A
390.75,334.29,Licania,92.0,A
313.52,313.06,Calophyllum,34.7,A
71.6,53.88,Alseis,27.6,A
283.55,174.66,Dipteryx,58.5,A
136.67,188.59,Quararibea,49.4,A
179.1,302.15,Faramea,10.8,A
253.29,309.7,Cordia,13.3,A
141.35,369.75,Cordia,13.1,A
157.91,10.38,Alseis,35.6,A
352.53,94.8,Garcinia,274.6,A
480.0,75.91,Dipteryx,,M
387.98,55.15,Hirtella,14.6,A
521.73,13.31,Calophyllum,589.9,A
32.72,119.33,Virola,29.5,A
418.57,134.43,Beilschmiedia,254.7,A
121.74,172.57,Cordia,11.6,A
578.22,168.47,Knema,18.7,A
104.5,154.68,Nectandra,15.5,A
250.57,369.42,Hirtella,11.7,A
162.71,140.75,Anacardium,39.0,A
221.07,169.83,Licania,19.0,A
452.36,10.13,Beilschmiedia,51.0,A
405.02,170.0,Cordia,18.2,A
425.09,75.55,Eugenia,47.7,A
62.76,119.52,Cordia,11.2,A
105.78,62.67,Dipteryx,107.0,A
110.15,334.26,Jacaranda,25.4,A
99.1,335.96,Knema,,D
359.8,339.44,Eugenia,13.6,A
430.44,140.31,Beilschmiedia,53.4,A
73.25,165.76,Alseis,132.4,A
553.29,145.55,Faramea,13.1,A
528.1,69.45,Calophyllum,102.8,A
97.7,298.99,Dipteryx,15.7,A
332.27,102.82,Jacaranda,40.9,A
194.66,389.42,Calophyllum,71.0,A
464.66,153.01,Ocotea,,D
553.85,77.08,Beilschmiedia,69.7,A
248.09,294.8,Aglaia,68.4,A
500.5,140.42,Beilschmiedia,44.1,A
388.34,304.03,Aglaia,40.8,A
218.14,235.43,Drypetes,19.7,A
328.27,178.76,Inga,57.6,A
484.54,121.23,Cordia,68.0,A
310.49,299.39,Aglaia,12.6,A
239.57,115.25,Beilschmiedia,15.8,A
504.97,83.74,Beilschmiedia,16.3,A
529.57,181.3,Eugenia,16.1,A
314.36,119.01,Beilschmiedia,57.9,A
36.43,204.03,Anacardium,20.3,A
139.12,375.59,Alseis,81.1,A
4.21,196.87,Alseis,112.4,A
79.52,123.35,Inga,169.1,A
339.53,173.88,Cordia,45.9,A
141.39,213.62,Macaranga,15.9,A
351.95,143.27,Dipteryx,18.2,A
167.47,248.34,Aglaia,138.6,A
299.36,331.4,Cordia,16.6,A
366.89,96.8,Nectandra,19.7,A
421.33,13.48,Beilschmiedia,12.9,A
109.5,317.81,Garcinia,43.2,A
595.6,192.27,Faramea,26.3,A
329.35,191.96,Inga,10.1,A
42.79,166.91,Nectandra,,D
186.49,207.01,Drypetes,20.6,A
342.79,80.99,Guarea,51.0,A
1.35,193.19,Knema,11.6,A
418.5,64.07,Inga,14.4,A
42.23,144.19,Inga,36.7,A
416.17,85.27,Aglaia,12.9,A
543.37,44.41,Macaranga,60.7,A
288.16,220.13,Shorea,25.0,A
51.3,42.35,Erythroxylum,10.5,A
316.27,121.94,Beilschmiedia,50.8,A
234.32,345.99,Calophyllum,,D
359.83,206.66,Faramea,38.1,A
180.48,318.3,Guarea,21.8,A
35.24,368.24,Beilschmiedia,19.3,A
312.51,34.64,Ficus,35.8,A
247.73,160.41,Licania,19.1,A
169.67,28.68,Alseis,63.0,A
451.81,55.48,Beilschmiedia,,D
148.01,129.61,Shorea,60.2,A
411.33,77.54,Garcinia,108.6,A
492.33,73.29,Beilschmiedia,47.4,A
116.19,230.66,Aglaia,53.8,A
568.76,177.32,Faramea,98.4,A
455.34,99.27,Hirtella,10.8,A
212.71,101.79,Hirtella,14.6,A
307.28,283.01,Aglaia,,D
546.45,17.46,Licania,167.6,A
299.89,397.35,Cupania,19.5,A
387.04,95.7,Alseis,,D
34.1,385.39,Dipteryx,,D
220.16,120.74,Shorea,20.5,A
110.77,389.63,Garcinia,265.2,A
280.67,176.77,Trichilia,12.3,A
69.98,87.7,Dipteryx,13.9,A
497.02,21.45,Guarea,,D
3.54,81.06,Dipteryx,119.1,A
55.2,273.58,Calophyllum,20.8,A
213.68,282.32,Jacaranda,41.0,A
449.31,157.19,Faramea,30.9,A
80.04,181.35,Protium,82.5,A
406.99,99.86,Alseis,26.8,A
189.1,141.9,Aglaia,18.4,A
325.4,202.85,Inga,16.7,A
227.74,182.43,Alseis,12.7,A
230.67,159.92,Alseis,13.9,A
558.29,37.72,Aglaia,24.5,A
319.97,302.84,Aglaia,,D
387.73,227.44,Alseis,35.3,A
80.2,330.99,Aglaia,85.4,A
151.51,102.01,Cordia,38.0,A
358.17,135.38,Dipteryx,,D
117.53,202.74,Faramea,13.7,A
235.28,156.59,Jacaranda,82.3,A
326.14,236.2,Cecropia,18.4,A
338.61,254.84,Jacaranda,80.2,A
56.64,92.19,Macaranga,113.2,A
350.24,226.56,Guarea,,D
472.54,132.28,Rinorea,19.6,A
479.93,196.55,Ocotea,18.2,A
194.53,155.23,Aglaia,37.4,A
162.95,249.68,Drypetes,35.3,A
420.83,129.66,Dipteryx,72.9,A
576.3,58.04,Aglaia,27.2,A
546.07,0.12,Faramea,18.2,A
7.4,142.9,Hirtella,11.2,A
395.42,300.76,Dipteryx,129.4,A
448.93,82.64,Licania,46.0,A
8.91,109.16,Cordia,63.6,A
30.26,264.93,Dipteryx,314.4,A
15.48,80.08,Beilschmiedia,10.8,A
26.84,66.85,Calophyllum,17.2,A
195.48,264.86,Alseis,275.8,A
16.6,251.08,Calophyllum,51.7,A
161.72,204.3,Cordia,38.2,A
179.73,216.45,Calophyllum,56.1,A
397.51,143.85,Jacaranda,17.1,A
206.45,9.41,Alseis,39.7,A
568.65,64.51,Faramea,35.5,A
222.3,64.35,Garcinia,37.6,A
213.47,110.0,Garcinia,28.9,A
228.4,260.27,Jacaranda,11.0,A
318.98,319.12,Calophyllum,103.9,A
524.08,52.38,Calophyllum,115.7,A
501.76,149.96,Guarea,25.8,A
94.86,21.71,Calophyllum,,D
226.74,33.22,Hirtella,59.3,A
219.17,254.3,Aglaia,12.1,A
577.75,90.21,Aglaia,45.2,A
546.55,76.61,Calophyllum,72.7,A
88.69,356.87,Dipteryx,444.6,A
221.42,145.82,Licania,27.8,A
375.65,249.19,Beilschmiedia,15.7,A
469.76,175.49,Eugenia,78.6,A
52.22,133.0,Virola,12.3,A
94.29,63.53,Anacardium,18.6,A
467.34,23.18,Beilschmiedia,72.1,A
198.37,332.46,Sloanea,45.5,A
105.29,24.12,Alseis,60.4,A
117.05,18.31,Alseis,48.8,A
83.01,157.07,Alseis,30.7,A
315.2,241.63,Calophyllum,51.3,A
345.97,79.68,Aglaia,25.4,A
463.46,108.66,Nectandra,12.9,A
156.92,52.09,Dipteryx,89.2,A
585.05,88.95,Macaranga,12.5,A
430.37,25.0,Beilschmiedia,22.8,A
587.32,79.79,Eugenia,79.2,A
33.79,379.09,Beilschmiedia,11.5,A
29.01,159.5,Inga,27.5,A
236.45,388.58,Dipteryx,55.3,A
142.77,252.17,Faramea,245.6,A
112.87,288.37,Brosimum,63.2,A
139.06,111.25,Nectandra,14.7,A
184.01,288.63,Knema,12.5,A
33.41,224.9,Garcinia,33.6,A
462.34,21.33,Eugenia,23.5,A
306.72,146.21,Dipteryx,29.2,A
235.11,273.16,Beilschmiedia,13.7,A
254.57,262.22,Dipteryx,,D
3.86,260.84,Calophyllum,201.4,A
554.18,107.43,Beilschmiedia,24.6,A
84.01,191.7,Dipteryx,14.2,A
489.58,129.13,Knema,71.1,A
310.12,226.07,Macaranga,10.9,A
337.9,252.06,Eugenia,10.1,A
305.77,196.39,Inga,26.0,A
340.93,268.3,Licania,22.0,A
313.45,127.25,Beilschmiedia,15.4,A
591.9,102.69,Faramea,28.3,A
295.36,205.25,Inga,10.6,A
18.41,137.92,Aglaia,20.0,A
146.43,143.98,Beilschmiedia,63.3,A
91.58,369.48,Cordia,64.4,A
149.15,59.27,Calophyllum,102.1,A
297.26,10.08,Aglaia,11.8,A
292.43,335.07,Jacaranda,34.0,A
230.39,306.75,Nectandra,19.2,A
363.72,25.32,Guarea,13.5,A
348.42,206.97,Cordia,25.6,A
470.71,181.09,Drypetes,12.4,A
160.73,339.8,Beilschmiedia,87.6,A
346.99,160.2,Faramea,107.5,A
544.95,44.19,Macaranga,21.6,A
113.65,233.77,Palaquium,11.3,A
284.6,22.4,Aglaia,63.4,A
414.21,100.32,Aglaia,31.6,A
541.31,174.08,Faramea,12.6,A
184.77,261.03,Faramea,10.6,A
374.5,135.74,Guarea,29.5,A
304.56,11.78,Cordia,17.8,A
336.14,200.77,Hirtella,19.3,A
42.11,122.24,Aglaia,75.9,A
550.39,52.44,Alseis,341.3,A
164.79,66.53,Dipteryx,90.9,A
139.94,196.7,Calophyllum,40.1,A
185.19,51.29,Nectandra,54.3,A
412.66,85.52,Aglaia,78.8,A
173.94,248.75,Guarea,12.7,A
170.29,357.25,Alseis,24.5,A
136.6,266.21,Brosimum,,D
196.54,135.5,Alseis,16.1,A
195.45,394.0,Cordia,25.4,A
524.13,193.91,Guarea,,D
499.87,131.41,Beilschmiedia,14.9,A
37.88,73.34,Licania,31.7,A
106.18,379.48,Garcinia,23.2,A
44.03,9.29,Protium,77.2,A
30.9,261.45,Drypetes,132.0,A
305.57,158.46,Inga,98.0,A
71.94,330.83,Rinorea,25.0,A
176.94,180.38,Nectandra,20.4,A
529.27,148.75,Aglaia,41.9,A
147.23,65.19,Cordia,124.9,A
300.38,149.98,Beilschmiedia,151.0,A
484.59,86.09,Beilschmiedia,12.0,A
189.22,167.08,Cordia,68.5,A
339.02,43.01,Cordia,27.3,A
93.96,109.41,Palaquium,34.6,A
157.65,326.35,Aglaia,13.2,A
392.1,78.81,Beilschmiedia,27.5,A
376.69,228.77,Alseis,93.8,A
208.55,117.14,Alseis,,D
302.48,297.93,Aglaia,29.7,A
326.68,187.87,Dipteryx,101.2,A
160.47,248.07,Faramea,27.5,A
396.57,25.99,Drypetes,16.1,A
236.7,317.06,Beilschmiedia,21.9,A
489.26,54.0,Faramea,69.9,A
80.01,90.27,Inga,13.6,A
231.82,106.36,Ocotea,22.7,A
232.08,316.35,Aglaia,63.4,A
219.54,293.61,Aglaia,14.1,A
215.69,172.17,Hirtella,38.2,A
123.35,216.78,Dipteryx,30.6,A
127.15,289.62,Brosimum,12.7,A
116.31,267.83,Knema,15.0,A
4.18,33.7,Xylopia,87.1,A
39.59,322.09,Garcinia,142.5,A
14.38,84.4,Beilschmiedia,233.1,A
233.69,116.36,Dipteryx,48.5,A
502.8,108.51,Dipteryx,82.3,A
271.24,300.74,Aglaia,26.6,A
346.11,34.21,Calophyllum,104.8,A
436.25,16.19,Dipteryx,52.4,A
512.66,154.5,Aglaia,66.4,A
156.39,220.98,Dipteryx,86.4,A
49.98,326.87,Aglaia,13.8,A
51.33,58.33,Alseis,508.5,A
208.03,312.49,Aglaia,144.9,A
249.75,180.67,Knema,31.0,A
196.25,24.07,Dipteryx,27.3,A
184.12,217.91,Drypetes,10.9,A
152.81,320.08,Faramea,10.7,A
42.53,135.46,Alseis,26.0,A
521.47,151.11,Calophyllum,14.1,A
39.78,89.86,Eugenia,21.7,A
505.07,172.81,Xylopia,82.6,A
197.11,115.99,Cordia,56.3,A
48.33,390.84,Quararibea,15.9,A
108.12,181.35,Swartzia,12.0,A
587.16,138.9,Tetragastris,20.9,A
138.96,199.89,Palaquium,15.1,A
232.1,99.25,Dipteryx,114.8,A
193.09,310.64,Jacaranda,23.2,A
29.75,122.89,Alseis,11.0,A
50.11,220.64,Alseis,17.2,A
397.66,377.41,Jacaranda,19.0,A
512.03,9.77,Calophyllum,60.3,A
288.88,156.62,Trichilia,13.7,A
238.9,272.0,Alseis,116.8,A
333.9,57.68,Garcinia,10.2,A
154.39,96.33,Cordia,103.8,A
110.48,246.33,Cordia,13.1,A
104.61,341.56,Jacaranda,13.6,A
253.88,242.73,Cordia,17.9,A
433.78,6.48,Beilschmiedia,10.5,A
346.36,366.24,Aglaia,42.4,A
343.57,247.44,Aglaia,95.2,A
25.02,113.54,Anacardium,16.3,A
370.26,12.23,Calophyllum,,D
115.24,225.95,Eugenia,49.0,A
246.74,124.03,Beilschmiedia,38.4,A
465.91,34.3,Licania,377.6,A
499.87,37.58,Licania,143.9,A
326.28,290.1,Alseis,43.3,A
514.32,25.42,Drypetes,72.2,A
597.77,45.46,Guarea,64.6,A
286.21,250.74,Dipteryx,40.9,A
164.85,90.44,Shorea,16.9,A
377.51,42.16,Jacaranda,68.3,A
356.29,385.97,Eugenia,138.9,A
149.76,343.06,Ocotea,14.4,A
191.49,152.35,Guarea,16.3,A
219.98,239.71,Beilschmiedia,133.1,A
236.29,241.77,Cordia,16.6,A
569.69,95.83,Hirtella,18.4,A
153.64,272.42,Brosimum,16.9,A
401.25,83.22,Calophyllum,11.0,A
25.19,382.86,Cordia,127.3,A
147.92,273.37,Alseis,10.3,A
303.28,5.26,Garcinia,,D
67.39,38.39,Aglaia,13.3,A
158.51,201.34,Calophyllum,302.6,A
287.42,151.25,Inga,15.6,A
170.72,131.97,Aglaia,125.6,A
201.63,40.33,Alseis,,D
490.33,142.63,Beilschmiedia,132.8,A
273.6,153.12,Inga,19.1,A
417.16,180.82,Alseis,19.0,A
173.09,183.36,Palaquium,,D
110.6,30.78,Aglaia,14.6,A
314.68,57.51,Aglaia,36.5,A
231.68,280.03,Alseis,145.5,A
234.29,169.37,Alseis,22.7,A
291.73,266.94,Aglaia,35.8,A
260.06,190.91,Garcinia,16.7,A
502.18,168.96,Calophyllum,14.7,A
557.83,157.07,Rinorea,17.9,A
553.35,100.14,Beilschmiedia,123.4,A
85.68,188.52,Alseis,197.0,A
137.47,252.1,Dipteryx,91.5,A
197.79,236.11,Dipteryx,23.0,A
66.38,198.64,Alseis,582.4,A
90.41,368.76,Beilschmiedia,12.6,A
44.78,368.66,Knema,14.4,A
28.12,288.82,Cordia,29.8,A
276.48,173.34,Guarea,14.5,A
521.0,66.81,Faramea,58.5,A
186.03,208.04,Cordia,11.0,A
277.4,359.11,Aglaia,,D
365.98,335.67,Alseis,,D
201.75,209.41,Drypetes,40.0,A
358.25,262.19,Faramea,18.5,A
54.86,393.34,Dipteryx,,D
120.78,329.61,Aglaia,109.0,A
492.66,68.88,Faramea,266.7,A
333.41,13.58,Garcinia,172.5,A
378.06,348.01,Tetragastris,16.3,A
276.02,239.47,Aglaia,11.8,A
320.32,234.35,Faramea,13.3,A
74.91,190.48,Calophyllum,24.1,A
343.67,317.88,Hirtella,142.0,A
15.03,281.27,Drypetes,205.3,A
366.8,258.84,Licania,69.9,A
394.38,340.83,Aglaia,,M
180.93,75.54,Nectandra,,D
29.88,151.57,Dipteryx,11.9,A
87.25,297.58,Beilschmiedia,238.7,A
437.88,71.17,Alseis,,D
128.71,78.81,Dipteryx,,D
248.77,231.21,Garcinia,14.1,A
374.75,72.17,Inga,11.2,A
392.51,170.18,Faramea,20.6,A
229.09,36.7,Knema,15.5,A
346.96,250.33,Cordia,19.5,A
388.52,43.62,Inga,127.8,A
396.92,314.84,Alseis,152.9,A
221.51,108.68,Garcinia,28.6,A
102.85,272.23,Alseis,539.2,A
88.87,48.91,Aglaia,15.9,A
241.89,167.89,Eugenia,15.3,A
174.82,241.4,Calophyllum,18.7,A
180.1,229.15,Aglaia,79.3,A
31.86,298.09,Drypetes,28.9,A
392.65,251.13,Cordia,147.5,A
381.98,381.56,Alseis,25.1,A
13.93,89.71,Dipteryx,52.4,A
293.87,279.31,Aglaia,104.7,A
142.16,320.78,Calophyllum,23.7,A
1.68,148.3,Aglaia,,D
426.82,188.15,Alseis,232.0,A
138.64,103.66,Inga,10.6,A
283.3,218.14,Dipteryx,15.8,A
63.81,171.34,Dipteryx,,D
155.39,298.42,Alseis,13.7,A
152.37,324.21,Aglaia,35.1,A
318.67,327.07,Cordia,12.0,A
553.4,83.44,Aglaia,17.9,A
440.66,125.44,Aglaia,58.6,A
273.58,39.51,Knema,65.7,A
73.44,394.87,Calophyllum,201.6,A
491.65,92.56,Beilschmiedia,99.5,A
152.6,217.13,Alseis,73.2,A
336.78,245.41,Eugenia,68.4,A
109.0,222.33,Calophyllum,19.6,A
5.43,154.7,Aglaia,10.3,A
94.13,280.0,Alseis,,D
229.91,265.61,Eugenia,72.0,A
491.19,106.15,Eugenia,16.5,A
234.93,116.54,Beilschmiedia,39.5,A
507.28,72.87,Faramea,17.8,A
339.94,260.32,Eugenia,38.3,A
38.56,116.3,Drypetes,66.8,A
389.73,272.33,Calophyllum,376.6,A
52.28,216.56,Alseis,186.2,A
480.03,26.34,Drypetes,301.8,A
360.72,379.33,Tetragastris,11.5,A
225.24,289.82,Aglaia,23.0,A
177.14,197.57,Alseis,551.4,A
362.48,34.92,Drypetes,70.3,A
370.23,40.68,Drypetes,20.2,A
173.01,126.15,Drypetes,16.8,A
21.56,208.13,Protium,12.1,A
0.52,207.78,Alseis,34.8,A
112.18,209.53,Eugenia,38.7,A
341.57,70.39,Ocotea,48.2,A
80.96,82.04,Inga,48.5,A
430.51,103.23,Cordia,19.2,A
77.86,171.03,Alseis,109.2,A
72.84,363.68,Aglaia,64.6,A
366.19,89.04,Aglaia,25.5,A
208.24,259.91,Dipteryx,18.5,A
209.88,254.22,Macaranga,13.2,A
212.77,293.1,Cordia,40.5,A
6.04,123.27,Drypetes,29.9,A
252.31,377.53,Calophyllum,22.9,A
108.39,283.13,Drypetes,79.9,A
155.86,220.91,Drypetes,,D
141.52,368.54,Sloanea,110.4,A
107.03,304.3,Knema,,D
578.8,78.48,Beilschmiedia,,D
64.86,125.76,Nectandra,58.1,A
159.93,117.35,Dipteryx,65.4,A
83.51,152.15,Calophyllum,178.0,A
189.54,333.82,Eugenia,15.8,A
158.78,272.39,Dipteryx,268.4,A
435.5,6.84,Licania,108.7,A
147.13,77.38,Inga,38.6,A
209.55,326.54,Garcinia,11.3,A
557.62,43.8,Faramea,419.0,A
229.03,345.7,Aglaia,10.9,A
358.33,331.87,Alseis,79.9,A
330.91,260.27,Cordia,96.8,A
24.33,304.56,Cordia,26.5,A
576.53,129.77,Tetragastris,,D
135.89,148.9,Hirtella,17.7,A
301.84,235.18,Dipteryx,11.6,A
400.89,166.44,Jacaranda,13.0,A
235.0,107.63,Ocotea,,D
534.88,108.73,Calophyllum,18.3,A
95.35,289.21,Cordia,30.1,A
237.29,88.53,Eugenia,17.1,A
126.72,299.3,Diospyros,35.2,A
170.36,32.73,Alseis,243.8,A
529.18,180.92,Beilschmiedia,16.1,A
5.52,135.69,Jacaranda,47.1,A
125.62,93.03,Dipteryx,97.6,A
211.46,25.3,Dipteryx,67.2,A
353.29,153.56,Macaranga,261.7,A
326.28,115.74,Beilschmiedia,37.8,A
185.66,52.39,Calophyllum,48.5,A
6.96,280.25,Faramea,45.3,A
192.14,239.8,Jacaranda,27.2,A
256.27,276.39,Cordia,11.7,A
309.59,272.0,Macaranga,62.0,A
6.13,256.01,Alseis,21.8,A
325.82,397.77,Alseis,,D
572.8,105.52,Faramea,42.9,A
52.76,118.95,Alseis,170.1,A
589.39,58.83,Dipteryx,24.8,A
174.49,211.03,Cordia,84.5,A
249.98,173.49,Alseis,,D
58.94,150.05,Calophyllum,22.9,A
397.27,120.67,Ficus,101.0,A
224.47,96.45,Aglaia,,D
245.54,364.38,Dipteryx,380.2,A
77.55,227.46,Eugenia,20.3,A
88.17,123.77,Gustavia,,D
114.68,82.26,Alseis,70.0,A
185.02,331.33,Beilschmiedia,225.8,A
226.5,110.89,Aglaia,17.6,A
201.64,33.35,Alseis,89.8,A
548.14,93.08,Beilschmiedia,44.1,A
241.29,69.44,Garcinia,,D
380.64,244.04,Aglaia,25.4,A
166.06,161.45,Alseis,10.0,A
6.76,139.92,Inga,20.9,A
59.89,102.33,Guarea,15.0,A
253.18,164.54,Calophyllum,83.4,A
207.73,227.52,Calophyllum,11.0,A
239.66,379.32,Alseis,,D
239.29,258.38,Beilschmiedia,26.7,A
10.39,161.17,Cordia,28.5,A
356.3,336.64,Eugenia,18.3,A
359.96,232.16,Dipteryx,77.6,A
67.17,56.31,Aglaia,11.2,A
410.22,94.52,Protium,10.7,A
59.93,56.8,Dipteryx,161.2,A
249.36,66.39,Faramea,284.1,A
149.85,143.42,Nectandra,42.6,A
389.21,124.14,Jacaranda,37.4,A
216.47,270.45,Faramea,21.6,A
523.76,27.96,Licania,54.0,A
148.02,254.48,Alseis,58.8,A
192.03,85.84,Cordia,166.0,A
49.91,203.26,Dipteryx,47.1,A
98.46,392.16,Quararibea,545.9,A
329.14,212.47,Faramea,,D
321.59,138.73,Knema,59.8,A
290.52,300.5,Aglaia,29.0,A
167.97,343.87,Beilschmiedia,115.8,A
131.0,100.99,Inga,15.2,A
428.95,53.7,Beilschmiedia,42.8,A
192.4,199.34,Hirtella,10.6,A
203.94,192.74,Dipteryx,23.4,A
187.21,96.96,Cordia,10.5,A
257.8,257.63,Calophyllum,15.9,A
418.41,138.29,Hura,10.5,A
547.7,95.75,Licania,36.1,A
215.75,249.21,Beilschmiedia,34.0,A
413.26,103.59,Aglaia,21.0,A
59.0,238.68,Drypetes,10.3,A
405.78,130.54,Hirtella,,D
198.86,35.61,Nectandra,16.7,A
442.36,119.71,Calophyllum,182.3,A
216.09,39.85,Hirtella,72.5,A
183.01,5.92,Alseis,,D
292.64,208.1,Garcinia,20.2,A
105.27,391.5,Beilschmiedia,17.8,A
30.94,187.25,Knema,185.8,A
120.99,220.99,Faramea,79.8,A
237.62,191.42,Eugenia,13.8,A
596.73,100.09,Calophyllum,12.0,A
81.48,115.62,Palaquium,47.6,A
260.31,162.63,Alseis,59.0,A
367.72,331.8,Cordia,28.8,A
77.2,32.32,Cordia,21.6,A
158.62,143.52,Aglaia,95.2,A
208.89,167.61,Knema,91.6,A
341.28,136.24,Cordia,12.6,A
364.1,119.03,Macaranga,15.9,A
15.86,321.27,Drypetes,,D
334.83,35.06,Ficus,46.6,A
456.37,14.2,Beilschmiedia,20.1,A
243.4,175.46,Calophyllum,382.4,A
163.77,192.31,Palaquium,17.6,A
25.37,318.05,Drypetes,25.8,A
44.87,337.46,Drypetes,13.6,A
346.17,371.11,Aglaia,24.7,A
138.49,156.57,Jacaranda,,M
277.73,156.1,Beilschmiedia,11.2,A
373.41,239.85,Beilschmiedia,84.8,A
334.69,240.87,Cecropia,28.4,A
455.07,180.97,Eugenia,35.5,A
182.79,170.22,Calophyllum,17.3,A
436.87,127.03,Hirtella,,D
157.0,213.43,Aglaia,10.4,A
288.33,7.91,Aglaia,14.4,A
379.21,391.64,Palaquium,32.7,A
389.7,38.46,Macaranga,18.7,A
6.38,127.96,Cordia,12.7,A
342.07,307.63,Jacaranda,345.3,A
355.55,350.15,Alseis,11.5,A
138.12,115.67,Inga,93.2,A
481.93,190.17,Calophyllum,,D
96.82,89.83,Drypetes,30.4,A
376.31,236.27,Calophyllum,,M
501.35,110.98,Eugenia,31.1,A
99.35,274.13,Garcinia,50.7,A
200.32,336.75,Trichilia,14.4,A
486.77,64.91,Calophyllum,142.5,A
225.99,192.85,Alseis,,D
507.12,106.26,Drypetes,16.0,A
294.39,207.32,Calophyllum,39.0,A
349.91,332.23,Eugenia,115.3,A
195.47,294.91,Faramea,10.9,A
261.4,338.31,Cordia,13.6,A
210.49,125.3,Alseis,178.0,A
200.7,320.21,Garcinia,30.8,A
292.92,396.24,Cupania,56.9,A
247.24,116.59,Beilschmiedia,12.5,A
320.33,199.27,Inga,45.0,A
247.08,153.62,Dipteryx,49.7,A
55.5,370.95,Quararibea,31.5,A
328.49,303.22,Faramea,,D
363.05,396.34,Eugenia,60.4,A
358.84,232.72,Garcinia,43.0,A
376.45,16.85,Hirtella,,D
226.52,125.17,Cordia,12.0,A
497.07,27.46,Eugenia,34.1,A
12.32,256.91,Anacardium,49.1,A
466.7,129.78,Calophyllum,665.2,A
364.57,55.62,Drypetes,34.8,A
161.22,1.71,Cordia,14.3,A
557.55,41.39,Licania,179.3,A
126.18,95.38,Calophyllum,29.0,A
152.84,258.6,Hirtella,76.9,A
266.05,192.13,Faramea,10.1,A
296.26,282.64,Hirtella,14.0,A
332.87,113.94,Ficus,10.1,A
570.6,25.77,Faramea,240.8,A
214.28,246.54,Aglaia,10.3,A
567.01,31.33,Licania,685.7,A
131.55,114.8,Alseis,123.8,A
34.89,95.84,Eugenia,25.0,A
304.69,21.93,Hirtella,,D
94.95,40.98,Aglaia,,D
269.24,300.44,Guarea,13.4,A
162.71,136.2,Cordia,71.0,A
265.49,286.82,Aglaia,78.2,A
117.11,113.9,Dipteryx,99.7,A
592.57,108.09,Dipteryx,14.2,A
166.1,179.1,Hirtella,193.3,A
228.33,294.39,Aglaia,13.4,A
306.23,195.88,Inga,,D
16.42,82.8,Beilschmiedia,56.1,A
445.78,48.84,Aglaia,13.9,A
382.06,236.22,Beilschmiedia,41.6,A
13.38,275.27,Knema,109.6,A
389.1,312.36,Alseis,12.9,A
119.19,331.86,Guarea,,D
287.19,240.23,Dipteryx,30.1,A
409.89,76.87,Aglaia,21.1,A
19.57,383.14,Beilschmiedia,10.4,A
68.6,202.96,Calophyllum,57.5,A
8.61,280.41,Drypetes,45.8,A
100.18,273.66,Drypetes,38.8,A
87.77,398.86,Garcinia,23.9,A
106.81,97.87,Drypetes,17.1,A
163.33,264.75,Alseis,26.1,A
36.82,87.64,Alseis,39.8,A
220.58,243.48,Aglaia,43.3,A
383.55,320.88,Alseis,136.2,A
38.73,311.41,Alseis,20.6,A
264.94,226.2,Hirtella,17.3,A
540.48,110.74,Aglaia,16.1,A
248.69,118.57,Beilschmiedia,26.2,A
0.36,23.8,Calophyllum,34.5,A
124.24,192.73,Gustavia,10.7,A
223.19,100.35,Cordia,67.0,A
297.84,253.25,Cordia,20.9,A
414.84,82.74,Aglaia,135.8,A
226.0,104.6,Garcinia,21.5,A
193.48,161.43,Dipteryx,39.0,A
394.66,61.94,Inga,23.1,A
51.62,164.29,Macaranga,18.6,A
382.44,234.72,Aglaia,16.3,A
520.68,58.37,Dipteryx,33.0,A
294.3,233.52,Hirtella,20.9,A
127.08,101.07,Dipteryx,210.8,A
331.87,395.5,Calophyllum,,D
117.78,224.92,Eugenia,49.0,A
92.72,22.56,Protium,11.0,A
81.68,197.32,Alseis,11.5,A
299.52,176.69,Dipteryx,182.2,A
78.52,219.29,Eugenia,23.1,A
526.73,191.88,Calophyllum,38.3,A
589.2,46.65,Alseis,10.3,A
65.95,356.12,Cordia,52.0,A
133.76,211.65,Cordia,41.1,A
117.3,360.08,Dipteryx,21.0,A
492.46,79.57,Cordia,108.4,A
98.91,222.49,Aglaia,29.7,A
361.3,59.26,Calophyllum,121.9,A
24.42,342.17,Alseis,15.5,A
540.21,104.3,Drypetes,26.3,A
192.25,128.55,Palaquium,65.9,A
231.97,207.28,Macaranga,66.9,A
119.72,254.68,Calophyllum,64.0,A
95.31,274.73,Guarea,16.0,A
4.15,298.91,Faramea,16.0,A
96.91,294.47,Calophyllum,29.1,A
506.89,69.38,Dipteryx,25.7,A
114.55,112.43,Palaquium,14.8,A
232.61,261.36,Aglaia,133.1,A
16.75,237.27,Faramea,21.0,A
55.65,128.36,Virola,116.4,A
36.15,316.63,Aglaia,20.2,A
561.24,96.92,Beilschmiedia,31.8,A
213.03,31.9,Dipteryx,11.0,A
254.26,7.31,Faramea,42.2,A
215.89,291.59,Alseis,11.4,A
203.21,310.95,Drypetes,12.6,A
293.45,312.92,Cordia,11.1,A
215.42,145.85,Aglaia,64.2,A
83.04,221.09,Cordia,,M
343.33,166.92,Hirtella,22.3,A
259.24,284.99,Shorea,56.9,A
220.62,306.41,Faramea,344.8,A
418.43,177.46,Garcinia,12.5,A
29.57,311.12,Aglaia,30.1,A
230.84,16.85,Nectandra,107.2,A
142.61,145.13,Beilschmiedia,119.6,A
168.67,116.12,Calophyllum,,D
355.7,358.33,Dipteryx,87.6,A
143.85,143.55,Cordia,,D
196.4,221.79,Garcinia,36.1,A
43.41,241.7,Sloanea,30.7,A
347.71,40.05,Alseis,15.5,A
399.17,100.13,Aglaia,53.9,A
440.48,129.55,Jacaranda,35.1,A
258.13,387.69,Cordia,12.6,A
118.47,40.8,Aglaia,58.0,A
427.5,56.82,Alseis,47.6,A
331.07,325.57,Nectandra,36.8,A
146.3,143.68,Alseis,265.8,A
52.06,276.78,Drypetes,14.1,A
156.7,319.01,Drypetes,12.3,A
2.32,337.03,Cordia,13.8,A
300.02,97.21,Knema,101.8,A
434.55,60.01,Beilschmiedia,240.1,A
74.74,212.79,Eugenia,16.7,A
224.92,318.48,Faramea,16.9,A
542.57,99.2,Beilschmiedia,53.6,A
218.52,358.3,Calophyllum,73.0,A
351.4,365.22,Calophyllum,114.0,A
585.2,79.38,Alseis,39.9,A
442.08,69.21,Protium,17.2,A
135.45,168.33,Cordia,168.9,A
297.61,362.84,Guarea,328.4,A
338.16,278.01,Alseis,50.2,A
150.45,389.84,Alseis,173.7,A
188.61,319.77,Drypetes,54.3,A
290.62,289.25,Cordia,48.4,A
125.24,111.1,Drypetes,54.4,A
267.8,236.7,Guarea,86.3,A
105.0,29.13,Hirtella,20.0,A
318.69,308.8,Alseis,328.5,A
218.95,313.63,Faramea,12.6,A
131.27,358.92,Calophyllum,48.0,A
256.8,228.24,Garcinia,19.8,A
75.34,346.4,Rinorea,56.5,A
46.62,167.47,Alseis,15.0,A
383.75,41.84,Drypetes,11.5,A
215.34,41.39,Alseis,15.7,A
66.75,239.87,Drypetes,33.4,A
245.03,258.46,Dipteryx,155.2,A
229.49,291.46,Garcinia,15.7,A
416.86,132.83,Aglaia,92.8,A
4.27,300.4,Cordia,14.8,A
371.24,248.94,Cordia,95.5,A
397.69,48.65,Inga,16.0,A
327.83,384.5,Cordia,10.1,A
170.84,276.56,Faramea,22.6,A
435.35,88.21,Ocotea,169.7,A
124.88,167.75,Aglaia,57.3,A
160.46,116.7,Dipteryx,,D
581.16,23.15,Faramea,,M
144.5,253.95,Alseis,304.4,A
383.96,378.48,Trichilia,34.8,A
243.64,168.79,Alseis,180.9,A
107.59,78.53,Dipteryx,29.1,A
115.21,171.78,Quararibea,13.0,A
286.48,28.31,Aglaia,48.8,A
186.4,141.38,Aglaia,148.1,A
119.74,340.89,Knema,20.8,A
213.12,307.68,Cordia,49.1,A
185.36,15.42,Calophyllum,,D
569.9,157.53,Faramea,13.3,A
412.94,80.23,Beilschmiedia,266.6,A
240.47,83.91,Eugenia,35.6,A
155.85,115.12,Calophyllum,151.3,A
578.59,79.28,Aglaia,55.6,A
165.59,374.92,Alseis,31.7,A
172.98,224.02,Aglaia,11.6,A
117.48,35.43,Eugenia,29.3,A
228.69,321.65,Beilschmiedia,12.0,A
28.87,204.94,Aglaia,74.9,A
95.67,35.05,Rinorea,42.8,A
102.19,227.15,Dipteryx,159.6,A
424.61,148.58,Calophyllum,208.6,A
300.4,149.03,Ficus,438.2,A
223.01,355.09,Calophyllum,46.0,A
38.98,302.07,Aglaia,,D
303.25,259.46,Calophyllum,25.2,A
82.44,357.87,Beilschmiedia,14.8,A
469.74,25.26,Licania,96.5,A
549.14,24.83,Licania,28.4,A
318.21,307.36,Alseis,13.3,A
172.25,325.84,Drypetes,224.2,A
84.16,330.47,Quararibea,13.8,A
310.56,393.84,Cupania,174.3,A
73.65,123.4,Palaquium,12.1,A
193.45,94.03,Cordia,10.7,A
184.39,320.32,Drypetes,10.9,A
240.2,167.57,Dipteryx,109.2,A
207.19,329.72,Aglaia,53.3,A
464.91,186.28,Dipteryx,379.3,A
575.86,87.07,Beilschmiedia,14.5,A
185.27,351.82,Cordia,21.2,A
416.73,116.04,Aglaia,16.6,A
320.45,195.63,Hirtella,18.6,A
332.55,24.47,Calophyllum,14.7,A
379.47,54.37,Aglaia,18.7,A
350.3,52.93,Calophyllum,17.3,A
508.3,133.84,Beilschmiedia,16.4,A
329.66,362.63,Hirtella,18.7,A
312.4,136.94,Cordia,41.6,A
286.93,2.49,Beilschmiedia,43.6,A
83.34,314.08,Calophyllum,34.3,A
212.34,258.48,Beilschmiedia,21.5,A
381.55,30.85,Calophyllum,,D
191.79,230.72,Garcinia,31.7,A
99.37,51.87,Cordia,43.9,A
389.19,109.43,Alseis,56.7,A
110.79,50.32,Dipteryx,23.5,A
339.96,383.1,Tetragastris,,D
242.4,277.76,Beilschmiedia,,D
100.77,335.64,Aglaia,52.6,A
89.43,325.54,Calophyllum,43.0,A
513.74,188.28,Cordia,10.2,A
165.43,170.2,Macaranga,23.0,A
208.07,358.38,Cordia,188.8,A
285.33,317.86,Cordia,69.7,A
135.6,36.1,Shorea,,D
594.76,54.24,Alseis,27.0,A
33.79,211.23,Garcinia,17.7,A
44.61,349.68,Cordia,164.1,A
303.97,199.73,Inga,11.6,A
31.57,311.19,Faramea,458.5,A
262.44,388.56,Dipteryx,47.8,A
114.15,30.23,Cordia,17.9,A
427.4,70.85,Eugenia,29.9,A
357.32,65.65,Macaranga,14.0,A
266.79,226.75,Knema,16.4,A
357.81,330.62,Ocotea,,D
590.48,91.29,Licania,10.8,A
306.91,37.65,Aglaia,19.5,A
21.05,124.57,Alseis,,D
8.33,102.73,Dipteryx,11.0,A
174.09,203.63,Alseis,166.3,A
124.89,134.42,Beilschmiedia,47.2,A
260.61,231.47,Macaranga,38.8,A
384.2,87.85,Ocotea,210.8,A
395.92,106.83,Alseis,33.2,A
150.82,265.6,Drypetes,13.0,A
356.93,309.89,Aglaia,19.6,A
260.27,316.04,Nectandra,10.1,A
152.55,181.07,Faramea,11.8,A
48.27,200.51,Aglaia,32.1,A
470.52,102.05,Dipteryx,16.1,A
207.31,186.59,Ocotea,29.7,A
163.4,351.62,Rinorea,165.5,A
182.39,121.51,Calophyllum,,D
56.41,54.23,Erythroxylum,54.2,A
331.63,190.71,Nectandra,54.3,A
450.16,196.88,Cordia,37.2,A
393.65,327.93,Alseis,,D
335.64,225.41,Inga,23.5,A
366.95,81.92,Alseis,603.7,A
346.75,218.95,Cordia,35.0,A
388.92,369.27,Alseis,120.0,A
143.0,154.31,Macaranga,16.5,A
51.5,280.56,Faramea,58.7,A
165.75,323.93,Beilschmiedia,32.2,A
87.17,149.2,Protium,14.9,A
377.88,63.79,Garcinia,22.2,A
194.04,279.96,Dipteryx,193.8,A
226.86,354.32,Protium,25.4,A
230.76,150.34,Calophyllum,23.6,A
489.97,76.83,Beilschmiedia,36.6,A
51.3,105.89,Xylopia,16.1,A
345.36,171.67,Cordia,12.3,A
564.85,60.2,Aglaia,49.0,A
344.27,398.76,Beilschmiedia,49.2,A
477.84,41.98,Dipteryx,12.0,A
309.68,89.97,Ficus,52.8,A
201.9,226.34,Dipteryx,13.8,A
570.49,127.95,Faramea,28.8,A
159.35,10.33,Alseis,58.2,A
34.38,265.24,Eugenia,18.1,A
194.53,326.71,Trichilia,,D
296.59,224.59,Guarea,321.7,A
34.97,330.5,Drypetes,26.1,A
166.58,238.54,Faramea,16.7,A
233.99,48.04,Sloanea,23.3,A
304.85,275.0,Macaranga,15.4,A
42.76,226.7,Eugenia,59.2,A
428.0,151.4,Beilschmiedia,71.2,A
173.56,312.63,Eugenia,14.6,A
156.68,373.62,Alseis,97.8,A
419.28,131.91,Beilschmiedia,84.3,A
416.18,71.62,Cordia,16.7,A
301.5,241.12,Cordia,124.4,A
373.24,305.91,Hirtella,66.3,A
63.49,127.55,Drypetes,16.6,A
191.43,200.91,Quararibea,21.7,A
153.89,159.72,Alseis,,D
147.34,251.1,Guarea,109.3,A
192.08,282.82,Jacaranda,14.5,A
246.73,174.76,Knema,,D
58.68,268.33,Dipteryx,42.5,A
62.02,255.42,Cordia,13.2,A
167.64,342.08,Knema,15.4,A
381.8,166.41,Calophyllum,107.5,A
251.28,313.57,Nectandra,,D
72.16,275.51,Guarea,22.6,A
245.47,111.8,Licania,10.5,A
379.29,204.31,Jacaranda,94.4,A
180.87,165.81,Dipteryx,,D
110.97,79.31,Swartzia,12.2,A
161.19,254.46,Rinorea,27.4,A
323.13,207.4,Garcinia,,D
210.38,265.98,Faramea,45.5,A
215.59,312.33,Aglaia,35.7,A
406.84,75.51,Beilschmiedia,28.5,A
588.91,34.09,Faramea,157.4,A
277.79,30.16,Jacaranda,25.4,A
138.33,211.64,Guarea,10.7,A
45.28,32.56,Licania,431.4,A
315.73,205.34,Calophyllum,115.8,A
461.46,107.03,Cordia,131.9,A
106.96,326.84,Aglaia,20.2,A
71.85,127.66,Alseis,29.3,A
170.58,324.26,Beilschmiedia,41.1,A
553.94,78.51,Beilschmiedia,174.5,A
140.06,220.2,Cordia,,D
135.51,354.63,Cordia,89.3,A
217.87,135.25,Alseis,65.7,A
111.61,336.62,Dipteryx,295.4,A
281.03,192.56,Knema,24.0,A
160.11,142.99,Palaquium,37.5,A
329.01,354.09,Dipteryx,48.4,A
100.17,254.1,Garcinia,97.0,A
184.98,301.52,Calophyllum,70.1,A
66.3,320.58,Dipteryx,,D
263.86,280.46,Aglaia,,D
210.12,70.05,Calophyllum,10.2,A
349.55,44.63,Aglaia,24.3,A
123.26,260.46,Garcinia,154.8,A
200.79,13.86,Alseis,253.6,A
275.02,349.14,Aglaia,57.8,A
379.16,119.68,Dipteryx,113.0,A
350.97,267.83,Alseis,32.8,A
358.46,393.64,Palaquium,25.2,A
310.05,67.56,Macaranga,32.1,A
228.3,310.56,Aglaia,13.7,A
319.91,91.8,Hura,43.8,A
73.61,201.34,Dipteryx,84.2,A
190.21,243.0,Faramea,11.4,A
88.98,96.01,Inga,11.3,A
397.18,56.65,Dipteryx,129.5,A
387.23,210.01,Alseis,108.4,A
69.15,274.93,Knema,59.6,A
177.65,11.55,Jacaranda,12.2,A
261.45,163.06,Rinorea,137.3,A
419.14,165.5,Palaquium,,D
203.29,350.5,Trichilia,,D
162.3,308.17,Dipteryx,411.0,A
207.63,58.59,Faramea,30.1,A
144.63,104.04,Inga,14.5,A
320.57,117.21,Jacaranda,13.1,A
369.7,217.47,Ocotea,52.1,A
37.52,85.22,Drypetes,23.3,A
216.51,382.24,Dipteryx,55.1,A
104.43,106.57,Jacaranda,,D
139.38,375.22,Alseis,,D
421.77,58.14,Alseis,24.3,A
246.62,269.89,Garcinia,34.2,A
363.14,96.37,Garcinia,55.9,A
0.22,389.71,Eugenia,131.8,A
205.0,32.64,Faramea,152.4,A
473.51,164.12,Beilschmiedia,50.6,A
456.68,13.6,Beilschmiedia,96.4,A
331.7,208.61,Garcinia,,D
72.24,269.58,Guarea,13.8,A
418.42,28.67,Beilschmiedia,18.4,A
560.14,110.13,Aglaia,31.9,A
397.69,217.64,Eugenia,38.7,A
344.11,129.95,Protium,353.2,A
197.86,294.72,Faramea,46.2,A
523.76,61.61,Ocotea,38.5,A
229.92,274.44,Beilschmiedia,39.1,A
396.82,369.65,Dipteryx,249.4,A
166.32,380.8,Calophyllum,38.5,A
562.65,151.47,Faramea,458.9,A
418.86,140.54,Faramea,20.1,A
355.67,188.0,Trichilia,33.4,A
248.32,333.0,Aglaia,43.9,A
224.87,219.97,Calophyllum,11.8,A
163.56,219.79,Dipteryx,55.9,A
113.29,12.53,Guarea,10.1,A
86.43,188.71,Calophyllum,652.4,A
575.13,167.5,Shorea,30.9,A
424.37,113.56,Aglaia,49.0,A
338.29,68.57,Aglaia,150.6,A
61.75,342.3,Rinorea,11.4,A
370.54,70.52,Alseis,13.9,A
70.79,399.52,Swartzia,17.1,A
514.06,53.23,Faramea,10.4,A
208.14,211.47,Cordia,41.7,A
126.64,14.28,Alseis,61.8,A
507.45,21.08,Calophyllum,10.5,A
100.55,165.7,Alseis,12.1,A
359.67,233.77,Beilschmiedia,20.3,A
299.48,20.06,Aglaia,49.0,A
